{
  "subject_1": {
    "mean": 2.04,
    "std": 0.82365041127896,
    "adjusted_std_used": 0.82365041127896,
    "n": 25
  },
  "subject_2": {
    "mean": 3.0,
    "std": 1.2649110640673518,
    "adjusted_std_used": 1.2649110640673518,
    "n": 25
  },
  "subject_3": {
    "mean": 2.12,
    "std": 0.8634813257969162,
    "adjusted_std_used": 0.8634813257969162,
    "n": 25
  },
  "subject_4": {
    "mean": 4.16,
    "std": 0.6740919818541088,
    "adjusted_std_used": 0.6740919818541088,
    "n": 25
  },
  "subject_5": {
    "mean": 4.44,
    "std": 0.6374950980203691,
    "adjusted_std_used": 0.6374950980203691,
    "n": 25
  }
}