{
  "subject_1": {
    "mean": 1.4333333333333333,
    "std": 0.8439325934114774,
    "adjusted_std_used": 0.8439325934114774,
    "n": 30
  },
  "subject_2": {
    "mean": 3.7333333333333334,
    "std": 1.4590712418826193,
    "adjusted_std_used": 1.4590712418826193,
    "n": 30
  },
  "subject_3": {
    "mean": 2.7333333333333334,
    "std": 1.2631530214330944,
    "adjusted_std_used": 1.2631530214330944,
    "n": 30
  },
  "subject_4": {
    "mean": 5.0,
    "std": 0.0,
    "adjusted_std_used": 1.635564103847316,
    "n": 30
  },
  "subject_5": {
    "mean": 4.4,
    "std": 0.9865765724632495,
    "adjusted_std_used": 0.9865765724632495,
    "n": 30
  }
}