{
  "subject_1": {
    "mean": 2.591549295774648,
    "std": 0.49154727793282094,
    "adjusted_std_used": 0.49154727793282094,
    "n": 71
  },
  "subject_2": {
    "mean": 3.2253521126760565,
    "std": 0.4805273833586472,
    "adjusted_std_used": 0.4805273833586472,
    "n": 71
  },
  "subject_3": {
    "mean": 2.9014084507042255,
    "std": 0.4489402098734994,
    "adjusted_std_used": 0.4489402098734994,
    "n": 71
  },
  "subject_4": {
    "mean": 3.9295774647887325,
    "std": 0.255857776402605,
    "adjusted_std_used": 0.255857776402605,
    "n": 71
  },
  "subject_5": {
    "mean": 3.5833333333333335,
    "std": 0.4930066485916347,
    "adjusted_std_used": 0.4930066485916347,
    "n": 72
  }
}