0,1,2,3,4,5,y,subject
-0.937410017830106,-1.0,2.0,1.0,0.0,2.0,1,subject_1
-0.937410017830106,-1.0,2.0,1.0,0.0,1.0,1,subject_1
-0.937410017830106,-1.0,2.0,1.0,0.0,0.0,1,subject_1
-0.937410017830106,-1.0,2.0,1.0,1.0,2.0,3,subject_1
-0.937410017830106,-1.0,2.0,1.0,1.0,1.0,1,subject_1
-0.937410017830106,-1.0,2.0,1.0,1.0,0.0,1,subject_1
-0.937410017830106,-1.0,2.0,2.0,0.0,2.0,1,subject_1
-0.937410017830106,-1.0,2.0,2.0,0.0,1.0,1,subject_1
-0.937410017830106,-1.0,2.0,2.0,0.0,0.0,1,subject_1
-0.937410017830106,-1.0,2.0,2.0,1.0,2.0,1,subject_1
-0.937410017830106,-1.0,2.0,2.0,1.0,1.0,1,subject_1
-0.937410017830106,-1.0,2.0,2.0,1.0,0.0,1,subject_1
-0.937410017830106,-1.0,2.0,0.0,0.0,2.0,3,subject_1
-0.937410017830106,-1.0,2.0,0.0,0.0,1.0,1,subject_1
-0.937410017830106,-1.0,2.0,0.0,0.0,0.0,1,subject_1
-0.937410017830106,-1.0,2.0,0.0,1.0,2.0,6,subject_1
-0.937410017830106,-1.0,2.0,0.0,1.0,1.0,3,subject_1
-0.937410017830106,-1.0,2.0,0.0,1.0,0.0,1,subject_1
-0.937410017830106,-1.0,1.0,1.0,0.0,2.0,3,subject_1
-0.937410017830106,-1.0,1.0,1.0,0.0,1.0,1,subject_1
-0.937410017830106,-1.0,1.0,1.0,0.0,0.0,1,subject_1
-0.937410017830106,-1.0,1.0,1.0,1.0,2.0,6,subject_1
-0.937410017830106,-1.0,1.0,1.0,1.0,1.0,3,subject_1
-0.937410017830106,-1.0,1.0,1.0,1.0,0.0,1,subject_1
-0.937410017830106,-1.0,1.0,2.0,0.0,2.0,1,subject_1
-0.937410017830106,-1.0,1.0,2.0,0.0,1.0,1,subject_1
-0.937410017830106,-1.0,1.0,2.0,0.0,0.0,1,subject_1
-0.937410017830106,-1.0,1.0,2.0,1.0,2.0,3,subject_1
-0.937410017830106,-1.0,1.0,2.0,1.0,1.0,1,subject_1
-0.937410017830106,-1.0,1.0,2.0,1.0,0.0,1,subject_1
-0.937410017830106,-1.0,1.0,0.0,0.0,2.0,6,subject_1
-0.937410017830106,-1.0,1.0,0.0,0.0,1.0,4,subject_1
-0.937410017830106,-1.0,1.0,0.0,0.0,0.0,1,subject_1
-0.937410017830106,-1.0,1.0,0.0,1.0,2.0,6,subject_1
-0.937410017830106,-1.0,1.0,0.0,1.0,1.0,6,subject_1
-0.937410017830106,-1.0,1.0,0.0,1.0,0.0,4,subject_1
-0.937410017830106,-1.0,0.0,1.0,0.0,2.0,6,subject_1
-0.937410017830106,-1.0,0.0,1.0,0.0,1.0,3,subject_1
-0.937410017830106,-1.0,0.0,1.0,0.0,0.0,1,subject_1
-0.937410017830106,-1.0,0.0,1.0,1.0,2.0,6,subject_1
-0.937410017830106,-1.0,0.0,1.0,1.0,1.0,6,subject_1
-0.937410017830106,-1.0,0.0,1.0,1.0,0.0,4,subject_1
-0.937410017830106,-1.0,0.0,2.0,0.0,2.0,3,subject_1
-0.937410017830106,-1.0,0.0,2.0,0.0,1.0,1,subject_1
-0.937410017830106,-1.0,0.0,2.0,0.0,0.0,1,subject_1
-0.937410017830106,-1.0,0.0,2.0,1.0,2.0,6,subject_1
-0.937410017830106,-1.0,0.0,2.0,1.0,1.0,3,subject_1
-0.937410017830106,-1.0,0.0,2.0,1.0,0.0,1,subject_1
-0.937410017830106,-1.0,0.0,0.0,0.0,2.0,6,subject_1
-0.937410017830106,-1.0,0.0,0.0,0.0,1.0,6,subject_1
-0.937410017830106,-1.0,0.0,0.0,0.0,0.0,4,subject_1
-0.937410017830106,-1.0,0.0,0.0,1.0,2.0,6,subject_1
-0.937410017830106,-1.0,0.0,0.0,1.0,1.0,6,subject_1
-0.937410017830106,-1.0,0.0,0.0,1.0,0.0,6,subject_1
-0.937410017830106,1.0,2.0,1.0,0.0,2.0,1,subject_1
-0.937410017830106,1.0,2.0,1.0,0.0,1.0,1,subject_1
-0.937410017830106,1.0,2.0,1.0,0.0,0.0,1,subject_1
-0.937410017830106,1.0,2.0,1.0,1.0,2.0,2,subject_1
-0.937410017830106,1.0,2.0,1.0,1.0,1.0,1,subject_1
-0.937410017830106,1.0,2.0,1.0,1.0,0.0,1,subject_1
-0.937410017830106,1.0,2.0,2.0,0.0,2.0,1,subject_1
-0.937410017830106,1.0,2.0,2.0,0.0,1.0,1,subject_1
-0.937410017830106,1.0,2.0,2.0,0.0,0.0,1,subject_1
-0.937410017830106,1.0,2.0,2.0,1.0,2.0,1,subject_1
-0.937410017830106,1.0,2.0,2.0,1.0,1.0,1,subject_1
-0.937410017830106,1.0,2.0,2.0,1.0,0.0,1,subject_1
-0.937410017830106,1.0,2.0,0.0,0.0,2.0,3,subject_1
-0.937410017830106,1.0,2.0,0.0,0.0,1.0,1,subject_1
-0.937410017830106,1.0,2.0,0.0,0.0,0.0,1,subject_1
-0.937410017830106,1.0,2.0,0.0,1.0,2.0,5,subject_1
-0.937410017830106,1.0,2.0,0.0,1.0,1.0,3,subject_1
-0.937410017830106,1.0,2.0,0.0,1.0,0.0,1,subject_1
-0.937410017830106,1.0,1.0,1.0,0.0,2.0,2,subject_1
-0.937410017830106,1.0,1.0,1.0,0.0,1.0,1,subject_1
-0.937410017830106,1.0,1.0,1.0,0.0,0.0,1,subject_1
-0.937410017830106,1.0,1.0,1.0,1.0,2.0,5,subject_1
-0.937410017830106,1.0,1.0,1.0,1.0,1.0,3,subject_1
-0.937410017830106,1.0,1.0,1.0,1.0,0.0,1,subject_1
-0.937410017830106,1.0,1.0,2.0,0.0,2.0,1,subject_1
-0.937410017830106,1.0,1.0,2.0,0.0,1.0,1,subject_1
-0.937410017830106,1.0,1.0,2.0,0.0,0.0,1,subject_1
-0.937410017830106,1.0,1.0,2.0,1.0,2.0,2,subject_1
-0.937410017830106,1.0,1.0,2.0,1.0,1.0,1,subject_1
-0.937410017830106,1.0,1.0,2.0,1.0,0.0,1,subject_1
-0.937410017830106,1.0,1.0,0.0,0.0,2.0,6,subject_1
-0.937410017830106,1.0,1.0,0.0,0.0,1.0,3,subject_1
-0.937410017830106,1.0,1.0,0.0,0.0,0.0,1,subject_1
-0.937410017830106,1.0,1.0,0.0,1.0,2.0,6,subject_1
-0.937410017830106,1.0,1.0,0.0,1.0,1.0,6,subject_1
-0.937410017830106,1.0,1.0,0.0,1.0,0.0,3,subject_1
-0.937410017830106,1.0,0.0,1.0,0.0,2.0,5,subject_1
-0.937410017830106,1.0,0.0,1.0,0.0,1.0,3,subject_1
-0.937410017830106,1.0,0.0,1.0,0.0,0.0,1,subject_1
-0.937410017830106,1.0,0.0,1.0,1.0,2.0,6,subject_1
-0.937410017830106,1.0,0.0,1.0,1.0,1.0,6,subject_1
-0.937410017830106,1.0,0.0,1.0,1.0,0.0,3,subject_1
-0.937410017830106,1.0,0.0,2.0,0.0,2.0,2,subject_1
-0.937410017830106,1.0,0.0,2.0,0.0,1.0,1,subject_1
-0.937410017830106,1.0,0.0,2.0,0.0,0.0,1,subject_1
-0.937410017830106,1.0,0.0,2.0,1.0,2.0,5,subject_1
-0.937410017830106,1.0,0.0,2.0,1.0,1.0,2,subject_1
-0.937410017830106,1.0,0.0,2.0,1.0,0.0,1,subject_1
-0.937410017830106,1.0,0.0,0.0,0.0,2.0,6,subject_1
-0.937410017830106,1.0,0.0,0.0,0.0,1.0,6,subject_1
-0.937410017830106,1.0,0.0,0.0,0.0,0.0,4,subject_1
-0.937410017830106,1.0,0.0,0.0,1.0,2.0,6,subject_1
-0.937410017830106,1.0,0.0,0.0,1.0,1.0,6,subject_1
-0.937410017830106,1.0,0.0,0.0,1.0,0.0,6,subject_1
-0.4483265302665725,-1.0,2.0,1.0,0.0,2.0,1,subject_1
-0.4483265302665725,-1.0,2.0,1.0,0.0,1.0,1,subject_1
-0.4483265302665725,-1.0,2.0,1.0,0.0,0.0,1,subject_1
-0.4483265302665725,-1.0,2.0,1.0,1.0,2.0,2,subject_1
-0.4483265302665725,-1.0,2.0,1.0,1.0,1.0,1,subject_1
-0.4483265302665725,-1.0,2.0,1.0,1.0,0.0,1,subject_1
-0.4483265302665725,-1.0,2.0,2.0,0.0,2.0,1,subject_1
-0.4483265302665725,-1.0,2.0,2.0,0.0,1.0,1,subject_1
-0.4483265302665725,-1.0,2.0,2.0,0.0,0.0,1,subject_1
-0.4483265302665725,-1.0,2.0,2.0,1.0,2.0,1,subject_1
-0.4483265302665725,-1.0,2.0,2.0,1.0,1.0,1,subject_1
-0.4483265302665725,-1.0,2.0,2.0,1.0,0.0,1,subject_1
-0.4483265302665725,-1.0,2.0,0.0,0.0,2.0,3,subject_1
-0.4483265302665725,-1.0,2.0,0.0,0.0,1.0,1,subject_1
-0.4483265302665725,-1.0,2.0,0.0,0.0,0.0,1,subject_1
-0.4483265302665725,-1.0,2.0,0.0,1.0,2.0,5,subject_1
-0.4483265302665725,-1.0,2.0,0.0,1.0,1.0,3,subject_1
-0.4483265302665725,-1.0,2.0,0.0,1.0,0.0,1,subject_1
-0.4483265302665725,-1.0,1.0,1.0,0.0,2.0,2,subject_1
-0.4483265302665725,-1.0,1.0,1.0,0.0,1.0,1,subject_1
-0.4483265302665725,-1.0,1.0,1.0,0.0,0.0,1,subject_1
-0.4483265302665725,-1.0,1.0,1.0,1.0,2.0,5,subject_1
-0.4483265302665725,-1.0,1.0,1.0,1.0,1.0,2,subject_1
-0.4483265302665725,-1.0,1.0,1.0,1.0,0.0,1,subject_1
-0.4483265302665725,-1.0,1.0,2.0,0.0,2.0,1,subject_1
-0.4483265302665725,-1.0,1.0,2.0,0.0,1.0,1,subject_1
-0.4483265302665725,-1.0,1.0,2.0,0.0,0.0,1,subject_1
-0.4483265302665725,-1.0,1.0,2.0,1.0,2.0,2,subject_1
-0.4483265302665725,-1.0,1.0,2.0,1.0,1.0,1,subject_1
-0.4483265302665725,-1.0,1.0,2.0,1.0,0.0,1,subject_1
-0.4483265302665725,-1.0,1.0,0.0,0.0,2.0,6,subject_1
-0.4483265302665725,-1.0,1.0,0.0,0.0,1.0,3,subject_1
-0.4483265302665725,-1.0,1.0,0.0,0.0,0.0,1,subject_1
-0.4483265302665725,-1.0,1.0,0.0,1.0,2.0,6,subject_1
-0.4483265302665725,-1.0,1.0,0.0,1.0,1.0,6,subject_1
-0.4483265302665725,-1.0,1.0,0.0,1.0,0.0,3,subject_1
-0.4483265302665725,-1.0,0.0,1.0,0.0,2.0,5,subject_1
-0.4483265302665725,-1.0,0.0,1.0,0.0,1.0,3,subject_1
-0.4483265302665725,-1.0,0.0,1.0,0.0,0.0,1,subject_1
-0.4483265302665725,-1.0,0.0,1.0,1.0,2.0,6,subject_1
-0.4483265302665725,-1.0,0.0,1.0,1.0,1.0,6,subject_1
-0.4483265302665725,-1.0,0.0,1.0,1.0,0.0,3,subject_1
-0.4483265302665725,-1.0,0.0,2.0,0.0,2.0,2,subject_1
-0.4483265302665725,-1.0,0.0,2.0,0.0,1.0,1,subject_1
-0.4483265302665725,-1.0,0.0,2.0,0.0,0.0,1,subject_1
-0.4483265302665725,-1.0,0.0,2.0,1.0,2.0,5,subject_1
-0.4483265302665725,-1.0,0.0,2.0,1.0,1.0,2,subject_1
-0.4483265302665725,-1.0,0.0,2.0,1.0,0.0,1,subject_1
-0.4483265302665725,-1.0,0.0,0.0,0.0,2.0,6,subject_1
-0.4483265302665725,-1.0,0.0,0.0,0.0,1.0,6,subject_1
-0.4483265302665725,-1.0,0.0,0.0,0.0,0.0,3,subject_1
-0.4483265302665725,-1.0,0.0,0.0,1.0,2.0,6,subject_1
-0.4483265302665725,-1.0,0.0,0.0,1.0,1.0,6,subject_1
-0.4483265302665725,-1.0,0.0,0.0,1.0,0.0,6,subject_1
-0.4483265302665725,1.0,2.0,1.0,0.0,2.0,1,subject_1
-0.4483265302665725,1.0,2.0,1.0,0.0,1.0,1,subject_1
-0.4483265302665725,1.0,2.0,1.0,0.0,0.0,1,subject_1
-0.4483265302665725,1.0,2.0,1.0,1.0,2.0,2,subject_1
-0.4483265302665725,1.0,2.0,1.0,1.0,1.0,1,subject_1
-0.4483265302665725,1.0,2.0,1.0,1.0,0.0,1,subject_1
-0.4483265302665725,1.0,2.0,2.0,0.0,2.0,1,subject_1
-0.4483265302665725,1.0,2.0,2.0,0.0,1.0,1,subject_1
-0.4483265302665725,1.0,2.0,2.0,0.0,0.0,1,subject_1
-0.4483265302665725,1.0,2.0,2.0,1.0,2.0,1,subject_1
-0.4483265302665725,1.0,2.0,2.0,1.0,1.0,1,subject_1
-0.4483265302665725,1.0,2.0,2.0,1.0,0.0,1,subject_1
-0.4483265302665725,1.0,2.0,0.0,0.0,2.0,3,subject_1
-0.4483265302665725,1.0,2.0,0.0,0.0,1.0,1,subject_1
-0.4483265302665725,1.0,2.0,0.0,0.0,0.0,1,subject_1
-0.4483265302665725,1.0,2.0,0.0,1.0,2.0,6,subject_1
-0.4483265302665725,1.0,2.0,0.0,1.0,1.0,3,subject_1
-0.4483265302665725,1.0,2.0,0.0,1.0,0.0,1,subject_1
-0.4483265302665725,1.0,1.0,1.0,0.0,2.0,3,subject_1
-0.4483265302665725,1.0,1.0,1.0,0.0,1.0,1,subject_1
-0.4483265302665725,1.0,1.0,1.0,0.0,0.0,1,subject_1
-0.4483265302665725,1.0,1.0,1.0,1.0,2.0,5,subject_1
-0.4483265302665725,1.0,1.0,1.0,1.0,1.0,3,subject_1
-0.4483265302665725,1.0,1.0,1.0,1.0,0.0,1,subject_1
-0.4483265302665725,1.0,1.0,2.0,0.0,2.0,1,subject_1
-0.4483265302665725,1.0,1.0,2.0,0.0,1.0,1,subject_1
-0.4483265302665725,1.0,1.0,2.0,0.0,0.0,1,subject_1
-0.4483265302665725,1.0,1.0,2.0,1.0,2.0,2,subject_1
-0.4483265302665725,1.0,1.0,2.0,1.0,1.0,1,subject_1
-0.4483265302665725,1.0,1.0,2.0,1.0,0.0,1,subject_1
-0.4483265302665725,1.0,1.0,0.0,0.0,2.0,6,subject_1
-0.4483265302665725,1.0,1.0,0.0,0.0,1.0,3,subject_1
-0.4483265302665725,1.0,1.0,0.0,0.0,0.0,1,subject_1
-0.4483265302665725,1.0,1.0,0.0,1.0,2.0,6,subject_1
-0.4483265302665725,1.0,1.0,0.0,1.0,1.0,6,subject_1
-0.4483265302665725,1.0,1.0,0.0,1.0,0.0,3,subject_1
-0.4483265302665725,1.0,0.0,1.0,0.0,2.0,6,subject_1
-0.4483265302665725,1.0,0.0,1.0,0.0,1.0,3,subject_1
-0.4483265302665725,1.0,0.0,1.0,0.0,0.0,1,subject_1
-0.4483265302665725,1.0,0.0,1.0,1.0,2.0,6,subject_1
-0.4483265302665725,1.0,0.0,1.0,1.0,1.0,6,subject_1
-0.4483265302665725,1.0,0.0,1.0,1.0,0.0,3,subject_1
-0.4483265302665725,1.0,0.0,2.0,0.0,2.0,3,subject_1
-0.4483265302665725,1.0,0.0,2.0,0.0,1.0,1,subject_1
-0.4483265302665725,1.0,0.0,2.0,0.0,0.0,1,subject_1
-0.4483265302665725,1.0,0.0,2.0,1.0,2.0,5,subject_1
-0.4483265302665725,1.0,0.0,2.0,1.0,1.0,3,subject_1
-0.4483265302665725,1.0,0.0,2.0,1.0,0.0,1,subject_1
-0.4483265302665725,1.0,0.0,0.0,0.0,2.0,6,subject_1
-0.4483265302665725,1.0,0.0,0.0,0.0,1.0,6,subject_1
-0.4483265302665725,1.0,0.0,0.0,0.0,0.0,4,subject_1
-0.4483265302665725,1.0,0.0,0.0,1.0,2.0,6,subject_1
-0.4483265302665725,1.0,0.0,0.0,1.0,1.0,6,subject_1
-0.4483265302665725,1.0,0.0,0.0,1.0,0.0,6,subject_1
1.3857365480966777,-1.0,2.0,1.0,0.0,2.0,1,subject_1
1.3857365480966777,-1.0,2.0,1.0,0.0,1.0,1,subject_1
1.3857365480966777,-1.0,2.0,1.0,0.0,0.0,1,subject_1
1.3857365480966777,-1.0,2.0,1.0,1.0,2.0,1,subject_1
1.3857365480966777,-1.0,2.0,1.0,1.0,1.0,1,subject_1
1.3857365480966777,-1.0,2.0,1.0,1.0,0.0,1,subject_1
1.3857365480966777,-1.0,2.0,2.0,0.0,2.0,1,subject_1
1.3857365480966777,-1.0,2.0,2.0,0.0,1.0,1,subject_1
1.3857365480966777,-1.0,2.0,2.0,0.0,0.0,1,subject_1
1.3857365480966777,-1.0,2.0,2.0,1.0,2.0,1,subject_1
1.3857365480966777,-1.0,2.0,2.0,1.0,1.0,1,subject_1
1.3857365480966777,-1.0,2.0,2.0,1.0,0.0,1,subject_1
1.3857365480966777,-1.0,2.0,0.0,0.0,2.0,1,subject_1
1.3857365480966777,-1.0,2.0,0.0,0.0,1.0,1,subject_1
1.3857365480966777,-1.0,2.0,0.0,0.0,0.0,1,subject_1
1.3857365480966777,-1.0,2.0,0.0,1.0,2.0,3,subject_1
1.3857365480966777,-1.0,2.0,0.0,1.0,1.0,1,subject_1
1.3857365480966777,-1.0,2.0,0.0,1.0,0.0,1,subject_1
1.3857365480966777,-1.0,1.0,1.0,0.0,2.0,1,subject_1
1.3857365480966777,-1.0,1.0,1.0,0.0,1.0,1,subject_1
1.3857365480966777,-1.0,1.0,1.0,0.0,0.0,1,subject_1
1.3857365480966777,-1.0,1.0,1.0,1.0,2.0,3,subject_1
1.3857365480966777,-1.0,1.0,1.0,1.0,1.0,1,subject_1
1.3857365480966777,-1.0,1.0,1.0,1.0,0.0,1,subject_1
1.3857365480966777,-1.0,1.0,2.0,0.0,2.0,1,subject_1
1.3857365480966777,-1.0,1.0,2.0,0.0,1.0,1,subject_1
1.3857365480966777,-1.0,1.0,2.0,0.0,0.0,1,subject_1
1.3857365480966777,-1.0,1.0,2.0,1.0,2.0,1,subject_1
1.3857365480966777,-1.0,1.0,2.0,1.0,1.0,1,subject_1
1.3857365480966777,-1.0,1.0,2.0,1.0,0.0,1,subject_1
1.3857365480966777,-1.0,1.0,0.0,0.0,2.0,4,subject_1
1.3857365480966777,-1.0,1.0,0.0,0.0,1.0,1,subject_1
1.3857365480966777,-1.0,1.0,0.0,0.0,0.0,1,subject_1
1.3857365480966777,-1.0,1.0,0.0,1.0,2.0,6,subject_1
1.3857365480966777,-1.0,1.0,0.0,1.0,1.0,4,subject_1
1.3857365480966777,-1.0,1.0,0.0,1.0,0.0,1,subject_1
1.3857365480966777,-1.0,0.0,1.0,0.0,2.0,3,subject_1
1.3857365480966777,-1.0,0.0,1.0,0.0,1.0,1,subject_1
1.3857365480966777,-1.0,0.0,1.0,0.0,0.0,1,subject_1
1.3857365480966777,-1.0,0.0,1.0,1.0,2.0,6,subject_1
1.3857365480966777,-1.0,0.0,1.0,1.0,1.0,4,subject_1
1.3857365480966777,-1.0,0.0,1.0,1.0,0.0,1,subject_1
1.3857365480966777,-1.0,0.0,2.0,0.0,2.0,1,subject_1
1.3857365480966777,-1.0,0.0,2.0,0.0,1.0,1,subject_1
1.3857365480966777,-1.0,0.0,2.0,0.0,0.0,1,subject_1
1.3857365480966777,-1.0,0.0,2.0,1.0,2.0,3,subject_1
1.3857365480966777,-1.0,0.0,2.0,1.0,1.0,1,subject_1
1.3857365480966777,-1.0,0.0,2.0,1.0,0.0,1,subject_1
1.3857365480966777,-1.0,0.0,0.0,0.0,2.0,6,subject_1
1.3857365480966777,-1.0,0.0,0.0,0.0,1.0,4,subject_1
1.3857365480966777,-1.0,0.0,0.0,0.0,0.0,1,subject_1
1.3857365480966777,-1.0,0.0,0.0,1.0,2.0,6,subject_1
1.3857365480966777,-1.0,0.0,0.0,1.0,1.0,6,subject_1
1.3857365480966777,-1.0,0.0,0.0,1.0,0.0,4,subject_1
1.3857365480966777,1.0,2.0,1.0,0.0,2.0,1,subject_1
1.3857365480966777,1.0,2.0,1.0,0.0,1.0,1,subject_1
1.3857365480966777,1.0,2.0,1.0,0.0,0.0,1,subject_1
1.3857365480966777,1.0,2.0,1.0,1.0,2.0,4,subject_1
1.3857365480966777,1.0,2.0,1.0,1.0,1.0,1,subject_1
1.3857365480966777,1.0,2.0,1.0,1.0,0.0,1,subject_1
1.3857365480966777,1.0,2.0,2.0,0.0,2.0,1,subject_1
1.3857365480966777,1.0,2.0,2.0,0.0,1.0,1,subject_1
1.3857365480966777,1.0,2.0,2.0,0.0,0.0,1,subject_1
1.3857365480966777,1.0,2.0,2.0,1.0,2.0,1,subject_1
1.3857365480966777,1.0,2.0,2.0,1.0,1.0,1,subject_1
1.3857365480966777,1.0,2.0,2.0,1.0,0.0,1,subject_1
1.3857365480966777,1.0,2.0,0.0,0.0,2.0,4,subject_1
1.3857365480966777,1.0,2.0,0.0,0.0,1.0,2,subject_1
1.3857365480966777,1.0,2.0,0.0,0.0,0.0,1,subject_1
1.3857365480966777,1.0,2.0,0.0,1.0,2.0,6,subject_1
1.3857365480966777,1.0,2.0,0.0,1.0,1.0,4,subject_1
1.3857365480966777,1.0,2.0,0.0,1.0,0.0,2,subject_1
1.3857365480966777,1.0,1.0,1.0,0.0,2.0,4,subject_1
1.3857365480966777,1.0,1.0,1.0,0.0,1.0,1,subject_1
1.3857365480966777,1.0,1.0,1.0,0.0,0.0,1,subject_1
1.3857365480966777,1.0,1.0,1.0,1.0,2.0,6,subject_1
1.3857365480966777,1.0,1.0,1.0,1.0,1.0,4,subject_1
1.3857365480966777,1.0,1.0,1.0,1.0,0.0,2,subject_1
1.3857365480966777,1.0,1.0,2.0,0.0,2.0,1,subject_1
1.3857365480966777,1.0,1.0,2.0,0.0,1.0,1,subject_1
1.3857365480966777,1.0,1.0,2.0,0.0,0.0,1,subject_1
1.3857365480966777,1.0,1.0,2.0,1.0,2.0,4,subject_1
1.3857365480966777,1.0,1.0,2.0,1.0,1.0,1,subject_1
1.3857365480966777,1.0,1.0,2.0,1.0,0.0,1,subject_1
1.3857365480966777,1.0,1.0,0.0,0.0,2.0,6,subject_1
1.3857365480966777,1.0,1.0,0.0,0.0,1.0,5,subject_1
1.3857365480966777,1.0,1.0,0.0,0.0,0.0,2,subject_1
1.3857365480966777,1.0,1.0,0.0,1.0,2.0,6,subject_1
1.3857365480966777,1.0,1.0,0.0,1.0,1.0,6,subject_1
1.3857365480966777,1.0,1.0,0.0,1.0,0.0,5,subject_1
1.3857365480966777,1.0,0.0,1.0,0.0,2.0,6,subject_1
1.3857365480966777,1.0,0.0,1.0,0.0,1.0,4,subject_1
1.3857365480966777,1.0,0.0,1.0,0.0,0.0,2,subject_1
1.3857365480966777,1.0,0.0,1.0,1.0,2.0,6,subject_1
1.3857365480966777,1.0,0.0,1.0,1.0,1.0,6,subject_1
1.3857365480966777,1.0,0.0,1.0,1.0,0.0,5,subject_1
1.3857365480966777,1.0,0.0,2.0,0.0,2.0,4,subject_1
1.3857365480966777,1.0,0.0,2.0,0.0,1.0,1,subject_1
1.3857365480966777,1.0,0.0,2.0,0.0,0.0,1,subject_1
1.3857365480966777,1.0,0.0,2.0,1.0,2.0,6,subject_1
1.3857365480966777,1.0,0.0,2.0,1.0,1.0,4,subject_1
1.3857365480966777,1.0,0.0,2.0,1.0,0.0,1,subject_1
1.3857365480966777,1.0,0.0,0.0,0.0,2.0,6,subject_1
1.3857365480966777,1.0,0.0,0.0,0.0,1.0,6,subject_1
1.3857365480966777,1.0,0.0,0.0,0.0,0.0,5,subject_1
1.3857365480966777,1.0,0.0,0.0,1.0,2.0,6,subject_1
1.3857365480966777,1.0,0.0,0.0,1.0,1.0,6,subject_1
1.3857365480966777,1.0,0.0,0.0,1.0,0.0,6,subject_1
-0.937410017830106,-1.0,2.0,1.0,0.0,2.0,1,subject_2
-0.937410017830106,-1.0,2.0,1.0,0.0,1.0,1,subject_2
-0.937410017830106,-1.0,2.0,1.0,0.0,0.0,1,subject_2
-0.937410017830106,-1.0,2.0,1.0,1.0,2.0,2,subject_2
-0.937410017830106,-1.0,2.0,1.0,1.0,1.0,1,subject_2
-0.937410017830106,-1.0,2.0,1.0,1.0,0.0,1,subject_2
-0.937410017830106,-1.0,2.0,2.0,0.0,2.0,1,subject_2
-0.937410017830106,-1.0,2.0,2.0,0.0,1.0,1,subject_2
-0.937410017830106,-1.0,2.0,2.0,0.0,0.0,1,subject_2
-0.937410017830106,-1.0,2.0,2.0,1.0,2.0,1,subject_2
-0.937410017830106,-1.0,2.0,2.0,1.0,1.0,1,subject_2
-0.937410017830106,-1.0,2.0,2.0,1.0,0.0,1,subject_2
-0.937410017830106,-1.0,2.0,0.0,0.0,2.0,2,subject_2
-0.937410017830106,-1.0,2.0,0.0,0.0,1.0,1,subject_2
-0.937410017830106,-1.0,2.0,0.0,0.0,0.0,1,subject_2
-0.937410017830106,-1.0,2.0,0.0,1.0,2.0,5,subject_2
-0.937410017830106,-1.0,2.0,0.0,1.0,1.0,3,subject_2
-0.937410017830106,-1.0,2.0,0.0,1.0,0.0,2,subject_2
-0.937410017830106,-1.0,1.0,1.0,0.0,2.0,2,subject_2
-0.937410017830106,-1.0,1.0,1.0,0.0,1.0,1,subject_2
-0.937410017830106,-1.0,1.0,1.0,0.0,0.0,1,subject_2
-0.937410017830106,-1.0,1.0,1.0,1.0,2.0,5,subject_2
-0.937410017830106,-1.0,1.0,1.0,1.0,1.0,3,subject_2
-0.937410017830106,-1.0,1.0,1.0,1.0,0.0,1,subject_2
-0.937410017830106,-1.0,1.0,2.0,0.0,2.0,1,subject_2
-0.937410017830106,-1.0,1.0,2.0,0.0,1.0,1,subject_2
-0.937410017830106,-1.0,1.0,2.0,0.0,0.0,1,subject_2
-0.937410017830106,-1.0,1.0,2.0,1.0,2.0,2,subject_2
-0.937410017830106,-1.0,1.0,2.0,1.0,1.0,1,subject_2
-0.937410017830106,-1.0,1.0,2.0,1.0,0.0,1,subject_2
-0.937410017830106,-1.0,1.0,0.0,0.0,2.0,5,subject_2
-0.937410017830106,-1.0,1.0,0.0,0.0,1.0,3,subject_2
-0.937410017830106,-1.0,1.0,0.0,0.0,0.0,2,subject_2
-0.937410017830106,-1.0,1.0,0.0,1.0,2.0,6,subject_2
-0.937410017830106,-1.0,1.0,0.0,1.0,1.0,5,subject_2
-0.937410017830106,-1.0,1.0,0.0,1.0,0.0,4,subject_2
-0.937410017830106,-1.0,0.0,1.0,0.0,2.0,5,subject_2
-0.937410017830106,-1.0,0.0,1.0,0.0,1.0,3,subject_2
-0.937410017830106,-1.0,0.0,1.0,0.0,0.0,2,subject_2
-0.937410017830106,-1.0,0.0,1.0,1.0,2.0,6,subject_2
-0.937410017830106,-1.0,0.0,1.0,1.0,1.0,5,subject_2
-0.937410017830106,-1.0,0.0,1.0,1.0,0.0,4,subject_2
-0.937410017830106,-1.0,0.0,2.0,0.0,2.0,2,subject_2
-0.937410017830106,-1.0,0.0,2.0,0.0,1.0,1,subject_2
-0.937410017830106,-1.0,0.0,2.0,0.0,0.0,1,subject_2
-0.937410017830106,-1.0,0.0,2.0,1.0,2.0,5,subject_2
-0.937410017830106,-1.0,0.0,2.0,1.0,1.0,3,subject_2
-0.937410017830106,-1.0,0.0,2.0,1.0,0.0,1,subject_2
-0.937410017830106,-1.0,0.0,0.0,0.0,2.0,6,subject_2
-0.937410017830106,-1.0,0.0,0.0,0.0,1.0,6,subject_2
-0.937410017830106,-1.0,0.0,0.0,0.0,0.0,4,subject_2
-0.937410017830106,-1.0,0.0,0.0,1.0,2.0,6,subject_2
-0.937410017830106,-1.0,0.0,0.0,1.0,1.0,6,subject_2
-0.937410017830106,-1.0,0.0,0.0,1.0,0.0,6,subject_2
-0.937410017830106,1.0,2.0,1.0,0.0,2.0,1,subject_2
-0.937410017830106,1.0,2.0,1.0,0.0,1.0,1,subject_2
-0.937410017830106,1.0,2.0,1.0,0.0,0.0,1,subject_2
-0.937410017830106,1.0,2.0,1.0,1.0,2.0,1,subject_2
-0.937410017830106,1.0,2.0,1.0,1.0,1.0,1,subject_2
-0.937410017830106,1.0,2.0,1.0,1.0,0.0,1,subject_2
-0.937410017830106,1.0,2.0,2.0,0.0,2.0,1,subject_2
-0.937410017830106,1.0,2.0,2.0,0.0,1.0,1,subject_2
-0.937410017830106,1.0,2.0,2.0,0.0,0.0,1,subject_2
-0.937410017830106,1.0,2.0,2.0,1.0,2.0,1,subject_2
-0.937410017830106,1.0,2.0,2.0,1.0,1.0,1,subject_2
-0.937410017830106,1.0,2.0,2.0,1.0,0.0,1,subject_2
-0.937410017830106,1.0,2.0,0.0,0.0,2.0,1,subject_2
-0.937410017830106,1.0,2.0,0.0,0.0,1.0,1,subject_2
-0.937410017830106,1.0,2.0,0.0,0.0,0.0,1,subject_2
-0.937410017830106,1.0,2.0,0.0,1.0,2.0,3,subject_2
-0.937410017830106,1.0,2.0,0.0,1.0,1.0,2,subject_2
-0.937410017830106,1.0,2.0,0.0,1.0,0.0,1,subject_2
-0.937410017830106,1.0,1.0,1.0,0.0,2.0,1,subject_2
-0.937410017830106,1.0,1.0,1.0,0.0,1.0,1,subject_2
-0.937410017830106,1.0,1.0,1.0,0.0,0.0,1,subject_2
-0.937410017830106,1.0,1.0,1.0,1.0,2.0,3,subject_2
-0.937410017830106,1.0,1.0,1.0,1.0,1.0,2,subject_2
-0.937410017830106,1.0,1.0,1.0,1.0,0.0,1,subject_2
-0.937410017830106,1.0,1.0,2.0,0.0,2.0,1,subject_2
-0.937410017830106,1.0,1.0,2.0,0.0,1.0,1,subject_2
-0.937410017830106,1.0,1.0,2.0,0.0,0.0,1,subject_2
-0.937410017830106,1.0,1.0,2.0,1.0,2.0,1,subject_2
-0.937410017830106,1.0,1.0,2.0,1.0,1.0,1,subject_2
-0.937410017830106,1.0,1.0,2.0,1.0,0.0,1,subject_2
-0.937410017830106,1.0,1.0,0.0,0.0,2.0,4,subject_2
-0.937410017830106,1.0,1.0,0.0,0.0,1.0,2,subject_2
-0.937410017830106,1.0,1.0,0.0,0.0,0.0,1,subject_2
-0.937410017830106,1.0,1.0,0.0,1.0,2.0,6,subject_2
-0.937410017830106,1.0,1.0,0.0,1.0,1.0,4,subject_2
-0.937410017830106,1.0,1.0,0.0,1.0,0.0,2,subject_2
-0.937410017830106,1.0,0.0,1.0,0.0,2.0,3,subject_2
-0.937410017830106,1.0,0.0,1.0,0.0,1.0,2,subject_2
-0.937410017830106,1.0,0.0,1.0,0.0,0.0,1,subject_2
-0.937410017830106,1.0,0.0,1.0,1.0,2.0,6,subject_2
-0.937410017830106,1.0,0.0,1.0,1.0,1.0,4,subject_2
-0.937410017830106,1.0,0.0,1.0,1.0,0.0,2,subject_2
-0.937410017830106,1.0,0.0,2.0,0.0,2.0,1,subject_2
-0.937410017830106,1.0,0.0,2.0,0.0,1.0,1,subject_2
-0.937410017830106,1.0,0.0,2.0,0.0,0.0,1,subject_2
-0.937410017830106,1.0,0.0,2.0,1.0,2.0,3,subject_2
-0.937410017830106,1.0,0.0,2.0,1.0,1.0,2,subject_2
-0.937410017830106,1.0,0.0,2.0,1.0,0.0,1,subject_2
-0.937410017830106,1.0,0.0,0.0,0.0,2.0,6,subject_2
-0.937410017830106,1.0,0.0,0.0,0.0,1.0,5,subject_2
-0.937410017830106,1.0,0.0,0.0,0.0,0.0,3,subject_2
-0.937410017830106,1.0,0.0,0.0,1.0,2.0,6,subject_2
-0.937410017830106,1.0,0.0,0.0,1.0,1.0,6,subject_2
-0.937410017830106,1.0,0.0,0.0,1.0,0.0,5,subject_2
-0.4483265302665725,-1.0,2.0,1.0,0.0,2.0,1,subject_2
-0.4483265302665725,-1.0,2.0,1.0,0.0,1.0,1,subject_2
-0.4483265302665725,-1.0,2.0,1.0,0.0,0.0,1,subject_2
-0.4483265302665725,-1.0,2.0,1.0,1.0,2.0,2,subject_2
-0.4483265302665725,-1.0,2.0,1.0,1.0,1.0,1,subject_2
-0.4483265302665725,-1.0,2.0,1.0,1.0,0.0,1,subject_2
-0.4483265302665725,-1.0,2.0,2.0,0.0,2.0,1,subject_2
-0.4483265302665725,-1.0,2.0,2.0,0.0,1.0,1,subject_2
-0.4483265302665725,-1.0,2.0,2.0,0.0,0.0,1,subject_2
-0.4483265302665725,-1.0,2.0,2.0,1.0,2.0,1,subject_2
-0.4483265302665725,-1.0,2.0,2.0,1.0,1.0,1,subject_2
-0.4483265302665725,-1.0,2.0,2.0,1.0,0.0,1,subject_2
-0.4483265302665725,-1.0,2.0,0.0,0.0,2.0,2,subject_2
-0.4483265302665725,-1.0,2.0,0.0,0.0,1.0,1,subject_2
-0.4483265302665725,-1.0,2.0,0.0,0.0,0.0,1,subject_2
-0.4483265302665725,-1.0,2.0,0.0,1.0,2.0,4,subject_2
-0.4483265302665725,-1.0,2.0,0.0,1.0,1.0,2,subject_2
-0.4483265302665725,-1.0,2.0,0.0,1.0,0.0,1,subject_2
-0.4483265302665725,-1.0,1.0,1.0,0.0,2.0,2,subject_2
-0.4483265302665725,-1.0,1.0,1.0,0.0,1.0,1,subject_2
-0.4483265302665725,-1.0,1.0,1.0,0.0,0.0,1,subject_2
-0.4483265302665725,-1.0,1.0,1.0,1.0,2.0,4,subject_2
-0.4483265302665725,-1.0,1.0,1.0,1.0,1.0,2,subject_2
-0.4483265302665725,-1.0,1.0,1.0,1.0,0.0,1,subject_2
-0.4483265302665725,-1.0,1.0,2.0,0.0,2.0,1,subject_2
-0.4483265302665725,-1.0,1.0,2.0,0.0,1.0,1,subject_2
-0.4483265302665725,-1.0,1.0,2.0,0.0,0.0,1,subject_2
-0.4483265302665725,-1.0,1.0,2.0,1.0,2.0,2,subject_2
-0.4483265302665725,-1.0,1.0,2.0,1.0,1.0,1,subject_2
-0.4483265302665725,-1.0,1.0,2.0,1.0,0.0,1,subject_2
-0.4483265302665725,-1.0,1.0,0.0,0.0,2.0,5,subject_2
-0.4483265302665725,-1.0,1.0,0.0,0.0,1.0,3,subject_2
-0.4483265302665725,-1.0,1.0,0.0,0.0,0.0,1,subject_2
-0.4483265302665725,-1.0,1.0,0.0,1.0,2.0,6,subject_2
-0.4483265302665725,-1.0,1.0,0.0,1.0,1.0,5,subject_2
-0.4483265302665725,-1.0,1.0,0.0,1.0,0.0,3,subject_2
-0.4483265302665725,-1.0,0.0,1.0,0.0,2.0,4,subject_2
-0.4483265302665725,-1.0,0.0,1.0,0.0,1.0,3,subject_2
-0.4483265302665725,-1.0,0.0,1.0,0.0,0.0,1,subject_2
-0.4483265302665725,-1.0,0.0,1.0,1.0,2.0,6,subject_2
-0.4483265302665725,-1.0,0.0,1.0,1.0,1.0,5,subject_2
-0.4483265302665725,-1.0,0.0,1.0,1.0,0.0,3,subject_2
-0.4483265302665725,-1.0,0.0,2.0,0.0,2.0,2,subject_2
-0.4483265302665725,-1.0,0.0,2.0,0.0,1.0,1,subject_2
-0.4483265302665725,-1.0,0.0,2.0,0.0,0.0,1,subject_2
-0.4483265302665725,-1.0,0.0,2.0,1.0,2.0,4,subject_2
-0.4483265302665725,-1.0,0.0,2.0,1.0,1.0,2,subject_2
-0.4483265302665725,-1.0,0.0,2.0,1.0,0.0,1,subject_2
-0.4483265302665725,-1.0,0.0,0.0,0.0,2.0,6,subject_2
-0.4483265302665725,-1.0,0.0,0.0,0.0,1.0,5,subject_2
-0.4483265302665725,-1.0,0.0,0.0,0.0,0.0,4,subject_2
-0.4483265302665725,-1.0,0.0,0.0,1.0,2.0,6,subject_2
-0.4483265302665725,-1.0,0.0,0.0,1.0,1.0,6,subject_2
-0.4483265302665725,-1.0,0.0,0.0,1.0,0.0,6,subject_2
-0.4483265302665725,1.0,2.0,1.0,0.0,2.0,1,subject_2
-0.4483265302665725,1.0,2.0,1.0,0.0,1.0,1,subject_2
-0.4483265302665725,1.0,2.0,1.0,0.0,0.0,1,subject_2
-0.4483265302665725,1.0,2.0,1.0,1.0,2.0,1,subject_2
-0.4483265302665725,1.0,2.0,1.0,1.0,1.0,1,subject_2
-0.4483265302665725,1.0,2.0,1.0,1.0,0.0,1,subject_2
-0.4483265302665725,1.0,2.0,2.0,0.0,2.0,1,subject_2
-0.4483265302665725,1.0,2.0,2.0,0.0,1.0,1,subject_2
-0.4483265302665725,1.0,2.0,2.0,0.0,0.0,1,subject_2
-0.4483265302665725,1.0,2.0,2.0,1.0,2.0,1,subject_2
-0.4483265302665725,1.0,2.0,2.0,1.0,1.0,1,subject_2
-0.4483265302665725,1.0,2.0,2.0,1.0,0.0,1,subject_2
-0.4483265302665725,1.0,2.0,0.0,0.0,2.0,2,subject_2
-0.4483265302665725,1.0,2.0,0.0,0.0,1.0,1,subject_2
-0.4483265302665725,1.0,2.0,0.0,0.0,0.0,1,subject_2
-0.4483265302665725,1.0,2.0,0.0,1.0,2.0,4,subject_2
-0.4483265302665725,1.0,2.0,0.0,1.0,1.0,2,subject_2
-0.4483265302665725,1.0,2.0,0.0,1.0,0.0,1,subject_2
-0.4483265302665725,1.0,1.0,1.0,0.0,2.0,2,subject_2
-0.4483265302665725,1.0,1.0,1.0,0.0,1.0,1,subject_2
-0.4483265302665725,1.0,1.0,1.0,0.0,0.0,1,subject_2
-0.4483265302665725,1.0,1.0,1.0,1.0,2.0,4,subject_2
-0.4483265302665725,1.0,1.0,1.0,1.0,1.0,2,subject_2
-0.4483265302665725,1.0,1.0,1.0,1.0,0.0,1,subject_2
-0.4483265302665725,1.0,1.0,2.0,0.0,2.0,1,subject_2
-0.4483265302665725,1.0,1.0,2.0,0.0,1.0,1,subject_2
-0.4483265302665725,1.0,1.0,2.0,0.0,0.0,1,subject_2
-0.4483265302665725,1.0,1.0,2.0,1.0,2.0,1,subject_2
-0.4483265302665725,1.0,1.0,2.0,1.0,1.0,1,subject_2
-0.4483265302665725,1.0,1.0,2.0,1.0,0.0,1,subject_2
-0.4483265302665725,1.0,1.0,0.0,0.0,2.0,4,subject_2
-0.4483265302665725,1.0,1.0,0.0,0.0,1.0,2,subject_2
-0.4483265302665725,1.0,1.0,0.0,0.0,0.0,1,subject_2
-0.4483265302665725,1.0,1.0,0.0,1.0,2.0,6,subject_2
-0.4483265302665725,1.0,1.0,0.0,1.0,1.0,5,subject_2
-0.4483265302665725,1.0,1.0,0.0,1.0,0.0,3,subject_2
-0.4483265302665725,1.0,0.0,1.0,0.0,2.0,4,subject_2
-0.4483265302665725,1.0,0.0,1.0,0.0,1.0,2,subject_2
-0.4483265302665725,1.0,0.0,1.0,0.0,0.0,1,subject_2
-0.4483265302665725,1.0,0.0,1.0,1.0,2.0,6,subject_2
-0.4483265302665725,1.0,0.0,1.0,1.0,1.0,5,subject_2
-0.4483265302665725,1.0,0.0,1.0,1.0,0.0,3,subject_2
-0.4483265302665725,1.0,0.0,2.0,0.0,2.0,1,subject_2
-0.4483265302665725,1.0,0.0,2.0,0.0,1.0,1,subject_2
-0.4483265302665725,1.0,0.0,2.0,0.0,0.0,1,subject_2
-0.4483265302665725,1.0,0.0,2.0,1.0,2.0,3,subject_2
-0.4483265302665725,1.0,0.0,2.0,1.0,1.0,2,subject_2
-0.4483265302665725,1.0,0.0,2.0,1.0,0.0,1,subject_2
-0.4483265302665725,1.0,0.0,0.0,0.0,2.0,6,subject_2
-0.4483265302665725,1.0,0.0,0.0,0.0,1.0,5,subject_2
-0.4483265302665725,1.0,0.0,0.0,0.0,0.0,3,subject_2
-0.4483265302665725,1.0,0.0,0.0,1.0,2.0,6,subject_2
-0.4483265302665725,1.0,0.0,0.0,1.0,1.0,6,subject_2
-0.4483265302665725,1.0,0.0,0.0,1.0,0.0,5,subject_2
1.3857365480966777,-1.0,2.0,1.0,0.0,2.0,1,subject_2
1.3857365480966777,-1.0,2.0,1.0,0.0,1.0,1,subject_2
1.3857365480966777,-1.0,2.0,1.0,0.0,0.0,1,subject_2
1.3857365480966777,-1.0,2.0,1.0,1.0,2.0,1,subject_2
1.3857365480966777,-1.0,2.0,1.0,1.0,1.0,1,subject_2
1.3857365480966777,-1.0,2.0,1.0,1.0,0.0,1,subject_2
1.3857365480966777,-1.0,2.0,2.0,0.0,2.0,1,subject_2
1.3857365480966777,-1.0,2.0,2.0,0.0,1.0,1,subject_2
1.3857365480966777,-1.0,2.0,2.0,0.0,0.0,1,subject_2
1.3857365480966777,-1.0,2.0,2.0,1.0,2.0,1,subject_2
1.3857365480966777,-1.0,2.0,2.0,1.0,1.0,1,subject_2
1.3857365480966777,-1.0,2.0,2.0,1.0,0.0,1,subject_2
1.3857365480966777,-1.0,2.0,0.0,0.0,2.0,1,subject_2
1.3857365480966777,-1.0,2.0,0.0,0.0,1.0,1,subject_2
1.3857365480966777,-1.0,2.0,0.0,0.0,0.0,1,subject_2
1.3857365480966777,-1.0,2.0,0.0,1.0,2.0,2,subject_2
1.3857365480966777,-1.0,2.0,0.0,1.0,1.0,1,subject_2
1.3857365480966777,-1.0,2.0,0.0,1.0,0.0,1,subject_2
1.3857365480966777,-1.0,1.0,1.0,0.0,2.0,1,subject_2
1.3857365480966777,-1.0,1.0,1.0,0.0,1.0,1,subject_2
1.3857365480966777,-1.0,1.0,1.0,0.0,0.0,1,subject_2
1.3857365480966777,-1.0,1.0,1.0,1.0,2.0,2,subject_2
1.3857365480966777,-1.0,1.0,1.0,1.0,1.0,1,subject_2
1.3857365480966777,-1.0,1.0,1.0,1.0,0.0,1,subject_2
1.3857365480966777,-1.0,1.0,2.0,0.0,2.0,1,subject_2
1.3857365480966777,-1.0,1.0,2.0,0.0,1.0,1,subject_2
1.3857365480966777,-1.0,1.0,2.0,0.0,0.0,1,subject_2
1.3857365480966777,-1.0,1.0,2.0,1.0,2.0,1,subject_2
1.3857365480966777,-1.0,1.0,2.0,1.0,1.0,1,subject_2
1.3857365480966777,-1.0,1.0,2.0,1.0,0.0,1,subject_2
1.3857365480966777,-1.0,1.0,0.0,0.0,2.0,3,subject_2
1.3857365480966777,-1.0,1.0,0.0,0.0,1.0,1,subject_2
1.3857365480966777,-1.0,1.0,0.0,0.0,0.0,1,subject_2
1.3857365480966777,-1.0,1.0,0.0,1.0,2.0,5,subject_2
1.3857365480966777,-1.0,1.0,0.0,1.0,1.0,3,subject_2
1.3857365480966777,-1.0,1.0,0.0,1.0,0.0,2,subject_2
1.3857365480966777,-1.0,0.0,1.0,0.0,2.0,2,subject_2
1.3857365480966777,-1.0,0.0,1.0,0.0,1.0,1,subject_2
1.3857365480966777,-1.0,0.0,1.0,0.0,0.0,1,subject_2
1.3857365480966777,-1.0,0.0,1.0,1.0,2.0,5,subject_2
1.3857365480966777,-1.0,0.0,1.0,1.0,1.0,3,subject_2
1.3857365480966777,-1.0,0.0,1.0,1.0,0.0,2,subject_2
1.3857365480966777,-1.0,0.0,2.0,0.0,2.0,1,subject_2
1.3857365480966777,-1.0,0.0,2.0,0.0,1.0,1,subject_2
1.3857365480966777,-1.0,0.0,2.0,0.0,0.0,1,subject_2
1.3857365480966777,-1.0,0.0,2.0,1.0,2.0,2,subject_2
1.3857365480966777,-1.0,0.0,2.0,1.0,1.0,1,subject_2
1.3857365480966777,-1.0,0.0,2.0,1.0,0.0,1,subject_2
1.3857365480966777,-1.0,0.0,0.0,0.0,2.0,5,subject_2
1.3857365480966777,-1.0,0.0,0.0,0.0,1.0,4,subject_2
1.3857365480966777,-1.0,0.0,0.0,0.0,0.0,2,subject_2
1.3857365480966777,-1.0,0.0,0.0,1.0,2.0,6,subject_2
1.3857365480966777,-1.0,0.0,0.0,1.0,1.0,5,subject_2
1.3857365480966777,-1.0,0.0,0.0,1.0,0.0,4,subject_2
1.3857365480966777,1.0,2.0,1.0,0.0,2.0,1,subject_2
1.3857365480966777,1.0,2.0,1.0,0.0,1.0,1,subject_2
1.3857365480966777,1.0,2.0,1.0,0.0,0.0,1,subject_2
1.3857365480966777,1.0,2.0,1.0,1.0,2.0,2,subject_2
1.3857365480966777,1.0,2.0,1.0,1.0,1.0,1,subject_2
1.3857365480966777,1.0,2.0,1.0,1.0,0.0,1,subject_2
1.3857365480966777,1.0,2.0,2.0,0.0,2.0,1,subject_2
1.3857365480966777,1.0,2.0,2.0,0.0,1.0,1,subject_2
1.3857365480966777,1.0,2.0,2.0,0.0,0.0,1,subject_2
1.3857365480966777,1.0,2.0,2.0,1.0,2.0,1,subject_2
1.3857365480966777,1.0,2.0,2.0,1.0,1.0,1,subject_2
1.3857365480966777,1.0,2.0,2.0,1.0,0.0,1,subject_2
1.3857365480966777,1.0,2.0,0.0,0.0,2.0,3,subject_2
1.3857365480966777,1.0,2.0,0.0,0.0,1.0,2,subject_2
1.3857365480966777,1.0,2.0,0.0,0.0,0.0,1,subject_2
1.3857365480966777,1.0,2.0,0.0,1.0,2.0,5,subject_2
1.3857365480966777,1.0,2.0,0.0,1.0,1.0,3,subject_2
1.3857365480966777,1.0,2.0,0.0,1.0,0.0,2,subject_2
1.3857365480966777,1.0,1.0,1.0,0.0,2.0,3,subject_2
1.3857365480966777,1.0,1.0,1.0,0.0,1.0,1,subject_2
1.3857365480966777,1.0,1.0,1.0,0.0,0.0,1,subject_2
1.3857365480966777,1.0,1.0,1.0,1.0,2.0,5,subject_2
1.3857365480966777,1.0,1.0,1.0,1.0,1.0,3,subject_2
1.3857365480966777,1.0,1.0,1.0,1.0,0.0,2,subject_2
1.3857365480966777,1.0,1.0,2.0,0.0,2.0,1,subject_2
1.3857365480966777,1.0,1.0,2.0,0.0,1.0,1,subject_2
1.3857365480966777,1.0,1.0,2.0,0.0,0.0,1,subject_2
1.3857365480966777,1.0,1.0,2.0,1.0,2.0,2,subject_2
1.3857365480966777,1.0,1.0,2.0,1.0,1.0,1,subject_2
1.3857365480966777,1.0,1.0,2.0,1.0,0.0,1,subject_2
1.3857365480966777,1.0,1.0,0.0,0.0,2.0,5,subject_2
1.3857365480966777,1.0,1.0,0.0,0.0,1.0,4,subject_2
1.3857365480966777,1.0,1.0,0.0,0.0,0.0,2,subject_2
1.3857365480966777,1.0,1.0,0.0,1.0,2.0,6,subject_2
1.3857365480966777,1.0,1.0,0.0,1.0,1.0,6,subject_2
1.3857365480966777,1.0,1.0,0.0,1.0,0.0,5,subject_2
1.3857365480966777,1.0,0.0,1.0,0.0,2.0,5,subject_2
1.3857365480966777,1.0,0.0,1.0,0.0,1.0,4,subject_2
1.3857365480966777,1.0,0.0,1.0,0.0,0.0,2,subject_2
1.3857365480966777,1.0,0.0,1.0,1.0,2.0,6,subject_2
1.3857365480966777,1.0,0.0,1.0,1.0,1.0,6,subject_2
1.3857365480966777,1.0,0.0,1.0,1.0,0.0,4,subject_2
1.3857365480966777,1.0,0.0,2.0,0.0,2.0,2,subject_2
1.3857365480966777,1.0,0.0,2.0,0.0,1.0,1,subject_2
1.3857365480966777,1.0,0.0,2.0,0.0,0.0,1,subject_2
1.3857365480966777,1.0,0.0,2.0,1.0,2.0,5,subject_2
1.3857365480966777,1.0,0.0,2.0,1.0,1.0,3,subject_2
1.3857365480966777,1.0,0.0,2.0,1.0,0.0,2,subject_2
1.3857365480966777,1.0,0.0,0.0,0.0,2.0,6,subject_2
1.3857365480966777,1.0,0.0,0.0,0.0,1.0,6,subject_2
1.3857365480966777,1.0,0.0,0.0,0.0,0.0,5,subject_2
1.3857365480966777,1.0,0.0,0.0,1.0,2.0,6,subject_2
1.3857365480966777,1.0,0.0,0.0,1.0,1.0,6,subject_2
1.3857365480966777,1.0,0.0,0.0,1.0,0.0,6,subject_2
-0.937410017830106,-1.0,2.0,1.0,0.0,2.0,2,subject_3
-0.937410017830106,-1.0,2.0,1.0,0.0,1.0,1,subject_3
-0.937410017830106,-1.0,2.0,1.0,0.0,0.0,1,subject_3
-0.937410017830106,-1.0,2.0,1.0,1.0,2.0,5,subject_3
-0.937410017830106,-1.0,2.0,1.0,1.0,1.0,2,subject_3
-0.937410017830106,-1.0,2.0,1.0,1.0,0.0,1,subject_3
-0.937410017830106,-1.0,2.0,2.0,0.0,2.0,1,subject_3
-0.937410017830106,-1.0,2.0,2.0,0.0,1.0,1,subject_3
-0.937410017830106,-1.0,2.0,2.0,0.0,0.0,1,subject_3
-0.937410017830106,-1.0,2.0,2.0,1.0,2.0,2,subject_3
-0.937410017830106,-1.0,2.0,2.0,1.0,1.0,1,subject_3
-0.937410017830106,-1.0,2.0,2.0,1.0,0.0,1,subject_3
-0.937410017830106,-1.0,2.0,0.0,0.0,2.0,5,subject_3
-0.937410017830106,-1.0,2.0,0.0,0.0,1.0,3,subject_3
-0.937410017830106,-1.0,2.0,0.0,0.0,0.0,1,subject_3
-0.937410017830106,-1.0,2.0,0.0,1.0,2.0,6,subject_3
-0.937410017830106,-1.0,2.0,0.0,1.0,1.0,5,subject_3
-0.937410017830106,-1.0,2.0,0.0,1.0,0.0,2,subject_3
-0.937410017830106,-1.0,1.0,1.0,0.0,2.0,4,subject_3
-0.937410017830106,-1.0,1.0,1.0,0.0,1.0,2,subject_3
-0.937410017830106,-1.0,1.0,1.0,0.0,0.0,1,subject_3
-0.937410017830106,-1.0,1.0,1.0,1.0,2.0,6,subject_3
-0.937410017830106,-1.0,1.0,1.0,1.0,1.0,4,subject_3
-0.937410017830106,-1.0,1.0,1.0,1.0,0.0,2,subject_3
-0.937410017830106,-1.0,1.0,2.0,0.0,2.0,1,subject_3
-0.937410017830106,-1.0,1.0,2.0,0.0,1.0,1,subject_3
-0.937410017830106,-1.0,1.0,2.0,0.0,0.0,1,subject_3
-0.937410017830106,-1.0,1.0,2.0,1.0,2.0,4,subject_3
-0.937410017830106,-1.0,1.0,2.0,1.0,1.0,1,subject_3
-0.937410017830106,-1.0,1.0,2.0,1.0,0.0,1,subject_3
-0.937410017830106,-1.0,1.0,0.0,0.0,2.0,6,subject_3
-0.937410017830106,-1.0,1.0,0.0,0.0,1.0,5,subject_3
-0.937410017830106,-1.0,1.0,0.0,0.0,0.0,2,subject_3
-0.937410017830106,-1.0,1.0,0.0,1.0,2.0,6,subject_3
-0.937410017830106,-1.0,1.0,0.0,1.0,1.0,6,subject_3
-0.937410017830106,-1.0,1.0,0.0,1.0,0.0,5,subject_3
-0.937410017830106,-1.0,0.0,1.0,0.0,2.0,6,subject_3
-0.937410017830106,-1.0,0.0,1.0,0.0,1.0,4,subject_3
-0.937410017830106,-1.0,0.0,1.0,0.0,0.0,2,subject_3
-0.937410017830106,-1.0,0.0,1.0,1.0,2.0,6,subject_3
-0.937410017830106,-1.0,0.0,1.0,1.0,1.0,6,subject_3
-0.937410017830106,-1.0,0.0,1.0,1.0,0.0,4,subject_3
-0.937410017830106,-1.0,0.0,2.0,0.0,2.0,3,subject_3
-0.937410017830106,-1.0,0.0,2.0,0.0,1.0,1,subject_3
-0.937410017830106,-1.0,0.0,2.0,0.0,0.0,1,subject_3
-0.937410017830106,-1.0,0.0,2.0,1.0,2.0,6,subject_3
-0.937410017830106,-1.0,0.0,2.0,1.0,1.0,3,subject_3
-0.937410017830106,-1.0,0.0,2.0,1.0,0.0,1,subject_3
-0.937410017830106,-1.0,0.0,0.0,0.0,2.0,6,subject_3
-0.937410017830106,-1.0,0.0,0.0,0.0,1.0,6,subject_3
-0.937410017830106,-1.0,0.0,0.0,0.0,0.0,5,subject_3
-0.937410017830106,-1.0,0.0,0.0,1.0,2.0,6,subject_3
-0.937410017830106,-1.0,0.0,0.0,1.0,1.0,6,subject_3
-0.937410017830106,-1.0,0.0,0.0,1.0,0.0,6,subject_3
-0.937410017830106,1.0,2.0,1.0,0.0,2.0,1,subject_3
-0.937410017830106,1.0,2.0,1.0,0.0,1.0,1,subject_3
-0.937410017830106,1.0,2.0,1.0,0.0,0.0,1,subject_3
-0.937410017830106,1.0,2.0,1.0,1.0,2.0,2,subject_3
-0.937410017830106,1.0,2.0,1.0,1.0,1.0,1,subject_3
-0.937410017830106,1.0,2.0,1.0,1.0,0.0,1,subject_3
-0.937410017830106,1.0,2.0,2.0,0.0,2.0,1,subject_3
-0.937410017830106,1.0,2.0,2.0,0.0,1.0,1,subject_3
-0.937410017830106,1.0,2.0,2.0,0.0,0.0,1,subject_3
-0.937410017830106,1.0,2.0,2.0,1.0,2.0,1,subject_3
-0.937410017830106,1.0,2.0,2.0,1.0,1.0,1,subject_3
-0.937410017830106,1.0,2.0,2.0,1.0,0.0,1,subject_3
-0.937410017830106,1.0,2.0,0.0,0.0,2.0,3,subject_3
-0.937410017830106,1.0,2.0,0.0,0.0,1.0,1,subject_3
-0.937410017830106,1.0,2.0,0.0,0.0,0.0,1,subject_3
-0.937410017830106,1.0,2.0,0.0,1.0,2.0,5,subject_3
-0.937410017830106,1.0,2.0,0.0,1.0,1.0,3,subject_3
-0.937410017830106,1.0,2.0,0.0,1.0,0.0,1,subject_3
-0.937410017830106,1.0,1.0,1.0,0.0,2.0,2,subject_3
-0.937410017830106,1.0,1.0,1.0,0.0,1.0,1,subject_3
-0.937410017830106,1.0,1.0,1.0,0.0,0.0,1,subject_3
-0.937410017830106,1.0,1.0,1.0,1.0,2.0,5,subject_3
-0.937410017830106,1.0,1.0,1.0,1.0,1.0,2,subject_3
-0.937410017830106,1.0,1.0,1.0,1.0,0.0,1,subject_3
-0.937410017830106,1.0,1.0,2.0,0.0,2.0,1,subject_3
-0.937410017830106,1.0,1.0,2.0,0.0,1.0,1,subject_3
-0.937410017830106,1.0,1.0,2.0,0.0,0.0,1,subject_3
-0.937410017830106,1.0,1.0,2.0,1.0,2.0,2,subject_3
-0.937410017830106,1.0,1.0,2.0,1.0,1.0,1,subject_3
-0.937410017830106,1.0,1.0,2.0,1.0,0.0,1,subject_3
-0.937410017830106,1.0,1.0,0.0,0.0,2.0,5,subject_3
-0.937410017830106,1.0,1.0,0.0,0.0,1.0,3,subject_3
-0.937410017830106,1.0,1.0,0.0,0.0,0.0,1,subject_3
-0.937410017830106,1.0,1.0,0.0,1.0,2.0,6,subject_3
-0.937410017830106,1.0,1.0,0.0,1.0,1.0,5,subject_3
-0.937410017830106,1.0,1.0,0.0,1.0,0.0,2,subject_3
-0.937410017830106,1.0,0.0,1.0,0.0,2.0,5,subject_3
-0.937410017830106,1.0,0.0,1.0,0.0,1.0,2,subject_3
-0.937410017830106,1.0,0.0,1.0,0.0,0.0,1,subject_3
-0.937410017830106,1.0,0.0,1.0,1.0,2.0,6,subject_3
-0.937410017830106,1.0,0.0,1.0,1.0,1.0,4,subject_3
-0.937410017830106,1.0,0.0,1.0,1.0,0.0,2,subject_3
-0.937410017830106,1.0,0.0,2.0,0.0,2.0,2,subject_3
-0.937410017830106,1.0,0.0,2.0,0.0,1.0,1,subject_3
-0.937410017830106,1.0,0.0,2.0,0.0,0.0,1,subject_3
-0.937410017830106,1.0,0.0,2.0,1.0,2.0,4,subject_3
-0.937410017830106,1.0,0.0,2.0,1.0,1.0,2,subject_3
-0.937410017830106,1.0,0.0,2.0,1.0,0.0,1,subject_3
-0.937410017830106,1.0,0.0,0.0,0.0,2.0,6,subject_3
-0.937410017830106,1.0,0.0,0.0,0.0,1.0,5,subject_3
-0.937410017830106,1.0,0.0,0.0,0.0,0.0,3,subject_3
-0.937410017830106,1.0,0.0,0.0,1.0,2.0,6,subject_3
-0.937410017830106,1.0,0.0,0.0,1.0,1.0,6,subject_3
-0.937410017830106,1.0,0.0,0.0,1.0,0.0,5,subject_3
-0.4483265302665725,-1.0,2.0,1.0,0.0,2.0,2,subject_3
-0.4483265302665725,-1.0,2.0,1.0,0.0,1.0,1,subject_3
-0.4483265302665725,-1.0,2.0,1.0,0.0,0.0,1,subject_3
-0.4483265302665725,-1.0,2.0,1.0,1.0,2.0,4,subject_3
-0.4483265302665725,-1.0,2.0,1.0,1.0,1.0,2,subject_3
-0.4483265302665725,-1.0,2.0,1.0,1.0,0.0,1,subject_3
-0.4483265302665725,-1.0,2.0,2.0,0.0,2.0,1,subject_3
-0.4483265302665725,-1.0,2.0,2.0,0.0,1.0,1,subject_3
-0.4483265302665725,-1.0,2.0,2.0,0.0,0.0,1,subject_3
-0.4483265302665725,-1.0,2.0,2.0,1.0,2.0,1,subject_3
-0.4483265302665725,-1.0,2.0,2.0,1.0,1.0,1,subject_3
-0.4483265302665725,-1.0,2.0,2.0,1.0,0.0,1,subject_3
-0.4483265302665725,-1.0,2.0,0.0,0.0,2.0,5,subject_3
-0.4483265302665725,-1.0,2.0,0.0,0.0,1.0,2,subject_3
-0.4483265302665725,-1.0,2.0,0.0,0.0,0.0,1,subject_3
-0.4483265302665725,-1.0,2.0,0.0,1.0,2.0,6,subject_3
-0.4483265302665725,-1.0,2.0,0.0,1.0,1.0,5,subject_3
-0.4483265302665725,-1.0,2.0,0.0,1.0,0.0,2,subject_3
-0.4483265302665725,-1.0,1.0,1.0,0.0,2.0,4,subject_3
-0.4483265302665725,-1.0,1.0,1.0,0.0,1.0,2,subject_3
-0.4483265302665725,-1.0,1.0,1.0,0.0,0.0,1,subject_3
-0.4483265302665725,-1.0,1.0,1.0,1.0,2.0,6,subject_3
-0.4483265302665725,-1.0,1.0,1.0,1.0,1.0,4,subject_3
-0.4483265302665725,-1.0,1.0,1.0,1.0,0.0,1,subject_3
-0.4483265302665725,-1.0,1.0,2.0,0.0,2.0,1,subject_3
-0.4483265302665725,-1.0,1.0,2.0,0.0,1.0,1,subject_3
-0.4483265302665725,-1.0,1.0,2.0,0.0,0.0,1,subject_3
-0.4483265302665725,-1.0,1.0,2.0,1.0,2.0,3,subject_3
-0.4483265302665725,-1.0,1.0,2.0,1.0,1.0,1,subject_3
-0.4483265302665725,-1.0,1.0,2.0,1.0,0.0,1,subject_3
-0.4483265302665725,-1.0,1.0,0.0,0.0,2.0,6,subject_3
-0.4483265302665725,-1.0,1.0,0.0,0.0,1.0,5,subject_3
-0.4483265302665725,-1.0,1.0,0.0,0.0,0.0,2,subject_3
-0.4483265302665725,-1.0,1.0,0.0,1.0,2.0,6,subject_3
-0.4483265302665725,-1.0,1.0,0.0,1.0,1.0,6,subject_3
-0.4483265302665725,-1.0,1.0,0.0,1.0,0.0,4,subject_3
-0.4483265302665725,-1.0,0.0,1.0,0.0,2.0,6,subject_3
-0.4483265302665725,-1.0,0.0,1.0,0.0,1.0,4,subject_3
-0.4483265302665725,-1.0,0.0,1.0,0.0,0.0,1,subject_3
-0.4483265302665725,-1.0,0.0,1.0,1.0,2.0,6,subject_3
-0.4483265302665725,-1.0,0.0,1.0,1.0,1.0,6,subject_3
-0.4483265302665725,-1.0,0.0,1.0,1.0,0.0,3,subject_3
-0.4483265302665725,-1.0,0.0,2.0,0.0,2.0,3,subject_3
-0.4483265302665725,-1.0,0.0,2.0,0.0,1.0,1,subject_3
-0.4483265302665725,-1.0,0.0,2.0,0.0,0.0,1,subject_3
-0.4483265302665725,-1.0,0.0,2.0,1.0,2.0,5,subject_3
-0.4483265302665725,-1.0,0.0,2.0,1.0,1.0,3,subject_3
-0.4483265302665725,-1.0,0.0,2.0,1.0,0.0,1,subject_3
-0.4483265302665725,-1.0,0.0,0.0,0.0,2.0,6,subject_3
-0.4483265302665725,-1.0,0.0,0.0,0.0,1.0,6,subject_3
-0.4483265302665725,-1.0,0.0,0.0,0.0,0.0,4,subject_3
-0.4483265302665725,-1.0,0.0,0.0,1.0,2.0,6,subject_3
-0.4483265302665725,-1.0,0.0,0.0,1.0,1.0,6,subject_3
-0.4483265302665725,-1.0,0.0,0.0,1.0,0.0,6,subject_3
-0.4483265302665725,1.0,2.0,1.0,0.0,2.0,1,subject_3
-0.4483265302665725,1.0,2.0,1.0,0.0,1.0,1,subject_3
-0.4483265302665725,1.0,2.0,1.0,0.0,0.0,1,subject_3
-0.4483265302665725,1.0,2.0,1.0,1.0,2.0,2,subject_3
-0.4483265302665725,1.0,2.0,1.0,1.0,1.0,1,subject_3
-0.4483265302665725,1.0,2.0,1.0,1.0,0.0,1,subject_3
-0.4483265302665725,1.0,2.0,2.0,0.0,2.0,1,subject_3
-0.4483265302665725,1.0,2.0,2.0,0.0,1.0,1,subject_3
-0.4483265302665725,1.0,2.0,2.0,0.0,0.0,1,subject_3
-0.4483265302665725,1.0,2.0,2.0,1.0,2.0,1,subject_3
-0.4483265302665725,1.0,2.0,2.0,1.0,1.0,1,subject_3
-0.4483265302665725,1.0,2.0,2.0,1.0,0.0,1,subject_3
-0.4483265302665725,1.0,2.0,0.0,0.0,2.0,3,subject_3
-0.4483265302665725,1.0,2.0,0.0,0.0,1.0,1,subject_3
-0.4483265302665725,1.0,2.0,0.0,0.0,0.0,1,subject_3
-0.4483265302665725,1.0,2.0,0.0,1.0,2.0,5,subject_3
-0.4483265302665725,1.0,2.0,0.0,1.0,1.0,3,subject_3
-0.4483265302665725,1.0,2.0,0.0,1.0,0.0,1,subject_3
-0.4483265302665725,1.0,1.0,1.0,0.0,2.0,2,subject_3
-0.4483265302665725,1.0,1.0,1.0,0.0,1.0,1,subject_3
-0.4483265302665725,1.0,1.0,1.0,0.0,0.0,1,subject_3
-0.4483265302665725,1.0,1.0,1.0,1.0,2.0,5,subject_3
-0.4483265302665725,1.0,1.0,1.0,1.0,1.0,2,subject_3
-0.4483265302665725,1.0,1.0,1.0,1.0,0.0,1,subject_3
-0.4483265302665725,1.0,1.0,2.0,0.0,2.0,1,subject_3
-0.4483265302665725,1.0,1.0,2.0,0.0,1.0,1,subject_3
-0.4483265302665725,1.0,1.0,2.0,0.0,0.0,1,subject_3
-0.4483265302665725,1.0,1.0,2.0,1.0,2.0,2,subject_3
-0.4483265302665725,1.0,1.0,2.0,1.0,1.0,1,subject_3
-0.4483265302665725,1.0,1.0,2.0,1.0,0.0,1,subject_3
-0.4483265302665725,1.0,1.0,0.0,0.0,2.0,5,subject_3
-0.4483265302665725,1.0,1.0,0.0,0.0,1.0,3,subject_3
-0.4483265302665725,1.0,1.0,0.0,0.0,0.0,1,subject_3
-0.4483265302665725,1.0,1.0,0.0,1.0,2.0,6,subject_3
-0.4483265302665725,1.0,1.0,0.0,1.0,1.0,5,subject_3
-0.4483265302665725,1.0,1.0,0.0,1.0,0.0,3,subject_3
-0.4483265302665725,1.0,0.0,1.0,0.0,2.0,5,subject_3
-0.4483265302665725,1.0,0.0,1.0,0.0,1.0,2,subject_3
-0.4483265302665725,1.0,0.0,1.0,0.0,0.0,1,subject_3
-0.4483265302665725,1.0,0.0,1.0,1.0,2.0,6,subject_3
-0.4483265302665725,1.0,0.0,1.0,1.0,1.0,5,subject_3
-0.4483265302665725,1.0,0.0,1.0,1.0,0.0,2,subject_3
-0.4483265302665725,1.0,0.0,2.0,0.0,2.0,2,subject_3
-0.4483265302665725,1.0,0.0,2.0,0.0,1.0,1,subject_3
-0.4483265302665725,1.0,0.0,2.0,0.0,0.0,1,subject_3
-0.4483265302665725,1.0,0.0,2.0,1.0,2.0,4,subject_3
-0.4483265302665725,1.0,0.0,2.0,1.0,1.0,2,subject_3
-0.4483265302665725,1.0,0.0,2.0,1.0,0.0,1,subject_3
-0.4483265302665725,1.0,0.0,0.0,0.0,2.0,6,subject_3
-0.4483265302665725,1.0,0.0,0.0,0.0,1.0,5,subject_3
-0.4483265302665725,1.0,0.0,0.0,0.0,0.0,3,subject_3
-0.4483265302665725,1.0,0.0,0.0,1.0,2.0,6,subject_3
-0.4483265302665725,1.0,0.0,0.0,1.0,1.0,6,subject_3
-0.4483265302665725,1.0,0.0,0.0,1.0,0.0,5,subject_3
1.3857365480966777,-1.0,2.0,1.0,0.0,2.0,1,subject_3
1.3857365480966777,-1.0,2.0,1.0,0.0,1.0,1,subject_3
1.3857365480966777,-1.0,2.0,1.0,0.0,0.0,1,subject_3
1.3857365480966777,-1.0,2.0,1.0,1.0,2.0,2,subject_3
1.3857365480966777,-1.0,2.0,1.0,1.0,1.0,1,subject_3
1.3857365480966777,-1.0,2.0,1.0,1.0,0.0,1,subject_3
1.3857365480966777,-1.0,2.0,2.0,0.0,2.0,1,subject_3
1.3857365480966777,-1.0,2.0,2.0,0.0,1.0,1,subject_3
1.3857365480966777,-1.0,2.0,2.0,0.0,0.0,1,subject_3
1.3857365480966777,-1.0,2.0,2.0,1.0,2.0,1,subject_3
1.3857365480966777,-1.0,2.0,2.0,1.0,1.0,1,subject_3
1.3857365480966777,-1.0,2.0,2.0,1.0,0.0,1,subject_3
1.3857365480966777,-1.0,2.0,0.0,0.0,2.0,2,subject_3
1.3857365480966777,-1.0,2.0,0.0,0.0,1.0,1,subject_3
1.3857365480966777,-1.0,2.0,0.0,0.0,0.0,1,subject_3
1.3857365480966777,-1.0,2.0,0.0,1.0,2.0,5,subject_3
1.3857365480966777,-1.0,2.0,0.0,1.0,1.0,2,subject_3
1.3857365480966777,-1.0,2.0,0.0,1.0,0.0,1,subject_3
1.3857365480966777,-1.0,1.0,1.0,0.0,2.0,2,subject_3
1.3857365480966777,-1.0,1.0,1.0,0.0,1.0,1,subject_3
1.3857365480966777,-1.0,1.0,1.0,0.0,0.0,1,subject_3
1.3857365480966777,-1.0,1.0,1.0,1.0,2.0,4,subject_3
1.3857365480966777,-1.0,1.0,1.0,1.0,1.0,2,subject_3
1.3857365480966777,-1.0,1.0,1.0,1.0,0.0,1,subject_3
1.3857365480966777,-1.0,1.0,2.0,0.0,2.0,1,subject_3
1.3857365480966777,-1.0,1.0,2.0,0.0,1.0,1,subject_3
1.3857365480966777,-1.0,1.0,2.0,0.0,0.0,1,subject_3
1.3857365480966777,-1.0,1.0,2.0,1.0,2.0,1,subject_3
1.3857365480966777,-1.0,1.0,2.0,1.0,1.0,1,subject_3
1.3857365480966777,-1.0,1.0,2.0,1.0,0.0,1,subject_3
1.3857365480966777,-1.0,1.0,0.0,0.0,2.0,5,subject_3
1.3857365480966777,-1.0,1.0,0.0,0.0,1.0,2,subject_3
1.3857365480966777,-1.0,1.0,0.0,0.0,0.0,1,subject_3
1.3857365480966777,-1.0,1.0,0.0,1.0,2.0,6,subject_3
1.3857365480966777,-1.0,1.0,0.0,1.0,1.0,5,subject_3
1.3857365480966777,-1.0,1.0,0.0,1.0,0.0,2,subject_3
1.3857365480966777,-1.0,0.0,1.0,0.0,2.0,4,subject_3
1.3857365480966777,-1.0,0.0,1.0,0.0,1.0,2,subject_3
1.3857365480966777,-1.0,0.0,1.0,0.0,0.0,1,subject_3
1.3857365480966777,-1.0,0.0,1.0,1.0,2.0,6,subject_3
1.3857365480966777,-1.0,0.0,1.0,1.0,1.0,4,subject_3
1.3857365480966777,-1.0,0.0,1.0,1.0,0.0,2,subject_3
1.3857365480966777,-1.0,0.0,2.0,0.0,2.0,1,subject_3
1.3857365480966777,-1.0,0.0,2.0,0.0,1.0,1,subject_3
1.3857365480966777,-1.0,0.0,2.0,0.0,0.0,1,subject_3
1.3857365480966777,-1.0,0.0,2.0,1.0,2.0,3,subject_3
1.3857365480966777,-1.0,0.0,2.0,1.0,1.0,1,subject_3
1.3857365480966777,-1.0,0.0,2.0,1.0,0.0,1,subject_3
1.3857365480966777,-1.0,0.0,0.0,0.0,2.0,6,subject_3
1.3857365480966777,-1.0,0.0,0.0,0.0,1.0,5,subject_3
1.3857365480966777,-1.0,0.0,0.0,0.0,0.0,2,subject_3
1.3857365480966777,-1.0,0.0,0.0,1.0,2.0,6,subject_3
1.3857365480966777,-1.0,0.0,0.0,1.0,1.0,6,subject_3
1.3857365480966777,-1.0,0.0,0.0,1.0,0.0,4,subject_3
1.3857365480966777,1.0,2.0,1.0,0.0,2.0,2,subject_3
1.3857365480966777,1.0,2.0,1.0,0.0,1.0,1,subject_3
1.3857365480966777,1.0,2.0,1.0,0.0,0.0,1,subject_3
1.3857365480966777,1.0,2.0,1.0,1.0,2.0,4,subject_3
1.3857365480966777,1.0,2.0,1.0,1.0,1.0,2,subject_3
1.3857365480966777,1.0,2.0,1.0,1.0,0.0,1,subject_3
1.3857365480966777,1.0,2.0,2.0,0.0,2.0,1,subject_3
1.3857365480966777,1.0,2.0,2.0,0.0,1.0,1,subject_3
1.3857365480966777,1.0,2.0,2.0,0.0,0.0,1,subject_3
1.3857365480966777,1.0,2.0,2.0,1.0,2.0,1,subject_3
1.3857365480966777,1.0,2.0,2.0,1.0,1.0,1,subject_3
1.3857365480966777,1.0,2.0,2.0,1.0,0.0,1,subject_3
1.3857365480966777,1.0,2.0,0.0,0.0,2.0,5,subject_3
1.3857365480966777,1.0,2.0,0.0,0.0,1.0,2,subject_3
1.3857365480966777,1.0,2.0,0.0,0.0,0.0,1,subject_3
1.3857365480966777,1.0,2.0,0.0,1.0,2.0,6,subject_3
1.3857365480966777,1.0,2.0,0.0,1.0,1.0,4,subject_3
1.3857365480966777,1.0,2.0,0.0,1.0,0.0,2,subject_3
1.3857365480966777,1.0,1.0,1.0,0.0,2.0,4,subject_3
1.3857365480966777,1.0,1.0,1.0,0.0,1.0,1,subject_3
1.3857365480966777,1.0,1.0,1.0,0.0,0.0,1,subject_3
1.3857365480966777,1.0,1.0,1.0,1.0,2.0,6,subject_3
1.3857365480966777,1.0,1.0,1.0,1.0,1.0,4,subject_3
1.3857365480966777,1.0,1.0,1.0,1.0,0.0,1,subject_3
1.3857365480966777,1.0,1.0,2.0,0.0,2.0,1,subject_3
1.3857365480966777,1.0,1.0,2.0,0.0,1.0,1,subject_3
1.3857365480966777,1.0,1.0,2.0,0.0,0.0,1,subject_3
1.3857365480966777,1.0,1.0,2.0,1.0,2.0,3,subject_3
1.3857365480966777,1.0,1.0,2.0,1.0,1.0,1,subject_3
1.3857365480966777,1.0,1.0,2.0,1.0,0.0,1,subject_3
1.3857365480966777,1.0,1.0,0.0,0.0,2.0,6,subject_3
1.3857365480966777,1.0,1.0,0.0,0.0,1.0,4,subject_3
1.3857365480966777,1.0,1.0,0.0,0.0,0.0,2,subject_3
1.3857365480966777,1.0,1.0,0.0,1.0,2.0,6,subject_3
1.3857365480966777,1.0,1.0,0.0,1.0,1.0,6,subject_3
1.3857365480966777,1.0,1.0,0.0,1.0,0.0,4,subject_3
1.3857365480966777,1.0,0.0,1.0,0.0,2.0,6,subject_3
1.3857365480966777,1.0,0.0,1.0,0.0,1.0,3,subject_3
1.3857365480966777,1.0,0.0,1.0,0.0,0.0,1,subject_3
1.3857365480966777,1.0,0.0,1.0,1.0,2.0,6,subject_3
1.3857365480966777,1.0,0.0,1.0,1.0,1.0,6,subject_3
1.3857365480966777,1.0,0.0,1.0,1.0,0.0,3,subject_3
1.3857365480966777,1.0,0.0,2.0,0.0,2.0,3,subject_3
1.3857365480966777,1.0,0.0,2.0,0.0,1.0,1,subject_3
1.3857365480966777,1.0,0.0,2.0,0.0,0.0,1,subject_3
1.3857365480966777,1.0,0.0,2.0,1.0,2.0,5,subject_3
1.3857365480966777,1.0,0.0,2.0,1.0,1.0,3,subject_3
1.3857365480966777,1.0,0.0,2.0,1.0,0.0,1,subject_3
1.3857365480966777,1.0,0.0,0.0,0.0,2.0,6,subject_3
1.3857365480966777,1.0,0.0,0.0,0.0,1.0,6,subject_3
1.3857365480966777,1.0,0.0,0.0,0.0,0.0,4,subject_3
1.3857365480966777,1.0,0.0,0.0,1.0,2.0,6,subject_3
1.3857365480966777,1.0,0.0,0.0,1.0,1.0,6,subject_3
1.3857365480966777,1.0,0.0,0.0,1.0,0.0,6,subject_3
-0.937410017830106,-1.0,2.0,1.0,0.0,2.0,1,subject_4
-0.937410017830106,-1.0,2.0,1.0,0.0,1.0,1,subject_4
-0.937410017830106,-1.0,2.0,1.0,0.0,0.0,1,subject_4
-0.937410017830106,-1.0,2.0,1.0,1.0,2.0,3,subject_4
-0.937410017830106,-1.0,2.0,1.0,1.0,1.0,2,subject_4
-0.937410017830106,-1.0,2.0,1.0,1.0,0.0,1,subject_4
-0.937410017830106,-1.0,2.0,2.0,0.0,2.0,1,subject_4
-0.937410017830106,-1.0,2.0,2.0,0.0,1.0,1,subject_4
-0.937410017830106,-1.0,2.0,2.0,0.0,0.0,1,subject_4
-0.937410017830106,-1.0,2.0,2.0,1.0,2.0,2,subject_4
-0.937410017830106,-1.0,2.0,2.0,1.0,1.0,1,subject_4
-0.937410017830106,-1.0,2.0,2.0,1.0,0.0,1,subject_4
-0.937410017830106,-1.0,2.0,0.0,0.0,2.0,2,subject_4
-0.937410017830106,-1.0,2.0,0.0,0.0,1.0,1,subject_4
-0.937410017830106,-1.0,2.0,0.0,0.0,0.0,1,subject_4
-0.937410017830106,-1.0,2.0,0.0,1.0,2.0,5,subject_4
-0.937410017830106,-1.0,2.0,0.0,1.0,1.0,3,subject_4
-0.937410017830106,-1.0,2.0,0.0,1.0,0.0,2,subject_4
-0.937410017830106,-1.0,1.0,1.0,0.0,2.0,3,subject_4
-0.937410017830106,-1.0,1.0,1.0,0.0,1.0,2,subject_4
-0.937410017830106,-1.0,1.0,1.0,0.0,0.0,1,subject_4
-0.937410017830106,-1.0,1.0,1.0,1.0,2.0,5,subject_4
-0.937410017830106,-1.0,1.0,1.0,1.0,1.0,4,subject_4
-0.937410017830106,-1.0,1.0,1.0,1.0,0.0,2,subject_4
-0.937410017830106,-1.0,1.0,2.0,0.0,2.0,1,subject_4
-0.937410017830106,-1.0,1.0,2.0,0.0,1.0,1,subject_4
-0.937410017830106,-1.0,1.0,2.0,0.0,0.0,1,subject_4
-0.937410017830106,-1.0,1.0,2.0,1.0,2.0,4,subject_4
-0.937410017830106,-1.0,1.0,2.0,1.0,1.0,2,subject_4
-0.937410017830106,-1.0,1.0,2.0,1.0,0.0,1,subject_4
-0.937410017830106,-1.0,1.0,0.0,0.0,2.0,5,subject_4
-0.937410017830106,-1.0,1.0,0.0,0.0,1.0,3,subject_4
-0.937410017830106,-1.0,1.0,0.0,0.0,0.0,2,subject_4
-0.937410017830106,-1.0,1.0,0.0,1.0,2.0,6,subject_4
-0.937410017830106,-1.0,1.0,0.0,1.0,1.0,5,subject_4
-0.937410017830106,-1.0,1.0,0.0,1.0,0.0,4,subject_4
-0.937410017830106,-1.0,0.0,1.0,0.0,2.0,5,subject_4
-0.937410017830106,-1.0,0.0,1.0,0.0,1.0,4,subject_4
-0.937410017830106,-1.0,0.0,1.0,0.0,0.0,2,subject_4
-0.937410017830106,-1.0,0.0,1.0,1.0,2.0,6,subject_4
-0.937410017830106,-1.0,0.0,1.0,1.0,1.0,6,subject_4
-0.937410017830106,-1.0,0.0,1.0,1.0,0.0,5,subject_4
-0.937410017830106,-1.0,0.0,2.0,0.0,2.0,4,subject_4
-0.937410017830106,-1.0,0.0,2.0,0.0,1.0,2,subject_4
-0.937410017830106,-1.0,0.0,2.0,0.0,0.0,1,subject_4
-0.937410017830106,-1.0,0.0,2.0,1.0,2.0,6,subject_4
-0.937410017830106,-1.0,0.0,2.0,1.0,1.0,5,subject_4
-0.937410017830106,-1.0,0.0,2.0,1.0,0.0,3,subject_4
-0.937410017830106,-1.0,0.0,0.0,0.0,2.0,6,subject_4
-0.937410017830106,-1.0,0.0,0.0,0.0,1.0,5,subject_4
-0.937410017830106,-1.0,0.0,0.0,0.0,0.0,4,subject_4
-0.937410017830106,-1.0,0.0,0.0,1.0,2.0,6,subject_4
-0.937410017830106,-1.0,0.0,0.0,1.0,1.0,6,subject_4
-0.937410017830106,-1.0,0.0,0.0,1.0,0.0,6,subject_4
-0.937410017830106,1.0,2.0,1.0,0.0,2.0,1,subject_4
-0.937410017830106,1.0,2.0,1.0,0.0,1.0,1,subject_4
-0.937410017830106,1.0,2.0,1.0,0.0,0.0,1,subject_4
-0.937410017830106,1.0,2.0,1.0,1.0,2.0,2,subject_4
-0.937410017830106,1.0,2.0,1.0,1.0,1.0,1,subject_4
-0.937410017830106,1.0,2.0,1.0,1.0,0.0,1,subject_4
-0.937410017830106,1.0,2.0,2.0,0.0,2.0,1,subject_4
-0.937410017830106,1.0,2.0,2.0,0.0,1.0,1,subject_4
-0.937410017830106,1.0,2.0,2.0,0.0,0.0,1,subject_4
-0.937410017830106,1.0,2.0,2.0,1.0,2.0,1,subject_4
-0.937410017830106,1.0,2.0,2.0,1.0,1.0,1,subject_4
-0.937410017830106,1.0,2.0,2.0,1.0,0.0,1,subject_4
-0.937410017830106,1.0,2.0,0.0,0.0,2.0,1,subject_4
-0.937410017830106,1.0,2.0,0.0,0.0,1.0,1,subject_4
-0.937410017830106,1.0,2.0,0.0,0.0,0.0,1,subject_4
-0.937410017830106,1.0,2.0,0.0,1.0,2.0,4,subject_4
-0.937410017830106,1.0,2.0,0.0,1.0,1.0,2,subject_4
-0.937410017830106,1.0,2.0,0.0,1.0,0.0,1,subject_4
-0.937410017830106,1.0,1.0,1.0,0.0,2.0,2,subject_4
-0.937410017830106,1.0,1.0,1.0,0.0,1.0,1,subject_4
-0.937410017830106,1.0,1.0,1.0,0.0,0.0,1,subject_4
-0.937410017830106,1.0,1.0,1.0,1.0,2.0,5,subject_4
-0.937410017830106,1.0,1.0,1.0,1.0,1.0,3,subject_4
-0.937410017830106,1.0,1.0,1.0,1.0,0.0,2,subject_4
-0.937410017830106,1.0,1.0,2.0,0.0,2.0,1,subject_4
-0.937410017830106,1.0,1.0,2.0,0.0,1.0,1,subject_4
-0.937410017830106,1.0,1.0,2.0,0.0,0.0,1,subject_4
-0.937410017830106,1.0,1.0,2.0,1.0,2.0,3,subject_4
-0.937410017830106,1.0,1.0,2.0,1.0,1.0,2,subject_4
-0.937410017830106,1.0,1.0,2.0,1.0,0.0,1,subject_4
-0.937410017830106,1.0,1.0,0.0,0.0,2.0,4,subject_4
-0.937410017830106,1.0,1.0,0.0,0.0,1.0,2,subject_4
-0.937410017830106,1.0,1.0,0.0,0.0,0.0,1,subject_4
-0.937410017830106,1.0,1.0,0.0,1.0,2.0,6,subject_4
-0.937410017830106,1.0,1.0,0.0,1.0,1.0,5,subject_4
-0.937410017830106,1.0,1.0,0.0,1.0,0.0,3,subject_4
-0.937410017830106,1.0,0.0,1.0,0.0,2.0,5,subject_4
-0.937410017830106,1.0,0.0,1.0,0.0,1.0,3,subject_4
-0.937410017830106,1.0,0.0,1.0,0.0,0.0,1,subject_4
-0.937410017830106,1.0,0.0,1.0,1.0,2.0,6,subject_4
-0.937410017830106,1.0,0.0,1.0,1.0,1.0,5,subject_4
-0.937410017830106,1.0,0.0,1.0,1.0,0.0,4,subject_4
-0.937410017830106,1.0,0.0,2.0,0.0,2.0,3,subject_4
-0.937410017830106,1.0,0.0,2.0,0.0,1.0,1,subject_4
-0.937410017830106,1.0,0.0,2.0,0.0,0.0,1,subject_4
-0.937410017830106,1.0,0.0,2.0,1.0,2.0,5,subject_4
-0.937410017830106,1.0,0.0,2.0,1.0,1.0,4,subject_4
-0.937410017830106,1.0,0.0,2.0,1.0,0.0,2,subject_4
-0.937410017830106,1.0,0.0,0.0,0.0,2.0,6,subject_4
-0.937410017830106,1.0,0.0,0.0,0.0,1.0,5,subject_4
-0.937410017830106,1.0,0.0,0.0,0.0,0.0,3,subject_4
-0.937410017830106,1.0,0.0,0.0,1.0,2.0,6,subject_4
-0.937410017830106,1.0,0.0,0.0,1.0,1.0,6,subject_4
-0.937410017830106,1.0,0.0,0.0,1.0,0.0,5,subject_4
-0.4483265302665725,-1.0,2.0,1.0,0.0,2.0,1,subject_4
-0.4483265302665725,-1.0,2.0,1.0,0.0,1.0,1,subject_4
-0.4483265302665725,-1.0,2.0,1.0,0.0,0.0,1,subject_4
-0.4483265302665725,-1.0,2.0,1.0,1.0,2.0,3,subject_4
-0.4483265302665725,-1.0,2.0,1.0,1.0,1.0,1,subject_4
-0.4483265302665725,-1.0,2.0,1.0,1.0,0.0,1,subject_4
-0.4483265302665725,-1.0,2.0,2.0,0.0,2.0,1,subject_4
-0.4483265302665725,-1.0,2.0,2.0,0.0,1.0,1,subject_4
-0.4483265302665725,-1.0,2.0,2.0,0.0,0.0,1,subject_4
-0.4483265302665725,-1.0,2.0,2.0,1.0,2.0,1,subject_4
-0.4483265302665725,-1.0,2.0,2.0,1.0,1.0,1,subject_4
-0.4483265302665725,-1.0,2.0,2.0,1.0,0.0,1,subject_4
-0.4483265302665725,-1.0,2.0,0.0,0.0,2.0,2,subject_4
-0.4483265302665725,-1.0,2.0,0.0,0.0,1.0,1,subject_4
-0.4483265302665725,-1.0,2.0,0.0,0.0,0.0,1,subject_4
-0.4483265302665725,-1.0,2.0,0.0,1.0,2.0,5,subject_4
-0.4483265302665725,-1.0,2.0,0.0,1.0,1.0,3,subject_4
-0.4483265302665725,-1.0,2.0,0.0,1.0,0.0,1,subject_4
-0.4483265302665725,-1.0,1.0,1.0,0.0,2.0,2,subject_4
-0.4483265302665725,-1.0,1.0,1.0,0.0,1.0,1,subject_4
-0.4483265302665725,-1.0,1.0,1.0,0.0,0.0,1,subject_4
-0.4483265302665725,-1.0,1.0,1.0,1.0,2.0,5,subject_4
-0.4483265302665725,-1.0,1.0,1.0,1.0,1.0,4,subject_4
-0.4483265302665725,-1.0,1.0,1.0,1.0,0.0,2,subject_4
-0.4483265302665725,-1.0,1.0,2.0,0.0,2.0,1,subject_4
-0.4483265302665725,-1.0,1.0,2.0,0.0,1.0,1,subject_4
-0.4483265302665725,-1.0,1.0,2.0,0.0,0.0,1,subject_4
-0.4483265302665725,-1.0,1.0,2.0,1.0,2.0,4,subject_4
-0.4483265302665725,-1.0,1.0,2.0,1.0,1.0,2,subject_4
-0.4483265302665725,-1.0,1.0,2.0,1.0,0.0,1,subject_4
-0.4483265302665725,-1.0,1.0,0.0,0.0,2.0,4,subject_4
-0.4483265302665725,-1.0,1.0,0.0,0.0,1.0,3,subject_4
-0.4483265302665725,-1.0,1.0,0.0,0.0,0.0,1,subject_4
-0.4483265302665725,-1.0,1.0,0.0,1.0,2.0,6,subject_4
-0.4483265302665725,-1.0,1.0,0.0,1.0,1.0,5,subject_4
-0.4483265302665725,-1.0,1.0,0.0,1.0,0.0,4,subject_4
-0.4483265302665725,-1.0,0.0,1.0,0.0,2.0,5,subject_4
-0.4483265302665725,-1.0,0.0,1.0,0.0,1.0,3,subject_4
-0.4483265302665725,-1.0,0.0,1.0,0.0,0.0,2,subject_4
-0.4483265302665725,-1.0,0.0,1.0,1.0,2.0,6,subject_4
-0.4483265302665725,-1.0,0.0,1.0,1.0,1.0,6,subject_4
-0.4483265302665725,-1.0,0.0,1.0,1.0,0.0,5,subject_4
-0.4483265302665725,-1.0,0.0,2.0,0.0,2.0,3,subject_4
-0.4483265302665725,-1.0,0.0,2.0,0.0,1.0,2,subject_4
-0.4483265302665725,-1.0,0.0,2.0,0.0,0.0,1,subject_4
-0.4483265302665725,-1.0,0.0,2.0,1.0,2.0,6,subject_4
-0.4483265302665725,-1.0,0.0,2.0,1.0,1.0,5,subject_4
-0.4483265302665725,-1.0,0.0,2.0,1.0,0.0,3,subject_4
-0.4483265302665725,-1.0,0.0,0.0,0.0,2.0,6,subject_4
-0.4483265302665725,-1.0,0.0,0.0,0.0,1.0,5,subject_4
-0.4483265302665725,-1.0,0.0,0.0,0.0,0.0,4,subject_4
-0.4483265302665725,-1.0,0.0,0.0,1.0,2.0,6,subject_4
-0.4483265302665725,-1.0,0.0,0.0,1.0,1.0,6,subject_4
-0.4483265302665725,-1.0,0.0,0.0,1.0,0.0,6,subject_4
-0.4483265302665725,1.0,2.0,1.0,0.0,2.0,1,subject_4
-0.4483265302665725,1.0,2.0,1.0,0.0,1.0,1,subject_4
-0.4483265302665725,1.0,2.0,1.0,0.0,0.0,1,subject_4
-0.4483265302665725,1.0,2.0,1.0,1.0,2.0,3,subject_4
-0.4483265302665725,1.0,2.0,1.0,1.0,1.0,1,subject_4
-0.4483265302665725,1.0,2.0,1.0,1.0,0.0,1,subject_4
-0.4483265302665725,1.0,2.0,2.0,0.0,2.0,1,subject_4
-0.4483265302665725,1.0,2.0,2.0,0.0,1.0,1,subject_4
-0.4483265302665725,1.0,2.0,2.0,0.0,0.0,1,subject_4
-0.4483265302665725,1.0,2.0,2.0,1.0,2.0,1,subject_4
-0.4483265302665725,1.0,2.0,2.0,1.0,1.0,1,subject_4
-0.4483265302665725,1.0,2.0,2.0,1.0,0.0,1,subject_4
-0.4483265302665725,1.0,2.0,0.0,0.0,2.0,2,subject_4
-0.4483265302665725,1.0,2.0,0.0,0.0,1.0,1,subject_4
-0.4483265302665725,1.0,2.0,0.0,0.0,0.0,1,subject_4
-0.4483265302665725,1.0,2.0,0.0,1.0,2.0,4,subject_4
-0.4483265302665725,1.0,2.0,0.0,1.0,1.0,2,subject_4
-0.4483265302665725,1.0,2.0,0.0,1.0,0.0,1,subject_4
-0.4483265302665725,1.0,1.0,1.0,0.0,2.0,2,subject_4
-0.4483265302665725,1.0,1.0,1.0,0.0,1.0,1,subject_4
-0.4483265302665725,1.0,1.0,1.0,0.0,0.0,1,subject_4
-0.4483265302665725,1.0,1.0,1.0,1.0,2.0,5,subject_4
-0.4483265302665725,1.0,1.0,1.0,1.0,1.0,4,subject_4
-0.4483265302665725,1.0,1.0,1.0,1.0,0.0,2,subject_4
-0.4483265302665725,1.0,1.0,2.0,0.0,2.0,1,subject_4
-0.4483265302665725,1.0,1.0,2.0,0.0,1.0,1,subject_4
-0.4483265302665725,1.0,1.0,2.0,0.0,0.0,1,subject_4
-0.4483265302665725,1.0,1.0,2.0,1.0,2.0,4,subject_4
-0.4483265302665725,1.0,1.0,2.0,1.0,1.0,2,subject_4
-0.4483265302665725,1.0,1.0,2.0,1.0,0.0,1,subject_4
-0.4483265302665725,1.0,1.0,0.0,0.0,2.0,4,subject_4
-0.4483265302665725,1.0,1.0,0.0,0.0,1.0,2,subject_4
-0.4483265302665725,1.0,1.0,0.0,0.0,0.0,1,subject_4
-0.4483265302665725,1.0,1.0,0.0,1.0,2.0,6,subject_4
-0.4483265302665725,1.0,1.0,0.0,1.0,1.0,5,subject_4
-0.4483265302665725,1.0,1.0,0.0,1.0,0.0,3,subject_4
-0.4483265302665725,1.0,0.0,1.0,0.0,2.0,5,subject_4
-0.4483265302665725,1.0,0.0,1.0,0.0,1.0,3,subject_4
-0.4483265302665725,1.0,0.0,1.0,0.0,0.0,2,subject_4
-0.4483265302665725,1.0,0.0,1.0,1.0,2.0,6,subject_4
-0.4483265302665725,1.0,0.0,1.0,1.0,1.0,6,subject_4
-0.4483265302665725,1.0,0.0,1.0,1.0,0.0,4,subject_4
-0.4483265302665725,1.0,0.0,2.0,0.0,2.0,3,subject_4
-0.4483265302665725,1.0,0.0,2.0,0.0,1.0,2,subject_4
-0.4483265302665725,1.0,0.0,2.0,0.0,0.0,1,subject_4
-0.4483265302665725,1.0,0.0,2.0,1.0,2.0,6,subject_4
-0.4483265302665725,1.0,0.0,2.0,1.0,1.0,5,subject_4
-0.4483265302665725,1.0,0.0,2.0,1.0,0.0,3,subject_4
-0.4483265302665725,1.0,0.0,0.0,0.0,2.0,6,subject_4
-0.4483265302665725,1.0,0.0,0.0,0.0,1.0,5,subject_4
-0.4483265302665725,1.0,0.0,0.0,0.0,0.0,3,subject_4
-0.4483265302665725,1.0,0.0,0.0,1.0,2.0,6,subject_4
-0.4483265302665725,1.0,0.0,0.0,1.0,1.0,6,subject_4
-0.4483265302665725,1.0,0.0,0.0,1.0,0.0,6,subject_4
1.3857365480966777,-1.0,2.0,1.0,0.0,2.0,1,subject_4
1.3857365480966777,-1.0,2.0,1.0,0.0,1.0,1,subject_4
1.3857365480966777,-1.0,2.0,1.0,0.0,0.0,1,subject_4
1.3857365480966777,-1.0,2.0,1.0,1.0,2.0,2,subject_4
1.3857365480966777,-1.0,2.0,1.0,1.0,1.0,1,subject_4
1.3857365480966777,-1.0,2.0,1.0,1.0,0.0,1,subject_4
1.3857365480966777,-1.0,2.0,2.0,0.0,2.0,1,subject_4
1.3857365480966777,-1.0,2.0,2.0,0.0,1.0,1,subject_4
1.3857365480966777,-1.0,2.0,2.0,0.0,0.0,1,subject_4
1.3857365480966777,-1.0,2.0,2.0,1.0,2.0,1,subject_4
1.3857365480966777,-1.0,2.0,2.0,1.0,1.0,1,subject_4
1.3857365480966777,-1.0,2.0,2.0,1.0,0.0,1,subject_4
1.3857365480966777,-1.0,2.0,0.0,0.0,2.0,1,subject_4
1.3857365480966777,-1.0,2.0,0.0,0.0,1.0,1,subject_4
1.3857365480966777,-1.0,2.0,0.0,0.0,0.0,1,subject_4
1.3857365480966777,-1.0,2.0,0.0,1.0,2.0,3,subject_4
1.3857365480966777,-1.0,2.0,0.0,1.0,1.0,2,subject_4
1.3857365480966777,-1.0,2.0,0.0,1.0,0.0,1,subject_4
1.3857365480966777,-1.0,1.0,1.0,0.0,2.0,1,subject_4
1.3857365480966777,-1.0,1.0,1.0,0.0,1.0,1,subject_4
1.3857365480966777,-1.0,1.0,1.0,0.0,0.0,1,subject_4
1.3857365480966777,-1.0,1.0,1.0,1.0,2.0,4,subject_4
1.3857365480966777,-1.0,1.0,1.0,1.0,1.0,2,subject_4
1.3857365480966777,-1.0,1.0,1.0,1.0,0.0,1,subject_4
1.3857365480966777,-1.0,1.0,2.0,0.0,2.0,1,subject_4
1.3857365480966777,-1.0,1.0,2.0,0.0,1.0,1,subject_4
1.3857365480966777,-1.0,1.0,2.0,0.0,0.0,1,subject_4
1.3857365480966777,-1.0,1.0,2.0,1.0,2.0,2,subject_4
1.3857365480966777,-1.0,1.0,2.0,1.0,1.0,1,subject_4
1.3857365480966777,-1.0,1.0,2.0,1.0,0.0,1,subject_4
1.3857365480966777,-1.0,1.0,0.0,0.0,2.0,3,subject_4
1.3857365480966777,-1.0,1.0,0.0,0.0,1.0,1,subject_4
1.3857365480966777,-1.0,1.0,0.0,0.0,0.0,1,subject_4
1.3857365480966777,-1.0,1.0,0.0,1.0,2.0,5,subject_4
1.3857365480966777,-1.0,1.0,0.0,1.0,1.0,4,subject_4
1.3857365480966777,-1.0,1.0,0.0,1.0,0.0,2,subject_4
1.3857365480966777,-1.0,0.0,1.0,0.0,2.0,4,subject_4
1.3857365480966777,-1.0,0.0,1.0,0.0,1.0,2,subject_4
1.3857365480966777,-1.0,0.0,1.0,0.0,0.0,1,subject_4
1.3857365480966777,-1.0,0.0,1.0,1.0,2.0,6,subject_4
1.3857365480966777,-1.0,0.0,1.0,1.0,1.0,5,subject_4
1.3857365480966777,-1.0,0.0,1.0,1.0,0.0,3,subject_4
1.3857365480966777,-1.0,0.0,2.0,0.0,2.0,2,subject_4
1.3857365480966777,-1.0,0.0,2.0,0.0,1.0,1,subject_4
1.3857365480966777,-1.0,0.0,2.0,0.0,0.0,1,subject_4
1.3857365480966777,-1.0,0.0,2.0,1.0,2.0,5,subject_4
1.3857365480966777,-1.0,0.0,2.0,1.0,1.0,3,subject_4
1.3857365480966777,-1.0,0.0,2.0,1.0,0.0,2,subject_4
1.3857365480966777,-1.0,0.0,0.0,0.0,2.0,5,subject_4
1.3857365480966777,-1.0,0.0,0.0,0.0,1.0,4,subject_4
1.3857365480966777,-1.0,0.0,0.0,0.0,0.0,2,subject_4
1.3857365480966777,-1.0,0.0,0.0,1.0,2.0,6,subject_4
1.3857365480966777,-1.0,0.0,0.0,1.0,1.0,6,subject_4
1.3857365480966777,-1.0,0.0,0.0,1.0,0.0,5,subject_4
1.3857365480966777,1.0,2.0,1.0,0.0,2.0,2,subject_4
1.3857365480966777,1.0,2.0,1.0,0.0,1.0,1,subject_4
1.3857365480966777,1.0,2.0,1.0,0.0,0.0,1,subject_4
1.3857365480966777,1.0,2.0,1.0,1.0,2.0,5,subject_4
1.3857365480966777,1.0,2.0,1.0,1.0,1.0,3,subject_4
1.3857365480966777,1.0,2.0,1.0,1.0,0.0,1,subject_4
1.3857365480966777,1.0,2.0,2.0,0.0,2.0,1,subject_4
1.3857365480966777,1.0,2.0,2.0,0.0,1.0,1,subject_4
1.3857365480966777,1.0,2.0,2.0,0.0,0.0,1,subject_4
1.3857365480966777,1.0,2.0,2.0,1.0,2.0,3,subject_4
1.3857365480966777,1.0,2.0,2.0,1.0,1.0,1,subject_4
1.3857365480966777,1.0,2.0,2.0,1.0,0.0,1,subject_4
1.3857365480966777,1.0,2.0,0.0,0.0,2.0,4,subject_4
1.3857365480966777,1.0,2.0,0.0,0.0,1.0,2,subject_4
1.3857365480966777,1.0,2.0,0.0,0.0,0.0,1,subject_4
1.3857365480966777,1.0,2.0,0.0,1.0,2.0,6,subject_4
1.3857365480966777,1.0,2.0,0.0,1.0,1.0,5,subject_4
1.3857365480966777,1.0,2.0,0.0,1.0,0.0,3,subject_4
1.3857365480966777,1.0,1.0,1.0,0.0,2.0,4,subject_4
1.3857365480966777,1.0,1.0,1.0,0.0,1.0,2,subject_4
1.3857365480966777,1.0,1.0,1.0,0.0,0.0,1,subject_4
1.3857365480966777,1.0,1.0,1.0,1.0,2.0,6,subject_4
1.3857365480966777,1.0,1.0,1.0,1.0,1.0,5,subject_4
1.3857365480966777,1.0,1.0,1.0,1.0,0.0,4,subject_4
1.3857365480966777,1.0,1.0,2.0,0.0,2.0,2,subject_4
1.3857365480966777,1.0,1.0,2.0,0.0,1.0,1,subject_4
1.3857365480966777,1.0,1.0,2.0,0.0,0.0,1,subject_4
1.3857365480966777,1.0,1.0,2.0,1.0,2.0,5,subject_4
1.3857365480966777,1.0,1.0,2.0,1.0,1.0,4,subject_4
1.3857365480966777,1.0,1.0,2.0,1.0,0.0,2,subject_4
1.3857365480966777,1.0,1.0,0.0,0.0,2.0,6,subject_4
1.3857365480966777,1.0,1.0,0.0,0.0,1.0,5,subject_4
1.3857365480966777,1.0,1.0,0.0,0.0,0.0,3,subject_4
1.3857365480966777,1.0,1.0,0.0,1.0,2.0,6,subject_4
1.3857365480966777,1.0,1.0,0.0,1.0,1.0,6,subject_4
1.3857365480966777,1.0,1.0,0.0,1.0,0.0,5,subject_4
1.3857365480966777,1.0,0.0,1.0,0.0,2.0,6,subject_4
1.3857365480966777,1.0,0.0,1.0,0.0,1.0,5,subject_4
1.3857365480966777,1.0,0.0,1.0,0.0,0.0,3,subject_4
1.3857365480966777,1.0,0.0,1.0,1.0,2.0,6,subject_4
1.3857365480966777,1.0,0.0,1.0,1.0,1.0,6,subject_4
1.3857365480966777,1.0,0.0,1.0,1.0,0.0,6,subject_4
1.3857365480966777,1.0,0.0,2.0,0.0,2.0,5,subject_4
1.3857365480966777,1.0,0.0,2.0,0.0,1.0,3,subject_4
1.3857365480966777,1.0,0.0,2.0,0.0,0.0,2,subject_4
1.3857365480966777,1.0,0.0,2.0,1.0,2.0,6,subject_4
1.3857365480966777,1.0,0.0,2.0,1.0,1.0,6,subject_4
1.3857365480966777,1.0,0.0,2.0,1.0,0.0,5,subject_4
1.3857365480966777,1.0,0.0,0.0,0.0,2.0,6,subject_4
1.3857365480966777,1.0,0.0,0.0,0.0,1.0,6,subject_4
1.3857365480966777,1.0,0.0,0.0,0.0,0.0,5,subject_4
1.3857365480966777,1.0,0.0,0.0,1.0,2.0,6,subject_4
1.3857365480966777,1.0,0.0,0.0,1.0,1.0,6,subject_4
1.3857365480966777,1.0,0.0,0.0,1.0,0.0,6,subject_4
-0.937410017830106,-1.0,2.0,1.0,0.0,2.0,2,subject_5
-0.937410017830106,-1.0,2.0,1.0,0.0,1.0,1,subject_5
-0.937410017830106,-1.0,2.0,1.0,0.0,0.0,1,subject_5
-0.937410017830106,-1.0,2.0,1.0,1.0,2.0,4,subject_5
-0.937410017830106,-1.0,2.0,1.0,1.0,1.0,2,subject_5
-0.937410017830106,-1.0,2.0,1.0,1.0,0.0,1,subject_5
-0.937410017830106,-1.0,2.0,2.0,0.0,2.0,1,subject_5
-0.937410017830106,-1.0,2.0,2.0,0.0,1.0,1,subject_5
-0.937410017830106,-1.0,2.0,2.0,0.0,0.0,1,subject_5
-0.937410017830106,-1.0,2.0,2.0,1.0,2.0,2,subject_5
-0.937410017830106,-1.0,2.0,2.0,1.0,1.0,1,subject_5
-0.937410017830106,-1.0,2.0,2.0,1.0,0.0,1,subject_5
-0.937410017830106,-1.0,2.0,0.0,0.0,2.0,4,subject_5
-0.937410017830106,-1.0,2.0,0.0,0.0,1.0,2,subject_5
-0.937410017830106,-1.0,2.0,0.0,0.0,0.0,1,subject_5
-0.937410017830106,-1.0,2.0,0.0,1.0,2.0,6,subject_5
-0.937410017830106,-1.0,2.0,0.0,1.0,1.0,4,subject_5
-0.937410017830106,-1.0,2.0,0.0,1.0,0.0,2,subject_5
-0.937410017830106,-1.0,1.0,1.0,0.0,2.0,5,subject_5
-0.937410017830106,-1.0,1.0,1.0,0.0,1.0,2,subject_5
-0.937410017830106,-1.0,1.0,1.0,0.0,0.0,1,subject_5
-0.937410017830106,-1.0,1.0,1.0,1.0,2.0,6,subject_5
-0.937410017830106,-1.0,1.0,1.0,1.0,1.0,5,subject_5
-0.937410017830106,-1.0,1.0,1.0,1.0,0.0,2,subject_5
-0.937410017830106,-1.0,1.0,2.0,0.0,2.0,3,subject_5
-0.937410017830106,-1.0,1.0,2.0,0.0,1.0,1,subject_5
-0.937410017830106,-1.0,1.0,2.0,0.0,0.0,1,subject_5
-0.937410017830106,-1.0,1.0,2.0,1.0,2.0,5,subject_5
-0.937410017830106,-1.0,1.0,2.0,1.0,1.0,2,subject_5
-0.937410017830106,-1.0,1.0,2.0,1.0,0.0,1,subject_5
-0.937410017830106,-1.0,1.0,0.0,0.0,2.0,6,subject_5
-0.937410017830106,-1.0,1.0,0.0,0.0,1.0,5,subject_5
-0.937410017830106,-1.0,1.0,0.0,0.0,0.0,2,subject_5
-0.937410017830106,-1.0,1.0,0.0,1.0,2.0,6,subject_5
-0.937410017830106,-1.0,1.0,0.0,1.0,1.0,6,subject_5
-0.937410017830106,-1.0,1.0,0.0,1.0,0.0,4,subject_5
-0.937410017830106,-1.0,0.0,1.0,0.0,2.0,6,subject_5
-0.937410017830106,-1.0,0.0,1.0,0.0,1.0,5,subject_5
-0.937410017830106,-1.0,0.0,1.0,0.0,0.0,3,subject_5
-0.937410017830106,-1.0,0.0,1.0,1.0,2.0,6,subject_5
-0.937410017830106,-1.0,0.0,1.0,1.0,1.0,6,subject_5
-0.937410017830106,-1.0,0.0,1.0,1.0,0.0,5,subject_5
-0.937410017830106,-1.0,0.0,2.0,0.0,2.0,5,subject_5
-0.937410017830106,-1.0,0.0,2.0,0.0,1.0,3,subject_5
-0.937410017830106,-1.0,0.0,2.0,0.0,0.0,1,subject_5
-0.937410017830106,-1.0,0.0,2.0,1.0,2.0,6,subject_5
-0.937410017830106,-1.0,0.0,2.0,1.0,1.0,5,subject_5
-0.937410017830106,-1.0,0.0,2.0,1.0,0.0,3,subject_5
-0.937410017830106,-1.0,0.0,0.0,0.0,2.0,6,subject_5
-0.937410017830106,-1.0,0.0,0.0,0.0,1.0,6,subject_5
-0.937410017830106,-1.0,0.0,0.0,0.0,0.0,5,subject_5
-0.937410017830106,-1.0,0.0,0.0,1.0,2.0,6,subject_5
-0.937410017830106,-1.0,0.0,0.0,1.0,1.0,6,subject_5
-0.937410017830106,-1.0,0.0,0.0,1.0,0.0,6,subject_5
-0.937410017830106,1.0,2.0,1.0,0.0,2.0,1,subject_5
-0.937410017830106,1.0,2.0,1.0,0.0,1.0,1,subject_5
-0.937410017830106,1.0,2.0,1.0,0.0,0.0,1,subject_5
-0.937410017830106,1.0,2.0,1.0,1.0,2.0,2,subject_5
-0.937410017830106,1.0,2.0,1.0,1.0,1.0,1,subject_5
-0.937410017830106,1.0,2.0,1.0,1.0,0.0,1,subject_5
-0.937410017830106,1.0,2.0,2.0,0.0,2.0,1,subject_5
-0.937410017830106,1.0,2.0,2.0,0.0,1.0,1,subject_5
-0.937410017830106,1.0,2.0,2.0,0.0,0.0,1,subject_5
-0.937410017830106,1.0,2.0,2.0,1.0,2.0,1,subject_5
-0.937410017830106,1.0,2.0,2.0,1.0,1.0,1,subject_5
-0.937410017830106,1.0,2.0,2.0,1.0,0.0,1,subject_5
-0.937410017830106,1.0,2.0,0.0,0.0,2.0,2,subject_5
-0.937410017830106,1.0,2.0,0.0,0.0,1.0,1,subject_5
-0.937410017830106,1.0,2.0,0.0,0.0,0.0,1,subject_5
-0.937410017830106,1.0,2.0,0.0,1.0,2.0,4,subject_5
-0.937410017830106,1.0,2.0,0.0,1.0,1.0,2,subject_5
-0.937410017830106,1.0,2.0,0.0,1.0,0.0,1,subject_5
-0.937410017830106,1.0,1.0,1.0,0.0,2.0,3,subject_5
-0.937410017830106,1.0,1.0,1.0,0.0,1.0,1,subject_5
-0.937410017830106,1.0,1.0,1.0,0.0,0.0,1,subject_5
-0.937410017830106,1.0,1.0,1.0,1.0,2.0,5,subject_5
-0.937410017830106,1.0,1.0,1.0,1.0,1.0,3,subject_5
-0.937410017830106,1.0,1.0,1.0,1.0,0.0,1,subject_5
-0.937410017830106,1.0,1.0,2.0,0.0,2.0,1,subject_5
-0.937410017830106,1.0,1.0,2.0,0.0,1.0,1,subject_5
-0.937410017830106,1.0,1.0,2.0,0.0,0.0,1,subject_5
-0.937410017830106,1.0,1.0,2.0,1.0,2.0,3,subject_5
-0.937410017830106,1.0,1.0,2.0,1.0,1.0,1,subject_5
-0.937410017830106,1.0,1.0,2.0,1.0,0.0,1,subject_5
-0.937410017830106,1.0,1.0,0.0,0.0,2.0,5,subject_5
-0.937410017830106,1.0,1.0,0.0,0.0,1.0,3,subject_5
-0.937410017830106,1.0,1.0,0.0,0.0,0.0,1,subject_5
-0.937410017830106,1.0,1.0,0.0,1.0,2.0,6,subject_5
-0.937410017830106,1.0,1.0,0.0,1.0,1.0,5,subject_5
-0.937410017830106,1.0,1.0,0.0,1.0,0.0,2,subject_5
-0.937410017830106,1.0,0.0,1.0,0.0,2.0,5,subject_5
-0.937410017830106,1.0,0.0,1.0,0.0,1.0,3,subject_5
-0.937410017830106,1.0,0.0,1.0,0.0,0.0,1,subject_5
-0.937410017830106,1.0,0.0,1.0,1.0,2.0,6,subject_5
-0.937410017830106,1.0,0.0,1.0,1.0,1.0,5,subject_5
-0.937410017830106,1.0,0.0,1.0,1.0,0.0,3,subject_5
-0.937410017830106,1.0,0.0,2.0,0.0,2.0,3,subject_5
-0.937410017830106,1.0,0.0,2.0,0.0,1.0,1,subject_5
-0.937410017830106,1.0,0.0,2.0,0.0,0.0,1,subject_5
-0.937410017830106,1.0,0.0,2.0,1.0,2.0,5,subject_5
-0.937410017830106,1.0,0.0,2.0,1.0,1.0,3,subject_5
-0.937410017830106,1.0,0.0,2.0,1.0,0.0,1,subject_5
-0.937410017830106,1.0,0.0,0.0,0.0,2.0,6,subject_5
-0.937410017830106,1.0,0.0,0.0,0.0,1.0,5,subject_5
-0.937410017830106,1.0,0.0,0.0,0.0,0.0,3,subject_5
-0.937410017830106,1.0,0.0,0.0,1.0,2.0,6,subject_5
-0.937410017830106,1.0,0.0,0.0,1.0,1.0,6,subject_5
-0.937410017830106,1.0,0.0,0.0,1.0,0.0,5,subject_5
-0.4483265302665725,-1.0,2.0,1.0,0.0,2.0,2,subject_5
-0.4483265302665725,-1.0,2.0,1.0,0.0,1.0,1,subject_5
-0.4483265302665725,-1.0,2.0,1.0,0.0,0.0,1,subject_5
-0.4483265302665725,-1.0,2.0,1.0,1.0,2.0,4,subject_5
-0.4483265302665725,-1.0,2.0,1.0,1.0,1.0,2,subject_5
-0.4483265302665725,-1.0,2.0,1.0,1.0,0.0,1,subject_5
-0.4483265302665725,-1.0,2.0,2.0,0.0,2.0,1,subject_5
-0.4483265302665725,-1.0,2.0,2.0,0.0,1.0,1,subject_5
-0.4483265302665725,-1.0,2.0,2.0,0.0,0.0,1,subject_5
-0.4483265302665725,-1.0,2.0,2.0,1.0,2.0,2,subject_5
-0.4483265302665725,-1.0,2.0,2.0,1.0,1.0,1,subject_5
-0.4483265302665725,-1.0,2.0,2.0,1.0,0.0,1,subject_5
-0.4483265302665725,-1.0,2.0,0.0,0.0,2.0,4,subject_5
-0.4483265302665725,-1.0,2.0,0.0,0.0,1.0,2,subject_5
-0.4483265302665725,-1.0,2.0,0.0,0.0,0.0,1,subject_5
-0.4483265302665725,-1.0,2.0,0.0,1.0,2.0,5,subject_5
-0.4483265302665725,-1.0,2.0,0.0,1.0,1.0,3,subject_5
-0.4483265302665725,-1.0,2.0,0.0,1.0,0.0,1,subject_5
-0.4483265302665725,-1.0,1.0,1.0,0.0,2.0,4,subject_5
-0.4483265302665725,-1.0,1.0,1.0,0.0,1.0,2,subject_5
-0.4483265302665725,-1.0,1.0,1.0,0.0,0.0,1,subject_5
-0.4483265302665725,-1.0,1.0,1.0,1.0,2.0,6,subject_5
-0.4483265302665725,-1.0,1.0,1.0,1.0,1.0,4,subject_5
-0.4483265302665725,-1.0,1.0,1.0,1.0,0.0,2,subject_5
-0.4483265302665725,-1.0,1.0,2.0,0.0,2.0,2,subject_5
-0.4483265302665725,-1.0,1.0,2.0,0.0,1.0,1,subject_5
-0.4483265302665725,-1.0,1.0,2.0,0.0,0.0,1,subject_5
-0.4483265302665725,-1.0,1.0,2.0,1.0,2.0,4,subject_5
-0.4483265302665725,-1.0,1.0,2.0,1.0,1.0,2,subject_5
-0.4483265302665725,-1.0,1.0,2.0,1.0,0.0,1,subject_5
-0.4483265302665725,-1.0,1.0,0.0,0.0,2.0,6,subject_5
-0.4483265302665725,-1.0,1.0,0.0,0.0,1.0,4,subject_5
-0.4483265302665725,-1.0,1.0,0.0,0.0,0.0,2,subject_5
-0.4483265302665725,-1.0,1.0,0.0,1.0,2.0,6,subject_5
-0.4483265302665725,-1.0,1.0,0.0,1.0,1.0,5,subject_5
-0.4483265302665725,-1.0,1.0,0.0,1.0,0.0,3,subject_5
-0.4483265302665725,-1.0,0.0,1.0,0.0,2.0,6,subject_5
-0.4483265302665725,-1.0,0.0,1.0,0.0,1.0,4,subject_5
-0.4483265302665725,-1.0,0.0,1.0,0.0,0.0,2,subject_5
-0.4483265302665725,-1.0,0.0,1.0,1.0,2.0,6,subject_5
-0.4483265302665725,-1.0,0.0,1.0,1.0,1.0,6,subject_5
-0.4483265302665725,-1.0,0.0,1.0,1.0,0.0,4,subject_5
-0.4483265302665725,-1.0,0.0,2.0,0.0,2.0,5,subject_5
-0.4483265302665725,-1.0,0.0,2.0,0.0,1.0,2,subject_5
-0.4483265302665725,-1.0,0.0,2.0,0.0,0.0,1,subject_5
-0.4483265302665725,-1.0,0.0,2.0,1.0,2.0,6,subject_5
-0.4483265302665725,-1.0,0.0,2.0,1.0,1.0,5,subject_5
-0.4483265302665725,-1.0,0.0,2.0,1.0,0.0,2,subject_5
-0.4483265302665725,-1.0,0.0,0.0,0.0,2.0,6,subject_5
-0.4483265302665725,-1.0,0.0,0.0,0.0,1.0,6,subject_5
-0.4483265302665725,-1.0,0.0,0.0,0.0,0.0,4,subject_5
-0.4483265302665725,-1.0,0.0,0.0,1.0,2.0,6,subject_5
-0.4483265302665725,-1.0,0.0,0.0,1.0,1.0,6,subject_5
-0.4483265302665725,-1.0,0.0,0.0,1.0,0.0,6,subject_5
-0.4483265302665725,1.0,2.0,1.0,0.0,2.0,1,subject_5
-0.4483265302665725,1.0,2.0,1.0,0.0,1.0,1,subject_5
-0.4483265302665725,1.0,2.0,1.0,0.0,0.0,1,subject_5
-0.4483265302665725,1.0,2.0,1.0,1.0,2.0,3,subject_5
-0.4483265302665725,1.0,2.0,1.0,1.0,1.0,1,subject_5
-0.4483265302665725,1.0,2.0,1.0,1.0,0.0,1,subject_5
-0.4483265302665725,1.0,2.0,2.0,0.0,2.0,1,subject_5
-0.4483265302665725,1.0,2.0,2.0,0.0,1.0,1,subject_5
-0.4483265302665725,1.0,2.0,2.0,0.0,0.0,1,subject_5
-0.4483265302665725,1.0,2.0,2.0,1.0,2.0,1,subject_5
-0.4483265302665725,1.0,2.0,2.0,1.0,1.0,1,subject_5
-0.4483265302665725,1.0,2.0,2.0,1.0,0.0,1,subject_5
-0.4483265302665725,1.0,2.0,0.0,0.0,2.0,3,subject_5
-0.4483265302665725,1.0,2.0,0.0,0.0,1.0,1,subject_5
-0.4483265302665725,1.0,2.0,0.0,0.0,0.0,1,subject_5
-0.4483265302665725,1.0,2.0,0.0,1.0,2.0,5,subject_5
-0.4483265302665725,1.0,2.0,0.0,1.0,1.0,2,subject_5
-0.4483265302665725,1.0,2.0,0.0,1.0,0.0,1,subject_5
-0.4483265302665725,1.0,1.0,1.0,0.0,2.0,3,subject_5
-0.4483265302665725,1.0,1.0,1.0,0.0,1.0,1,subject_5
-0.4483265302665725,1.0,1.0,1.0,0.0,0.0,1,subject_5
-0.4483265302665725,1.0,1.0,1.0,1.0,2.0,5,subject_5
-0.4483265302665725,1.0,1.0,1.0,1.0,1.0,3,subject_5
-0.4483265302665725,1.0,1.0,1.0,1.0,0.0,1,subject_5
-0.4483265302665725,1.0,1.0,2.0,0.0,2.0,1,subject_5
-0.4483265302665725,1.0,1.0,2.0,0.0,1.0,1,subject_5
-0.4483265302665725,1.0,1.0,2.0,0.0,0.0,1,subject_5
-0.4483265302665725,1.0,1.0,2.0,1.0,2.0,3,subject_5
-0.4483265302665725,1.0,1.0,2.0,1.0,1.0,1,subject_5
-0.4483265302665725,1.0,1.0,2.0,1.0,0.0,1,subject_5
-0.4483265302665725,1.0,1.0,0.0,0.0,2.0,5,subject_5
-0.4483265302665725,1.0,1.0,0.0,0.0,1.0,3,subject_5
-0.4483265302665725,1.0,1.0,0.0,0.0,0.0,1,subject_5
-0.4483265302665725,1.0,1.0,0.0,1.0,2.0,6,subject_5
-0.4483265302665725,1.0,1.0,0.0,1.0,1.0,5,subject_5
-0.4483265302665725,1.0,1.0,0.0,1.0,0.0,2,subject_5
-0.4483265302665725,1.0,0.0,1.0,0.0,2.0,5,subject_5
-0.4483265302665725,1.0,0.0,1.0,0.0,1.0,3,subject_5
-0.4483265302665725,1.0,0.0,1.0,0.0,0.0,2,subject_5
-0.4483265302665725,1.0,0.0,1.0,1.0,2.0,6,subject_5
-0.4483265302665725,1.0,0.0,1.0,1.0,1.0,5,subject_5
-0.4483265302665725,1.0,0.0,1.0,1.0,0.0,3,subject_5
-0.4483265302665725,1.0,0.0,2.0,0.0,2.0,4,subject_5
-0.4483265302665725,1.0,0.0,2.0,0.0,1.0,2,subject_5
-0.4483265302665725,1.0,0.0,2.0,0.0,0.0,1,subject_5
-0.4483265302665725,1.0,0.0,2.0,1.0,2.0,5,subject_5
-0.4483265302665725,1.0,0.0,2.0,1.0,1.0,4,subject_5
-0.4483265302665725,1.0,0.0,2.0,1.0,0.0,2,subject_5
-0.4483265302665725,1.0,0.0,0.0,0.0,2.0,6,subject_5
-0.4483265302665725,1.0,0.0,0.0,0.0,1.0,5,subject_5
-0.4483265302665725,1.0,0.0,0.0,0.0,0.0,3,subject_5
-0.4483265302665725,1.0,0.0,0.0,1.0,2.0,6,subject_5
-0.4483265302665725,1.0,0.0,0.0,1.0,1.0,6,subject_5
-0.4483265302665725,1.0,0.0,0.0,1.0,0.0,5,subject_5
1.3857365480966777,-1.0,2.0,1.0,0.0,2.0,1,subject_5
1.3857365480966777,-1.0,2.0,1.0,0.0,1.0,1,subject_5
1.3857365480966777,-1.0,2.0,1.0,0.0,0.0,1,subject_5
1.3857365480966777,-1.0,2.0,1.0,1.0,2.0,1,subject_5
1.3857365480966777,-1.0,2.0,1.0,1.0,1.0,1,subject_5
1.3857365480966777,-1.0,2.0,1.0,1.0,0.0,1,subject_5
1.3857365480966777,-1.0,2.0,2.0,0.0,2.0,1,subject_5
1.3857365480966777,-1.0,2.0,2.0,0.0,1.0,1,subject_5
1.3857365480966777,-1.0,2.0,2.0,0.0,0.0,1,subject_5
1.3857365480966777,-1.0,2.0,2.0,1.0,2.0,1,subject_5
1.3857365480966777,-1.0,2.0,2.0,1.0,1.0,1,subject_5
1.3857365480966777,-1.0,2.0,2.0,1.0,0.0,1,subject_5
1.3857365480966777,-1.0,2.0,0.0,0.0,2.0,1,subject_5
1.3857365480966777,-1.0,2.0,0.0,0.0,1.0,1,subject_5
1.3857365480966777,-1.0,2.0,0.0,0.0,0.0,1,subject_5
1.3857365480966777,-1.0,2.0,0.0,1.0,2.0,3,subject_5
1.3857365480966777,-1.0,2.0,0.0,1.0,1.0,1,subject_5
1.3857365480966777,-1.0,2.0,0.0,1.0,0.0,1,subject_5
1.3857365480966777,-1.0,1.0,1.0,0.0,2.0,2,subject_5
1.3857365480966777,-1.0,1.0,1.0,0.0,1.0,1,subject_5
1.3857365480966777,-1.0,1.0,1.0,0.0,0.0,1,subject_5
1.3857365480966777,-1.0,1.0,1.0,1.0,2.0,4,subject_5
1.3857365480966777,-1.0,1.0,1.0,1.0,1.0,2,subject_5
1.3857365480966777,-1.0,1.0,1.0,1.0,0.0,1,subject_5
1.3857365480966777,-1.0,1.0,2.0,0.0,2.0,1,subject_5
1.3857365480966777,-1.0,1.0,2.0,0.0,1.0,1,subject_5
1.3857365480966777,-1.0,1.0,2.0,0.0,0.0,1,subject_5
1.3857365480966777,-1.0,1.0,2.0,1.0,2.0,2,subject_5
1.3857365480966777,-1.0,1.0,2.0,1.0,1.0,1,subject_5
1.3857365480966777,-1.0,1.0,2.0,1.0,0.0,1,subject_5
1.3857365480966777,-1.0,1.0,0.0,0.0,2.0,4,subject_5
1.3857365480966777,-1.0,1.0,0.0,0.0,1.0,2,subject_5
1.3857365480966777,-1.0,1.0,0.0,0.0,0.0,1,subject_5
1.3857365480966777,-1.0,1.0,0.0,1.0,2.0,5,subject_5
1.3857365480966777,-1.0,1.0,0.0,1.0,1.0,3,subject_5
1.3857365480966777,-1.0,1.0,0.0,1.0,0.0,1,subject_5
1.3857365480966777,-1.0,0.0,1.0,0.0,2.0,4,subject_5
1.3857365480966777,-1.0,0.0,1.0,0.0,1.0,2,subject_5
1.3857365480966777,-1.0,0.0,1.0,0.0,0.0,1,subject_5
1.3857365480966777,-1.0,0.0,1.0,1.0,2.0,6,subject_5
1.3857365480966777,-1.0,0.0,1.0,1.0,1.0,4,subject_5
1.3857365480966777,-1.0,0.0,1.0,1.0,0.0,2,subject_5
1.3857365480966777,-1.0,0.0,2.0,0.0,2.0,2,subject_5
1.3857365480966777,-1.0,0.0,2.0,0.0,1.0,1,subject_5
1.3857365480966777,-1.0,0.0,2.0,0.0,0.0,1,subject_5
1.3857365480966777,-1.0,0.0,2.0,1.0,2.0,4,subject_5
1.3857365480966777,-1.0,0.0,2.0,1.0,1.0,2,subject_5
1.3857365480966777,-1.0,0.0,2.0,1.0,0.0,1,subject_5
1.3857365480966777,-1.0,0.0,0.0,0.0,2.0,6,subject_5
1.3857365480966777,-1.0,0.0,0.0,0.0,1.0,4,subject_5
1.3857365480966777,-1.0,0.0,0.0,0.0,0.0,2,subject_5
1.3857365480966777,-1.0,0.0,0.0,1.0,2.0,6,subject_5
1.3857365480966777,-1.0,0.0,0.0,1.0,1.0,6,subject_5
1.3857365480966777,-1.0,0.0,0.0,1.0,0.0,4,subject_5
1.3857365480966777,1.0,2.0,1.0,0.0,2.0,2,subject_5
1.3857365480966777,1.0,2.0,1.0,0.0,1.0,1,subject_5
1.3857365480966777,1.0,2.0,1.0,0.0,0.0,1,subject_5
1.3857365480966777,1.0,2.0,1.0,1.0,2.0,4,subject_5
1.3857365480966777,1.0,2.0,1.0,1.0,1.0,2,subject_5
1.3857365480966777,1.0,2.0,1.0,1.0,0.0,1,subject_5
1.3857365480966777,1.0,2.0,2.0,0.0,2.0,1,subject_5
1.3857365480966777,1.0,2.0,2.0,0.0,1.0,1,subject_5
1.3857365480966777,1.0,2.0,2.0,0.0,0.0,1,subject_5
1.3857365480966777,1.0,2.0,2.0,1.0,2.0,2,subject_5
1.3857365480966777,1.0,2.0,2.0,1.0,1.0,1,subject_5
1.3857365480966777,1.0,2.0,2.0,1.0,0.0,1,subject_5
1.3857365480966777,1.0,2.0,0.0,0.0,2.0,4,subject_5
1.3857365480966777,1.0,2.0,0.0,0.0,1.0,2,subject_5
1.3857365480966777,1.0,2.0,0.0,0.0,0.0,1,subject_5
1.3857365480966777,1.0,2.0,0.0,1.0,2.0,5,subject_5
1.3857365480966777,1.0,2.0,0.0,1.0,1.0,3,subject_5
1.3857365480966777,1.0,2.0,0.0,1.0,0.0,1,subject_5
1.3857365480966777,1.0,1.0,1.0,0.0,2.0,4,subject_5
1.3857365480966777,1.0,1.0,1.0,0.0,1.0,2,subject_5
1.3857365480966777,1.0,1.0,1.0,0.0,0.0,1,subject_5
1.3857365480966777,1.0,1.0,1.0,1.0,2.0,6,subject_5
1.3857365480966777,1.0,1.0,1.0,1.0,1.0,4,subject_5
1.3857365480966777,1.0,1.0,1.0,1.0,0.0,2,subject_5
1.3857365480966777,1.0,1.0,2.0,0.0,2.0,2,subject_5
1.3857365480966777,1.0,1.0,2.0,0.0,1.0,1,subject_5
1.3857365480966777,1.0,1.0,2.0,0.0,0.0,1,subject_5
1.3857365480966777,1.0,1.0,2.0,1.0,2.0,4,subject_5
1.3857365480966777,1.0,1.0,2.0,1.0,1.0,2,subject_5
1.3857365480966777,1.0,1.0,2.0,1.0,0.0,1,subject_5
1.3857365480966777,1.0,1.0,0.0,0.0,2.0,6,subject_5
1.3857365480966777,1.0,1.0,0.0,0.0,1.0,4,subject_5
1.3857365480966777,1.0,1.0,0.0,0.0,0.0,2,subject_5
1.3857365480966777,1.0,1.0,0.0,1.0,2.0,6,subject_5
1.3857365480966777,1.0,1.0,0.0,1.0,1.0,5,subject_5
1.3857365480966777,1.0,1.0,0.0,1.0,0.0,4,subject_5
1.3857365480966777,1.0,0.0,1.0,0.0,2.0,6,subject_5
1.3857365480966777,1.0,0.0,1.0,0.0,1.0,5,subject_5
1.3857365480966777,1.0,0.0,1.0,0.0,0.0,2,subject_5
1.3857365480966777,1.0,0.0,1.0,1.0,2.0,6,subject_5
1.3857365480966777,1.0,0.0,1.0,1.0,1.0,6,subject_5
1.3857365480966777,1.0,0.0,1.0,1.0,0.0,4,subject_5
1.3857365480966777,1.0,0.0,2.0,0.0,2.0,5,subject_5
1.3857365480966777,1.0,0.0,2.0,0.0,1.0,2,subject_5
1.3857365480966777,1.0,0.0,2.0,0.0,0.0,1,subject_5
1.3857365480966777,1.0,0.0,2.0,1.0,2.0,6,subject_5
1.3857365480966777,1.0,0.0,2.0,1.0,1.0,5,subject_5
1.3857365480966777,1.0,0.0,2.0,1.0,0.0,2,subject_5
1.3857365480966777,1.0,0.0,0.0,0.0,2.0,6,subject_5
1.3857365480966777,1.0,0.0,0.0,0.0,1.0,6,subject_5
1.3857365480966777,1.0,0.0,0.0,0.0,0.0,4,subject_5
1.3857365480966777,1.0,0.0,0.0,1.0,2.0,6,subject_5
1.3857365480966777,1.0,0.0,0.0,1.0,1.0,6,subject_5
1.3857365480966777,1.0,0.0,0.0,1.0,0.0,6,subject_5
-0.937410017830106,-1.0,2.0,1.0,0.0,2.0,2,subject_6
-0.937410017830106,-1.0,2.0,1.0,0.0,1.0,1,subject_6
-0.937410017830106,-1.0,2.0,1.0,0.0,0.0,1,subject_6
-0.937410017830106,-1.0,2.0,1.0,1.0,2.0,5,subject_6
-0.937410017830106,-1.0,2.0,1.0,1.0,1.0,2,subject_6
-0.937410017830106,-1.0,2.0,1.0,1.0,0.0,1,subject_6
-0.937410017830106,-1.0,2.0,2.0,0.0,2.0,1,subject_6
-0.937410017830106,-1.0,2.0,2.0,0.0,1.0,1,subject_6
-0.937410017830106,-1.0,2.0,2.0,0.0,0.0,1,subject_6
-0.937410017830106,-1.0,2.0,2.0,1.0,2.0,3,subject_6
-0.937410017830106,-1.0,2.0,2.0,1.0,1.0,1,subject_6
-0.937410017830106,-1.0,2.0,2.0,1.0,0.0,1,subject_6
-0.937410017830106,-1.0,2.0,0.0,0.0,2.0,5,subject_6
-0.937410017830106,-1.0,2.0,0.0,0.0,1.0,2,subject_6
-0.937410017830106,-1.0,2.0,0.0,0.0,0.0,1,subject_6
-0.937410017830106,-1.0,2.0,0.0,1.0,2.0,6,subject_6
-0.937410017830106,-1.0,2.0,0.0,1.0,1.0,5,subject_6
-0.937410017830106,-1.0,2.0,0.0,1.0,0.0,2,subject_6
-0.937410017830106,-1.0,1.0,1.0,0.0,2.0,5,subject_6
-0.937410017830106,-1.0,1.0,1.0,0.0,1.0,2,subject_6
-0.937410017830106,-1.0,1.0,1.0,0.0,0.0,1,subject_6
-0.937410017830106,-1.0,1.0,1.0,1.0,2.0,6,subject_6
-0.937410017830106,-1.0,1.0,1.0,1.0,1.0,5,subject_6
-0.937410017830106,-1.0,1.0,1.0,1.0,0.0,2,subject_6
-0.937410017830106,-1.0,1.0,2.0,0.0,2.0,2,subject_6
-0.937410017830106,-1.0,1.0,2.0,0.0,1.0,1,subject_6
-0.937410017830106,-1.0,1.0,2.0,0.0,0.0,1,subject_6
-0.937410017830106,-1.0,1.0,2.0,1.0,2.0,5,subject_6
-0.937410017830106,-1.0,1.0,2.0,1.0,1.0,3,subject_6
-0.937410017830106,-1.0,1.0,2.0,1.0,0.0,1,subject_6
-0.937410017830106,-1.0,1.0,0.0,0.0,2.0,6,subject_6
-0.937410017830106,-1.0,1.0,0.0,0.0,1.0,5,subject_6
-0.937410017830106,-1.0,1.0,0.0,0.0,0.0,2,subject_6
-0.937410017830106,-1.0,1.0,0.0,1.0,2.0,6,subject_6
-0.937410017830106,-1.0,1.0,0.0,1.0,1.0,6,subject_6
-0.937410017830106,-1.0,1.0,0.0,1.0,0.0,5,subject_6
-0.937410017830106,-1.0,0.0,1.0,0.0,2.0,6,subject_6
-0.937410017830106,-1.0,0.0,1.0,0.0,1.0,5,subject_6
-0.937410017830106,-1.0,0.0,1.0,0.0,0.0,2,subject_6
-0.937410017830106,-1.0,0.0,1.0,1.0,2.0,6,subject_6
-0.937410017830106,-1.0,0.0,1.0,1.0,1.0,6,subject_6
-0.937410017830106,-1.0,0.0,1.0,1.0,0.0,5,subject_6
-0.937410017830106,-1.0,0.0,2.0,0.0,2.0,5,subject_6
-0.937410017830106,-1.0,0.0,2.0,0.0,1.0,2,subject_6
-0.937410017830106,-1.0,0.0,2.0,0.0,0.0,1,subject_6
-0.937410017830106,-1.0,0.0,2.0,1.0,2.0,6,subject_6
-0.937410017830106,-1.0,0.0,2.0,1.0,1.0,5,subject_6
-0.937410017830106,-1.0,0.0,2.0,1.0,0.0,3,subject_6
-0.937410017830106,-1.0,0.0,0.0,0.0,2.0,6,subject_6
-0.937410017830106,-1.0,0.0,0.0,0.0,1.0,6,subject_6
-0.937410017830106,-1.0,0.0,0.0,0.0,0.0,5,subject_6
-0.937410017830106,-1.0,0.0,0.0,1.0,2.0,6,subject_6
-0.937410017830106,-1.0,0.0,0.0,1.0,1.0,6,subject_6
-0.937410017830106,-1.0,0.0,0.0,1.0,0.0,6,subject_6
-0.937410017830106,1.0,2.0,1.0,0.0,2.0,1,subject_6
-0.937410017830106,1.0,2.0,1.0,0.0,1.0,1,subject_6
-0.937410017830106,1.0,2.0,1.0,0.0,0.0,1,subject_6
-0.937410017830106,1.0,2.0,1.0,1.0,2.0,3,subject_6
-0.937410017830106,1.0,2.0,1.0,1.0,1.0,1,subject_6
-0.937410017830106,1.0,2.0,1.0,1.0,0.0,1,subject_6
-0.937410017830106,1.0,2.0,2.0,0.0,2.0,1,subject_6
-0.937410017830106,1.0,2.0,2.0,0.0,1.0,1,subject_6
-0.937410017830106,1.0,2.0,2.0,0.0,0.0,1,subject_6
-0.937410017830106,1.0,2.0,2.0,1.0,2.0,2,subject_6
-0.937410017830106,1.0,2.0,2.0,1.0,1.0,1,subject_6
-0.937410017830106,1.0,2.0,2.0,1.0,0.0,1,subject_6
-0.937410017830106,1.0,2.0,0.0,0.0,2.0,3,subject_6
-0.937410017830106,1.0,2.0,0.0,0.0,1.0,1,subject_6
-0.937410017830106,1.0,2.0,0.0,0.0,0.0,1,subject_6
-0.937410017830106,1.0,2.0,0.0,1.0,2.0,5,subject_6
-0.937410017830106,1.0,2.0,0.0,1.0,1.0,3,subject_6
-0.937410017830106,1.0,2.0,0.0,1.0,0.0,1,subject_6
-0.937410017830106,1.0,1.0,1.0,0.0,2.0,3,subject_6
-0.937410017830106,1.0,1.0,1.0,0.0,1.0,1,subject_6
-0.937410017830106,1.0,1.0,1.0,0.0,0.0,1,subject_6
-0.937410017830106,1.0,1.0,1.0,1.0,2.0,5,subject_6
-0.937410017830106,1.0,1.0,1.0,1.0,1.0,3,subject_6
-0.937410017830106,1.0,1.0,1.0,1.0,0.0,1,subject_6
-0.937410017830106,1.0,1.0,2.0,0.0,2.0,1,subject_6
-0.937410017830106,1.0,1.0,2.0,0.0,1.0,1,subject_6
-0.937410017830106,1.0,1.0,2.0,0.0,0.0,1,subject_6
-0.937410017830106,1.0,1.0,2.0,1.0,2.0,3,subject_6
-0.937410017830106,1.0,1.0,2.0,1.0,1.0,2,subject_6
-0.937410017830106,1.0,1.0,2.0,1.0,0.0,1,subject_6
-0.937410017830106,1.0,1.0,0.0,0.0,2.0,5,subject_6
-0.937410017830106,1.0,1.0,0.0,0.0,1.0,3,subject_6
-0.937410017830106,1.0,1.0,0.0,0.0,0.0,1,subject_6
-0.937410017830106,1.0,1.0,0.0,1.0,2.0,6,subject_6
-0.937410017830106,1.0,1.0,0.0,1.0,1.0,5,subject_6
-0.937410017830106,1.0,1.0,0.0,1.0,0.0,3,subject_6
-0.937410017830106,1.0,0.0,1.0,0.0,2.0,5,subject_6
-0.937410017830106,1.0,0.0,1.0,0.0,1.0,3,subject_6
-0.937410017830106,1.0,0.0,1.0,0.0,0.0,1,subject_6
-0.937410017830106,1.0,0.0,1.0,1.0,2.0,6,subject_6
-0.937410017830106,1.0,0.0,1.0,1.0,1.0,5,subject_6
-0.937410017830106,1.0,0.0,1.0,1.0,0.0,3,subject_6
-0.937410017830106,1.0,0.0,2.0,0.0,2.0,3,subject_6
-0.937410017830106,1.0,0.0,2.0,0.0,1.0,1,subject_6
-0.937410017830106,1.0,0.0,2.0,0.0,0.0,1,subject_6
-0.937410017830106,1.0,0.0,2.0,1.0,2.0,5,subject_6
-0.937410017830106,1.0,0.0,2.0,1.0,1.0,3,subject_6
-0.937410017830106,1.0,0.0,2.0,1.0,0.0,2,subject_6
-0.937410017830106,1.0,0.0,0.0,0.0,2.0,6,subject_6
-0.937410017830106,1.0,0.0,0.0,0.0,1.0,5,subject_6
-0.937410017830106,1.0,0.0,0.0,0.0,0.0,3,subject_6
-0.937410017830106,1.0,0.0,0.0,1.0,2.0,6,subject_6
-0.937410017830106,1.0,0.0,0.0,1.0,1.0,6,subject_6
-0.937410017830106,1.0,0.0,0.0,1.0,0.0,5,subject_6
-0.4483265302665725,-1.0,2.0,1.0,0.0,2.0,2,subject_6
-0.4483265302665725,-1.0,2.0,1.0,0.0,1.0,1,subject_6
-0.4483265302665725,-1.0,2.0,1.0,0.0,0.0,1,subject_6
-0.4483265302665725,-1.0,2.0,1.0,1.0,2.0,4,subject_6
-0.4483265302665725,-1.0,2.0,1.0,1.0,1.0,2,subject_6
-0.4483265302665725,-1.0,2.0,1.0,1.0,0.0,1,subject_6
-0.4483265302665725,-1.0,2.0,2.0,0.0,2.0,1,subject_6
-0.4483265302665725,-1.0,2.0,2.0,0.0,1.0,1,subject_6
-0.4483265302665725,-1.0,2.0,2.0,0.0,0.0,1,subject_6
-0.4483265302665725,-1.0,2.0,2.0,1.0,2.0,2,subject_6
-0.4483265302665725,-1.0,2.0,2.0,1.0,1.0,1,subject_6
-0.4483265302665725,-1.0,2.0,2.0,1.0,0.0,1,subject_6
-0.4483265302665725,-1.0,2.0,0.0,0.0,2.0,4,subject_6
-0.4483265302665725,-1.0,2.0,0.0,0.0,1.0,2,subject_6
-0.4483265302665725,-1.0,2.0,0.0,0.0,0.0,1,subject_6
-0.4483265302665725,-1.0,2.0,0.0,1.0,2.0,6,subject_6
-0.4483265302665725,-1.0,2.0,0.0,1.0,1.0,4,subject_6
-0.4483265302665725,-1.0,2.0,0.0,1.0,0.0,2,subject_6
-0.4483265302665725,-1.0,1.0,1.0,0.0,2.0,4,subject_6
-0.4483265302665725,-1.0,1.0,1.0,0.0,1.0,2,subject_6
-0.4483265302665725,-1.0,1.0,1.0,0.0,0.0,1,subject_6
-0.4483265302665725,-1.0,1.0,1.0,1.0,2.0,6,subject_6
-0.4483265302665725,-1.0,1.0,1.0,1.0,1.0,4,subject_6
-0.4483265302665725,-1.0,1.0,1.0,1.0,0.0,2,subject_6
-0.4483265302665725,-1.0,1.0,2.0,0.0,2.0,2,subject_6
-0.4483265302665725,-1.0,1.0,2.0,0.0,1.0,1,subject_6
-0.4483265302665725,-1.0,1.0,2.0,0.0,0.0,1,subject_6
-0.4483265302665725,-1.0,1.0,2.0,1.0,2.0,5,subject_6
-0.4483265302665725,-1.0,1.0,2.0,1.0,1.0,2,subject_6
-0.4483265302665725,-1.0,1.0,2.0,1.0,0.0,1,subject_6
-0.4483265302665725,-1.0,1.0,0.0,0.0,2.0,6,subject_6
-0.4483265302665725,-1.0,1.0,0.0,0.0,1.0,4,subject_6
-0.4483265302665725,-1.0,1.0,0.0,0.0,0.0,2,subject_6
-0.4483265302665725,-1.0,1.0,0.0,1.0,2.0,6,subject_6
-0.4483265302665725,-1.0,1.0,0.0,1.0,1.0,6,subject_6
-0.4483265302665725,-1.0,1.0,0.0,1.0,0.0,4,subject_6
-0.4483265302665725,-1.0,0.0,1.0,0.0,2.0,6,subject_6
-0.4483265302665725,-1.0,0.0,1.0,0.0,1.0,4,subject_6
-0.4483265302665725,-1.0,0.0,1.0,0.0,0.0,2,subject_6
-0.4483265302665725,-1.0,0.0,1.0,1.0,2.0,6,subject_6
-0.4483265302665725,-1.0,0.0,1.0,1.0,1.0,6,subject_6
-0.4483265302665725,-1.0,0.0,1.0,1.0,0.0,4,subject_6
-0.4483265302665725,-1.0,0.0,2.0,0.0,2.0,4,subject_6
-0.4483265302665725,-1.0,0.0,2.0,0.0,1.0,2,subject_6
-0.4483265302665725,-1.0,0.0,2.0,0.0,0.0,1,subject_6
-0.4483265302665725,-1.0,0.0,2.0,1.0,2.0,6,subject_6
-0.4483265302665725,-1.0,0.0,2.0,1.0,1.0,4,subject_6
-0.4483265302665725,-1.0,0.0,2.0,1.0,0.0,2,subject_6
-0.4483265302665725,-1.0,0.0,0.0,0.0,2.0,6,subject_6
-0.4483265302665725,-1.0,0.0,0.0,0.0,1.0,6,subject_6
-0.4483265302665725,-1.0,0.0,0.0,0.0,0.0,4,subject_6
-0.4483265302665725,-1.0,0.0,0.0,1.0,2.0,6,subject_6
-0.4483265302665725,-1.0,0.0,0.0,1.0,1.0,6,subject_6
-0.4483265302665725,-1.0,0.0,0.0,1.0,0.0,6,subject_6
-0.4483265302665725,1.0,2.0,1.0,0.0,2.0,2,subject_6
-0.4483265302665725,1.0,2.0,1.0,0.0,1.0,1,subject_6
-0.4483265302665725,1.0,2.0,1.0,0.0,0.0,1,subject_6
-0.4483265302665725,1.0,2.0,1.0,1.0,2.0,4,subject_6
-0.4483265302665725,1.0,2.0,1.0,1.0,1.0,2,subject_6
-0.4483265302665725,1.0,2.0,1.0,1.0,0.0,1,subject_6
-0.4483265302665725,1.0,2.0,2.0,0.0,2.0,1,subject_6
-0.4483265302665725,1.0,2.0,2.0,0.0,1.0,1,subject_6
-0.4483265302665725,1.0,2.0,2.0,0.0,0.0,1,subject_6
-0.4483265302665725,1.0,2.0,2.0,1.0,2.0,2,subject_6
-0.4483265302665725,1.0,2.0,2.0,1.0,1.0,1,subject_6
-0.4483265302665725,1.0,2.0,2.0,1.0,0.0,1,subject_6
-0.4483265302665725,1.0,2.0,0.0,0.0,2.0,3,subject_6
-0.4483265302665725,1.0,2.0,0.0,0.0,1.0,1,subject_6
-0.4483265302665725,1.0,2.0,0.0,0.0,0.0,1,subject_6
-0.4483265302665725,1.0,2.0,0.0,1.0,2.0,5,subject_6
-0.4483265302665725,1.0,2.0,0.0,1.0,1.0,3,subject_6
-0.4483265302665725,1.0,2.0,0.0,1.0,0.0,2,subject_6
-0.4483265302665725,1.0,1.0,1.0,0.0,2.0,3,subject_6
-0.4483265302665725,1.0,1.0,1.0,0.0,1.0,2,subject_6
-0.4483265302665725,1.0,1.0,1.0,0.0,0.0,1,subject_6
-0.4483265302665725,1.0,1.0,1.0,1.0,2.0,6,subject_6
-0.4483265302665725,1.0,1.0,1.0,1.0,1.0,4,subject_6
-0.4483265302665725,1.0,1.0,1.0,1.0,0.0,2,subject_6
-0.4483265302665725,1.0,1.0,2.0,0.0,2.0,2,subject_6
-0.4483265302665725,1.0,1.0,2.0,0.0,1.0,1,subject_6
-0.4483265302665725,1.0,1.0,2.0,0.0,0.0,1,subject_6
-0.4483265302665725,1.0,1.0,2.0,1.0,2.0,4,subject_6
-0.4483265302665725,1.0,1.0,2.0,1.0,1.0,2,subject_6
-0.4483265302665725,1.0,1.0,2.0,1.0,0.0,1,subject_6
-0.4483265302665725,1.0,1.0,0.0,0.0,2.0,5,subject_6
-0.4483265302665725,1.0,1.0,0.0,0.0,1.0,3,subject_6
-0.4483265302665725,1.0,1.0,0.0,0.0,0.0,1,subject_6
-0.4483265302665725,1.0,1.0,0.0,1.0,2.0,6,subject_6
-0.4483265302665725,1.0,1.0,0.0,1.0,1.0,5,subject_6
-0.4483265302665725,1.0,1.0,0.0,1.0,0.0,3,subject_6
-0.4483265302665725,1.0,0.0,1.0,0.0,2.0,5,subject_6
-0.4483265302665725,1.0,0.0,1.0,0.0,1.0,3,subject_6
-0.4483265302665725,1.0,0.0,1.0,0.0,0.0,1,subject_6
-0.4483265302665725,1.0,0.0,1.0,1.0,2.0,6,subject_6
-0.4483265302665725,1.0,0.0,1.0,1.0,1.0,5,subject_6
-0.4483265302665725,1.0,0.0,1.0,1.0,0.0,4,subject_6
-0.4483265302665725,1.0,0.0,2.0,0.0,2.0,4,subject_6
-0.4483265302665725,1.0,0.0,2.0,0.0,1.0,2,subject_6
-0.4483265302665725,1.0,0.0,2.0,0.0,0.0,1,subject_6
-0.4483265302665725,1.0,0.0,2.0,1.0,2.0,6,subject_6
-0.4483265302665725,1.0,0.0,2.0,1.0,1.0,4,subject_6
-0.4483265302665725,1.0,0.0,2.0,1.0,0.0,2,subject_6
-0.4483265302665725,1.0,0.0,0.0,0.0,2.0,6,subject_6
-0.4483265302665725,1.0,0.0,0.0,0.0,1.0,5,subject_6
-0.4483265302665725,1.0,0.0,0.0,0.0,0.0,3,subject_6
-0.4483265302665725,1.0,0.0,0.0,1.0,2.0,6,subject_6
-0.4483265302665725,1.0,0.0,0.0,1.0,1.0,6,subject_6
-0.4483265302665725,1.0,0.0,0.0,1.0,0.0,5,subject_6
1.3857365480966777,-1.0,2.0,1.0,0.0,2.0,1,subject_6
1.3857365480966777,-1.0,2.0,1.0,0.0,1.0,1,subject_6
1.3857365480966777,-1.0,2.0,1.0,0.0,0.0,1,subject_6
1.3857365480966777,-1.0,2.0,1.0,1.0,2.0,2,subject_6
1.3857365480966777,-1.0,2.0,1.0,1.0,1.0,1,subject_6
1.3857365480966777,-1.0,2.0,1.0,1.0,0.0,1,subject_6
1.3857365480966777,-1.0,2.0,2.0,0.0,2.0,1,subject_6
1.3857365480966777,-1.0,2.0,2.0,0.0,1.0,1,subject_6
1.3857365480966777,-1.0,2.0,2.0,0.0,0.0,1,subject_6
1.3857365480966777,-1.0,2.0,2.0,1.0,2.0,1,subject_6
1.3857365480966777,-1.0,2.0,2.0,1.0,1.0,1,subject_6
1.3857365480966777,-1.0,2.0,2.0,1.0,0.0,1,subject_6
1.3857365480966777,-1.0,2.0,0.0,0.0,2.0,2,subject_6
1.3857365480966777,-1.0,2.0,0.0,0.0,1.0,1,subject_6
1.3857365480966777,-1.0,2.0,0.0,0.0,0.0,1,subject_6
1.3857365480966777,-1.0,2.0,0.0,1.0,2.0,4,subject_6
1.3857365480966777,-1.0,2.0,0.0,1.0,1.0,2,subject_6
1.3857365480966777,-1.0,2.0,0.0,1.0,0.0,1,subject_6
1.3857365480966777,-1.0,1.0,1.0,0.0,2.0,2,subject_6
1.3857365480966777,-1.0,1.0,1.0,0.0,1.0,1,subject_6
1.3857365480966777,-1.0,1.0,1.0,0.0,0.0,1,subject_6
1.3857365480966777,-1.0,1.0,1.0,1.0,2.0,5,subject_6
1.3857365480966777,-1.0,1.0,1.0,1.0,1.0,2,subject_6
1.3857365480966777,-1.0,1.0,1.0,1.0,0.0,1,subject_6
1.3857365480966777,-1.0,1.0,2.0,0.0,2.0,1,subject_6
1.3857365480966777,-1.0,1.0,2.0,0.0,1.0,1,subject_6
1.3857365480966777,-1.0,1.0,2.0,0.0,0.0,1,subject_6
1.3857365480966777,-1.0,1.0,2.0,1.0,2.0,2,subject_6
1.3857365480966777,-1.0,1.0,2.0,1.0,1.0,1,subject_6
1.3857365480966777,-1.0,1.0,2.0,1.0,0.0,1,subject_6
1.3857365480966777,-1.0,1.0,0.0,0.0,2.0,4,subject_6
1.3857365480966777,-1.0,1.0,0.0,0.0,1.0,2,subject_6
1.3857365480966777,-1.0,1.0,0.0,0.0,0.0,1,subject_6
1.3857365480966777,-1.0,1.0,0.0,1.0,2.0,6,subject_6
1.3857365480966777,-1.0,1.0,0.0,1.0,1.0,4,subject_6
1.3857365480966777,-1.0,1.0,0.0,1.0,0.0,2,subject_6
1.3857365480966777,-1.0,0.0,1.0,0.0,2.0,4,subject_6
1.3857365480966777,-1.0,0.0,1.0,0.0,1.0,2,subject_6
1.3857365480966777,-1.0,0.0,1.0,0.0,0.0,1,subject_6
1.3857365480966777,-1.0,0.0,1.0,1.0,2.0,6,subject_6
1.3857365480966777,-1.0,0.0,1.0,1.0,1.0,4,subject_6
1.3857365480966777,-1.0,0.0,1.0,1.0,0.0,2,subject_6
1.3857365480966777,-1.0,0.0,2.0,0.0,2.0,2,subject_6
1.3857365480966777,-1.0,0.0,2.0,0.0,1.0,1,subject_6
1.3857365480966777,-1.0,0.0,2.0,0.0,0.0,1,subject_6
1.3857365480966777,-1.0,0.0,2.0,1.0,2.0,5,subject_6
1.3857365480966777,-1.0,0.0,2.0,1.0,1.0,2,subject_6
1.3857365480966777,-1.0,0.0,2.0,1.0,0.0,1,subject_6
1.3857365480966777,-1.0,0.0,0.0,0.0,2.0,6,subject_6
1.3857365480966777,-1.0,0.0,0.0,0.0,1.0,4,subject_6
1.3857365480966777,-1.0,0.0,0.0,0.0,0.0,2,subject_6
1.3857365480966777,-1.0,0.0,0.0,1.0,2.0,6,subject_6
1.3857365480966777,-1.0,0.0,0.0,1.0,1.0,6,subject_6
1.3857365480966777,-1.0,0.0,0.0,1.0,0.0,4,subject_6
1.3857365480966777,1.0,2.0,1.0,0.0,2.0,3,subject_6
1.3857365480966777,1.0,2.0,1.0,0.0,1.0,1,subject_6
1.3857365480966777,1.0,2.0,1.0,0.0,0.0,1,subject_6
1.3857365480966777,1.0,2.0,1.0,1.0,2.0,5,subject_6
1.3857365480966777,1.0,2.0,1.0,1.0,1.0,3,subject_6
1.3857365480966777,1.0,2.0,1.0,1.0,0.0,1,subject_6
1.3857365480966777,1.0,2.0,2.0,0.0,2.0,1,subject_6
1.3857365480966777,1.0,2.0,2.0,0.0,1.0,1,subject_6
1.3857365480966777,1.0,2.0,2.0,0.0,0.0,1,subject_6
1.3857365480966777,1.0,2.0,2.0,1.0,2.0,3,subject_6
1.3857365480966777,1.0,2.0,2.0,1.0,1.0,1,subject_6
1.3857365480966777,1.0,2.0,2.0,1.0,0.0,1,subject_6
1.3857365480966777,1.0,2.0,0.0,0.0,2.0,5,subject_6
1.3857365480966777,1.0,2.0,0.0,0.0,1.0,2,subject_6
1.3857365480966777,1.0,2.0,0.0,0.0,0.0,1,subject_6
1.3857365480966777,1.0,2.0,0.0,1.0,2.0,6,subject_6
1.3857365480966777,1.0,2.0,0.0,1.0,1.0,5,subject_6
1.3857365480966777,1.0,2.0,0.0,1.0,0.0,2,subject_6
1.3857365480966777,1.0,1.0,1.0,0.0,2.0,5,subject_6
1.3857365480966777,1.0,1.0,1.0,0.0,1.0,2,subject_6
1.3857365480966777,1.0,1.0,1.0,0.0,0.0,1,subject_6
1.3857365480966777,1.0,1.0,1.0,1.0,2.0,6,subject_6
1.3857365480966777,1.0,1.0,1.0,1.0,1.0,5,subject_6
1.3857365480966777,1.0,1.0,1.0,1.0,0.0,3,subject_6
1.3857365480966777,1.0,1.0,2.0,0.0,2.0,3,subject_6
1.3857365480966777,1.0,1.0,2.0,0.0,1.0,1,subject_6
1.3857365480966777,1.0,1.0,2.0,0.0,0.0,1,subject_6
1.3857365480966777,1.0,1.0,2.0,1.0,2.0,5,subject_6
1.3857365480966777,1.0,1.0,2.0,1.0,1.0,3,subject_6
1.3857365480966777,1.0,1.0,2.0,1.0,0.0,1,subject_6
1.3857365480966777,1.0,1.0,0.0,0.0,2.0,6,subject_6
1.3857365480966777,1.0,1.0,0.0,0.0,1.0,5,subject_6
1.3857365480966777,1.0,1.0,0.0,0.0,0.0,2,subject_6
1.3857365480966777,1.0,1.0,0.0,1.0,2.0,6,subject_6
1.3857365480966777,1.0,1.0,0.0,1.0,1.0,6,subject_6
1.3857365480966777,1.0,1.0,0.0,1.0,0.0,5,subject_6
1.3857365480966777,1.0,0.0,1.0,0.0,2.0,6,subject_6
1.3857365480966777,1.0,0.0,1.0,0.0,1.0,5,subject_6
1.3857365480966777,1.0,0.0,1.0,0.0,0.0,2,subject_6
1.3857365480966777,1.0,0.0,1.0,1.0,2.0,6,subject_6
1.3857365480966777,1.0,0.0,1.0,1.0,1.0,6,subject_6
1.3857365480966777,1.0,0.0,1.0,1.0,0.0,5,subject_6
1.3857365480966777,1.0,0.0,2.0,0.0,2.0,5,subject_6
1.3857365480966777,1.0,0.0,2.0,0.0,1.0,3,subject_6
1.3857365480966777,1.0,0.0,2.0,0.0,0.0,1,subject_6
1.3857365480966777,1.0,0.0,2.0,1.0,2.0,6,subject_6
1.3857365480966777,1.0,0.0,2.0,1.0,1.0,5,subject_6
1.3857365480966777,1.0,0.0,2.0,1.0,0.0,3,subject_6
1.3857365480966777,1.0,0.0,0.0,0.0,2.0,6,subject_6
1.3857365480966777,1.0,0.0,0.0,0.0,1.0,6,subject_6
1.3857365480966777,1.0,0.0,0.0,0.0,0.0,5,subject_6
1.3857365480966777,1.0,0.0,0.0,1.0,2.0,6,subject_6
1.3857365480966777,1.0,0.0,0.0,1.0,1.0,6,subject_6
1.3857365480966777,1.0,0.0,0.0,1.0,0.0,6,subject_6
-0.937410017830106,-1.0,2.0,1.0,0.0,2.0,1,subject_7
-0.937410017830106,-1.0,2.0,1.0,0.0,1.0,1,subject_7
-0.937410017830106,-1.0,2.0,1.0,0.0,0.0,1,subject_7
-0.937410017830106,-1.0,2.0,1.0,1.0,2.0,3,subject_7
-0.937410017830106,-1.0,2.0,1.0,1.0,1.0,1,subject_7
-0.937410017830106,-1.0,2.0,1.0,1.0,0.0,1,subject_7
-0.937410017830106,-1.0,2.0,2.0,0.0,2.0,1,subject_7
-0.937410017830106,-1.0,2.0,2.0,0.0,1.0,1,subject_7
-0.937410017830106,-1.0,2.0,2.0,0.0,0.0,1,subject_7
-0.937410017830106,-1.0,2.0,2.0,1.0,2.0,1,subject_7
-0.937410017830106,-1.0,2.0,2.0,1.0,1.0,1,subject_7
-0.937410017830106,-1.0,2.0,2.0,1.0,0.0,1,subject_7
-0.937410017830106,-1.0,2.0,0.0,0.0,2.0,4,subject_7
-0.937410017830106,-1.0,2.0,0.0,0.0,1.0,1,subject_7
-0.937410017830106,-1.0,2.0,0.0,0.0,0.0,1,subject_7
-0.937410017830106,-1.0,2.0,0.0,1.0,2.0,5,subject_7
-0.937410017830106,-1.0,2.0,0.0,1.0,1.0,3,subject_7
-0.937410017830106,-1.0,2.0,0.0,1.0,0.0,1,subject_7
-0.937410017830106,-1.0,1.0,1.0,0.0,2.0,4,subject_7
-0.937410017830106,-1.0,1.0,1.0,0.0,1.0,1,subject_7
-0.937410017830106,-1.0,1.0,1.0,0.0,0.0,1,subject_7
-0.937410017830106,-1.0,1.0,1.0,1.0,2.0,6,subject_7
-0.937410017830106,-1.0,1.0,1.0,1.0,1.0,3,subject_7
-0.937410017830106,-1.0,1.0,1.0,1.0,0.0,1,subject_7
-0.937410017830106,-1.0,1.0,2.0,0.0,2.0,1,subject_7
-0.937410017830106,-1.0,1.0,2.0,0.0,1.0,1,subject_7
-0.937410017830106,-1.0,1.0,2.0,0.0,0.0,1,subject_7
-0.937410017830106,-1.0,1.0,2.0,1.0,2.0,3,subject_7
-0.937410017830106,-1.0,1.0,2.0,1.0,1.0,1,subject_7
-0.937410017830106,-1.0,1.0,2.0,1.0,0.0,1,subject_7
-0.937410017830106,-1.0,1.0,0.0,0.0,2.0,6,subject_7
-0.937410017830106,-1.0,1.0,0.0,0.0,1.0,4,subject_7
-0.937410017830106,-1.0,1.0,0.0,0.0,0.0,2,subject_7
-0.937410017830106,-1.0,1.0,0.0,1.0,2.0,6,subject_7
-0.937410017830106,-1.0,1.0,0.0,1.0,1.0,6,subject_7
-0.937410017830106,-1.0,1.0,0.0,1.0,0.0,3,subject_7
-0.937410017830106,-1.0,0.0,1.0,0.0,2.0,6,subject_7
-0.937410017830106,-1.0,0.0,1.0,0.0,1.0,4,subject_7
-0.937410017830106,-1.0,0.0,1.0,0.0,0.0,2,subject_7
-0.937410017830106,-1.0,0.0,1.0,1.0,2.0,6,subject_7
-0.937410017830106,-1.0,0.0,1.0,1.0,1.0,6,subject_7
-0.937410017830106,-1.0,0.0,1.0,1.0,0.0,3,subject_7
-0.937410017830106,-1.0,0.0,2.0,0.0,2.0,4,subject_7
-0.937410017830106,-1.0,0.0,2.0,0.0,1.0,2,subject_7
-0.937410017830106,-1.0,0.0,2.0,0.0,0.0,1,subject_7
-0.937410017830106,-1.0,0.0,2.0,1.0,2.0,6,subject_7
-0.937410017830106,-1.0,0.0,2.0,1.0,1.0,4,subject_7
-0.937410017830106,-1.0,0.0,2.0,1.0,0.0,1,subject_7
-0.937410017830106,-1.0,0.0,0.0,0.0,2.0,6,subject_7
-0.937410017830106,-1.0,0.0,0.0,0.0,1.0,6,subject_7
-0.937410017830106,-1.0,0.0,0.0,0.0,0.0,4,subject_7
-0.937410017830106,-1.0,0.0,0.0,1.0,2.0,6,subject_7
-0.937410017830106,-1.0,0.0,0.0,1.0,1.0,6,subject_7
-0.937410017830106,-1.0,0.0,0.0,1.0,0.0,6,subject_7
-0.937410017830106,1.0,2.0,1.0,0.0,2.0,1,subject_7
-0.937410017830106,1.0,2.0,1.0,0.0,1.0,1,subject_7
-0.937410017830106,1.0,2.0,1.0,0.0,0.0,1,subject_7
-0.937410017830106,1.0,2.0,1.0,1.0,2.0,3,subject_7
-0.937410017830106,1.0,2.0,1.0,1.0,1.0,1,subject_7
-0.937410017830106,1.0,2.0,1.0,1.0,0.0,1,subject_7
-0.937410017830106,1.0,2.0,2.0,0.0,2.0,1,subject_7
-0.937410017830106,1.0,2.0,2.0,0.0,1.0,1,subject_7
-0.937410017830106,1.0,2.0,2.0,0.0,0.0,1,subject_7
-0.937410017830106,1.0,2.0,2.0,1.0,2.0,1,subject_7
-0.937410017830106,1.0,2.0,2.0,1.0,1.0,1,subject_7
-0.937410017830106,1.0,2.0,2.0,1.0,0.0,1,subject_7
-0.937410017830106,1.0,2.0,0.0,0.0,2.0,4,subject_7
-0.937410017830106,1.0,2.0,0.0,0.0,1.0,1,subject_7
-0.937410017830106,1.0,2.0,0.0,0.0,0.0,1,subject_7
-0.937410017830106,1.0,2.0,0.0,1.0,2.0,5,subject_7
-0.937410017830106,1.0,2.0,0.0,1.0,1.0,3,subject_7
-0.937410017830106,1.0,2.0,0.0,1.0,0.0,1,subject_7
-0.937410017830106,1.0,1.0,1.0,0.0,2.0,4,subject_7
-0.937410017830106,1.0,1.0,1.0,0.0,1.0,1,subject_7
-0.937410017830106,1.0,1.0,1.0,0.0,0.0,1,subject_7
-0.937410017830106,1.0,1.0,1.0,1.0,2.0,6,subject_7
-0.937410017830106,1.0,1.0,1.0,1.0,1.0,3,subject_7
-0.937410017830106,1.0,1.0,1.0,1.0,0.0,1,subject_7
-0.937410017830106,1.0,1.0,2.0,0.0,2.0,1,subject_7
-0.937410017830106,1.0,1.0,2.0,0.0,1.0,1,subject_7
-0.937410017830106,1.0,1.0,2.0,0.0,0.0,1,subject_7
-0.937410017830106,1.0,1.0,2.0,1.0,2.0,3,subject_7
-0.937410017830106,1.0,1.0,2.0,1.0,1.0,1,subject_7
-0.937410017830106,1.0,1.0,2.0,1.0,0.0,1,subject_7
-0.937410017830106,1.0,1.0,0.0,0.0,2.0,6,subject_7
-0.937410017830106,1.0,1.0,0.0,0.0,1.0,4,subject_7
-0.937410017830106,1.0,1.0,0.0,0.0,0.0,1,subject_7
-0.937410017830106,1.0,1.0,0.0,1.0,2.0,6,subject_7
-0.937410017830106,1.0,1.0,0.0,1.0,1.0,6,subject_7
-0.937410017830106,1.0,1.0,0.0,1.0,0.0,3,subject_7
-0.937410017830106,1.0,0.0,1.0,0.0,2.0,6,subject_7
-0.937410017830106,1.0,0.0,1.0,0.0,1.0,4,subject_7
-0.937410017830106,1.0,0.0,1.0,0.0,0.0,2,subject_7
-0.937410017830106,1.0,0.0,1.0,1.0,2.0,6,subject_7
-0.937410017830106,1.0,0.0,1.0,1.0,1.0,6,subject_7
-0.937410017830106,1.0,0.0,1.0,1.0,0.0,3,subject_7
-0.937410017830106,1.0,0.0,2.0,0.0,2.0,4,subject_7
-0.937410017830106,1.0,0.0,2.0,0.0,1.0,1,subject_7
-0.937410017830106,1.0,0.0,2.0,0.0,0.0,1,subject_7
-0.937410017830106,1.0,0.0,2.0,1.0,2.0,6,subject_7
-0.937410017830106,1.0,0.0,2.0,1.0,1.0,3,subject_7
-0.937410017830106,1.0,0.0,2.0,1.0,0.0,1,subject_7
-0.937410017830106,1.0,0.0,0.0,0.0,2.0,6,subject_7
-0.937410017830106,1.0,0.0,0.0,0.0,1.0,6,subject_7
-0.937410017830106,1.0,0.0,0.0,0.0,0.0,4,subject_7
-0.937410017830106,1.0,0.0,0.0,1.0,2.0,6,subject_7
-0.937410017830106,1.0,0.0,0.0,1.0,1.0,6,subject_7
-0.937410017830106,1.0,0.0,0.0,1.0,0.0,6,subject_7
-0.4483265302665725,-1.0,2.0,1.0,0.0,2.0,1,subject_7
-0.4483265302665725,-1.0,2.0,1.0,0.0,1.0,1,subject_7
-0.4483265302665725,-1.0,2.0,1.0,0.0,0.0,1,subject_7
-0.4483265302665725,-1.0,2.0,1.0,1.0,2.0,2,subject_7
-0.4483265302665725,-1.0,2.0,1.0,1.0,1.0,1,subject_7
-0.4483265302665725,-1.0,2.0,1.0,1.0,0.0,1,subject_7
-0.4483265302665725,-1.0,2.0,2.0,0.0,2.0,1,subject_7
-0.4483265302665725,-1.0,2.0,2.0,0.0,1.0,1,subject_7
-0.4483265302665725,-1.0,2.0,2.0,0.0,0.0,1,subject_7
-0.4483265302665725,-1.0,2.0,2.0,1.0,2.0,1,subject_7
-0.4483265302665725,-1.0,2.0,2.0,1.0,1.0,1,subject_7
-0.4483265302665725,-1.0,2.0,2.0,1.0,0.0,1,subject_7
-0.4483265302665725,-1.0,2.0,0.0,0.0,2.0,3,subject_7
-0.4483265302665725,-1.0,2.0,0.0,0.0,1.0,1,subject_7
-0.4483265302665725,-1.0,2.0,0.0,0.0,0.0,1,subject_7
-0.4483265302665725,-1.0,2.0,0.0,1.0,2.0,5,subject_7
-0.4483265302665725,-1.0,2.0,0.0,1.0,1.0,2,subject_7
-0.4483265302665725,-1.0,2.0,0.0,1.0,0.0,1,subject_7
-0.4483265302665725,-1.0,1.0,1.0,0.0,2.0,3,subject_7
-0.4483265302665725,-1.0,1.0,1.0,0.0,1.0,1,subject_7
-0.4483265302665725,-1.0,1.0,1.0,0.0,0.0,1,subject_7
-0.4483265302665725,-1.0,1.0,1.0,1.0,2.0,5,subject_7
-0.4483265302665725,-1.0,1.0,1.0,1.0,1.0,2,subject_7
-0.4483265302665725,-1.0,1.0,1.0,1.0,0.0,1,subject_7
-0.4483265302665725,-1.0,1.0,2.0,0.0,2.0,1,subject_7
-0.4483265302665725,-1.0,1.0,2.0,0.0,1.0,1,subject_7
-0.4483265302665725,-1.0,1.0,2.0,0.0,0.0,1,subject_7
-0.4483265302665725,-1.0,1.0,2.0,1.0,2.0,2,subject_7
-0.4483265302665725,-1.0,1.0,2.0,1.0,1.0,1,subject_7
-0.4483265302665725,-1.0,1.0,2.0,1.0,0.0,1,subject_7
-0.4483265302665725,-1.0,1.0,0.0,0.0,2.0,6,subject_7
-0.4483265302665725,-1.0,1.0,0.0,0.0,1.0,3,subject_7
-0.4483265302665725,-1.0,1.0,0.0,0.0,0.0,1,subject_7
-0.4483265302665725,-1.0,1.0,0.0,1.0,2.0,6,subject_7
-0.4483265302665725,-1.0,1.0,0.0,1.0,1.0,5,subject_7
-0.4483265302665725,-1.0,1.0,0.0,1.0,0.0,2,subject_7
-0.4483265302665725,-1.0,0.0,1.0,0.0,2.0,6,subject_7
-0.4483265302665725,-1.0,0.0,1.0,0.0,1.0,3,subject_7
-0.4483265302665725,-1.0,0.0,1.0,0.0,0.0,1,subject_7
-0.4483265302665725,-1.0,0.0,1.0,1.0,2.0,6,subject_7
-0.4483265302665725,-1.0,0.0,1.0,1.0,1.0,5,subject_7
-0.4483265302665725,-1.0,0.0,1.0,1.0,0.0,3,subject_7
-0.4483265302665725,-1.0,0.0,2.0,0.0,2.0,3,subject_7
-0.4483265302665725,-1.0,0.0,2.0,0.0,1.0,1,subject_7
-0.4483265302665725,-1.0,0.0,2.0,0.0,0.0,1,subject_7
-0.4483265302665725,-1.0,0.0,2.0,1.0,2.0,5,subject_7
-0.4483265302665725,-1.0,0.0,2.0,1.0,1.0,3,subject_7
-0.4483265302665725,-1.0,0.0,2.0,1.0,0.0,1,subject_7
-0.4483265302665725,-1.0,0.0,0.0,0.0,2.0,6,subject_7
-0.4483265302665725,-1.0,0.0,0.0,0.0,1.0,6,subject_7
-0.4483265302665725,-1.0,0.0,0.0,0.0,0.0,3,subject_7
-0.4483265302665725,-1.0,0.0,0.0,1.0,2.0,6,subject_7
-0.4483265302665725,-1.0,0.0,0.0,1.0,1.0,6,subject_7
-0.4483265302665725,-1.0,0.0,0.0,1.0,0.0,5,subject_7
-0.4483265302665725,1.0,2.0,1.0,0.0,2.0,1,subject_7
-0.4483265302665725,1.0,2.0,1.0,0.0,1.0,1,subject_7
-0.4483265302665725,1.0,2.0,1.0,0.0,0.0,1,subject_7
-0.4483265302665725,1.0,2.0,1.0,1.0,2.0,3,subject_7
-0.4483265302665725,1.0,2.0,1.0,1.0,1.0,1,subject_7
-0.4483265302665725,1.0,2.0,1.0,1.0,0.0,1,subject_7
-0.4483265302665725,1.0,2.0,2.0,0.0,2.0,1,subject_7
-0.4483265302665725,1.0,2.0,2.0,0.0,1.0,1,subject_7
-0.4483265302665725,1.0,2.0,2.0,0.0,0.0,1,subject_7
-0.4483265302665725,1.0,2.0,2.0,1.0,2.0,1,subject_7
-0.4483265302665725,1.0,2.0,2.0,1.0,1.0,1,subject_7
-0.4483265302665725,1.0,2.0,2.0,1.0,0.0,1,subject_7
-0.4483265302665725,1.0,2.0,0.0,0.0,2.0,4,subject_7
-0.4483265302665725,1.0,2.0,0.0,0.0,1.0,1,subject_7
-0.4483265302665725,1.0,2.0,0.0,0.0,0.0,1,subject_7
-0.4483265302665725,1.0,2.0,0.0,1.0,2.0,5,subject_7
-0.4483265302665725,1.0,2.0,0.0,1.0,1.0,3,subject_7
-0.4483265302665725,1.0,2.0,0.0,1.0,0.0,1,subject_7
-0.4483265302665725,1.0,1.0,1.0,0.0,2.0,4,subject_7
-0.4483265302665725,1.0,1.0,1.0,0.0,1.0,1,subject_7
-0.4483265302665725,1.0,1.0,1.0,0.0,0.0,1,subject_7
-0.4483265302665725,1.0,1.0,1.0,1.0,2.0,6,subject_7
-0.4483265302665725,1.0,1.0,1.0,1.0,1.0,3,subject_7
-0.4483265302665725,1.0,1.0,1.0,1.0,0.0,1,subject_7
-0.4483265302665725,1.0,1.0,2.0,0.0,2.0,1,subject_7
-0.4483265302665725,1.0,1.0,2.0,0.0,1.0,1,subject_7
-0.4483265302665725,1.0,1.0,2.0,0.0,0.0,1,subject_7
-0.4483265302665725,1.0,1.0,2.0,1.0,2.0,3,subject_7
-0.4483265302665725,1.0,1.0,2.0,1.0,1.0,1,subject_7
-0.4483265302665725,1.0,1.0,2.0,1.0,0.0,1,subject_7
-0.4483265302665725,1.0,1.0,0.0,0.0,2.0,6,subject_7
-0.4483265302665725,1.0,1.0,0.0,0.0,1.0,4,subject_7
-0.4483265302665725,1.0,1.0,0.0,0.0,0.0,1,subject_7
-0.4483265302665725,1.0,1.0,0.0,1.0,2.0,6,subject_7
-0.4483265302665725,1.0,1.0,0.0,1.0,1.0,6,subject_7
-0.4483265302665725,1.0,1.0,0.0,1.0,0.0,3,subject_7
-0.4483265302665725,1.0,0.0,1.0,0.0,2.0,6,subject_7
-0.4483265302665725,1.0,0.0,1.0,0.0,1.0,4,subject_7
-0.4483265302665725,1.0,0.0,1.0,0.0,0.0,2,subject_7
-0.4483265302665725,1.0,0.0,1.0,1.0,2.0,6,subject_7
-0.4483265302665725,1.0,0.0,1.0,1.0,1.0,6,subject_7
-0.4483265302665725,1.0,0.0,1.0,1.0,0.0,3,subject_7
-0.4483265302665725,1.0,0.0,2.0,0.0,2.0,4,subject_7
-0.4483265302665725,1.0,0.0,2.0,0.0,1.0,2,subject_7
-0.4483265302665725,1.0,0.0,2.0,0.0,0.0,1,subject_7
-0.4483265302665725,1.0,0.0,2.0,1.0,2.0,6,subject_7
-0.4483265302665725,1.0,0.0,2.0,1.0,1.0,3,subject_7
-0.4483265302665725,1.0,0.0,2.0,1.0,0.0,1,subject_7
-0.4483265302665725,1.0,0.0,0.0,0.0,2.0,6,subject_7
-0.4483265302665725,1.0,0.0,0.0,0.0,1.0,6,subject_7
-0.4483265302665725,1.0,0.0,0.0,0.0,0.0,4,subject_7
-0.4483265302665725,1.0,0.0,0.0,1.0,2.0,6,subject_7
-0.4483265302665725,1.0,0.0,0.0,1.0,1.0,6,subject_7
-0.4483265302665725,1.0,0.0,0.0,1.0,0.0,6,subject_7
1.3857365480966777,-1.0,2.0,1.0,0.0,2.0,1,subject_7
1.3857365480966777,-1.0,2.0,1.0,0.0,1.0,1,subject_7
1.3857365480966777,-1.0,2.0,1.0,0.0,0.0,1,subject_7
1.3857365480966777,-1.0,2.0,1.0,1.0,2.0,1,subject_7
1.3857365480966777,-1.0,2.0,1.0,1.0,1.0,1,subject_7
1.3857365480966777,-1.0,2.0,1.0,1.0,0.0,1,subject_7
1.3857365480966777,-1.0,2.0,2.0,0.0,2.0,1,subject_7
1.3857365480966777,-1.0,2.0,2.0,0.0,1.0,1,subject_7
1.3857365480966777,-1.0,2.0,2.0,0.0,0.0,1,subject_7
1.3857365480966777,-1.0,2.0,2.0,1.0,2.0,1,subject_7
1.3857365480966777,-1.0,2.0,2.0,1.0,1.0,1,subject_7
1.3857365480966777,-1.0,2.0,2.0,1.0,0.0,1,subject_7
1.3857365480966777,-1.0,2.0,0.0,0.0,2.0,1,subject_7
1.3857365480966777,-1.0,2.0,0.0,0.0,1.0,1,subject_7
1.3857365480966777,-1.0,2.0,0.0,0.0,0.0,1,subject_7
1.3857365480966777,-1.0,2.0,0.0,1.0,2.0,2,subject_7
1.3857365480966777,-1.0,2.0,0.0,1.0,1.0,1,subject_7
1.3857365480966777,-1.0,2.0,0.0,1.0,0.0,1,subject_7
1.3857365480966777,-1.0,1.0,1.0,0.0,2.0,1,subject_7
1.3857365480966777,-1.0,1.0,1.0,0.0,1.0,1,subject_7
1.3857365480966777,-1.0,1.0,1.0,0.0,0.0,1,subject_7
1.3857365480966777,-1.0,1.0,1.0,1.0,2.0,2,subject_7
1.3857365480966777,-1.0,1.0,1.0,1.0,1.0,1,subject_7
1.3857365480966777,-1.0,1.0,1.0,1.0,0.0,1,subject_7
1.3857365480966777,-1.0,1.0,2.0,0.0,2.0,1,subject_7
1.3857365480966777,-1.0,1.0,2.0,0.0,1.0,1,subject_7
1.3857365480966777,-1.0,1.0,2.0,0.0,0.0,1,subject_7
1.3857365480966777,-1.0,1.0,2.0,1.0,2.0,1,subject_7
1.3857365480966777,-1.0,1.0,2.0,1.0,1.0,1,subject_7
1.3857365480966777,-1.0,1.0,2.0,1.0,0.0,1,subject_7
1.3857365480966777,-1.0,1.0,0.0,0.0,2.0,3,subject_7
1.3857365480966777,-1.0,1.0,0.0,0.0,1.0,1,subject_7
1.3857365480966777,-1.0,1.0,0.0,0.0,0.0,1,subject_7
1.3857365480966777,-1.0,1.0,0.0,1.0,2.0,5,subject_7
1.3857365480966777,-1.0,1.0,0.0,1.0,1.0,2,subject_7
1.3857365480966777,-1.0,1.0,0.0,1.0,0.0,1,subject_7
1.3857365480966777,-1.0,0.0,1.0,0.0,2.0,3,subject_7
1.3857365480966777,-1.0,0.0,1.0,0.0,1.0,1,subject_7
1.3857365480966777,-1.0,0.0,1.0,0.0,0.0,1,subject_7
1.3857365480966777,-1.0,0.0,1.0,1.0,2.0,5,subject_7
1.3857365480966777,-1.0,0.0,1.0,1.0,1.0,2,subject_7
1.3857365480966777,-1.0,0.0,1.0,1.0,0.0,1,subject_7
1.3857365480966777,-1.0,0.0,2.0,0.0,2.0,1,subject_7
1.3857365480966777,-1.0,0.0,2.0,0.0,1.0,1,subject_7
1.3857365480966777,-1.0,0.0,2.0,0.0,0.0,1,subject_7
1.3857365480966777,-1.0,0.0,2.0,1.0,2.0,2,subject_7
1.3857365480966777,-1.0,0.0,2.0,1.0,1.0,1,subject_7
1.3857365480966777,-1.0,0.0,2.0,1.0,0.0,1,subject_7
1.3857365480966777,-1.0,0.0,0.0,0.0,2.0,6,subject_7
1.3857365480966777,-1.0,0.0,0.0,0.0,1.0,3,subject_7
1.3857365480966777,-1.0,0.0,0.0,0.0,0.0,1,subject_7
1.3857365480966777,-1.0,0.0,0.0,1.0,2.0,6,subject_7
1.3857365480966777,-1.0,0.0,0.0,1.0,1.0,5,subject_7
1.3857365480966777,-1.0,0.0,0.0,1.0,0.0,2,subject_7
1.3857365480966777,1.0,2.0,1.0,0.0,2.0,2,subject_7
1.3857365480966777,1.0,2.0,1.0,0.0,1.0,1,subject_7
1.3857365480966777,1.0,2.0,1.0,0.0,0.0,1,subject_7
1.3857365480966777,1.0,2.0,1.0,1.0,2.0,3,subject_7
1.3857365480966777,1.0,2.0,1.0,1.0,1.0,1,subject_7
1.3857365480966777,1.0,2.0,1.0,1.0,0.0,1,subject_7
1.3857365480966777,1.0,2.0,2.0,0.0,2.0,1,subject_7
1.3857365480966777,1.0,2.0,2.0,0.0,1.0,1,subject_7
1.3857365480966777,1.0,2.0,2.0,0.0,0.0,1,subject_7
1.3857365480966777,1.0,2.0,2.0,1.0,2.0,1,subject_7
1.3857365480966777,1.0,2.0,2.0,1.0,1.0,1,subject_7
1.3857365480966777,1.0,2.0,2.0,1.0,0.0,1,subject_7
1.3857365480966777,1.0,2.0,0.0,0.0,2.0,4,subject_7
1.3857365480966777,1.0,2.0,0.0,0.0,1.0,2,subject_7
1.3857365480966777,1.0,2.0,0.0,0.0,0.0,1,subject_7
1.3857365480966777,1.0,2.0,0.0,1.0,2.0,6,subject_7
1.3857365480966777,1.0,2.0,0.0,1.0,1.0,3,subject_7
1.3857365480966777,1.0,2.0,0.0,1.0,0.0,1,subject_7
1.3857365480966777,1.0,1.0,1.0,0.0,2.0,4,subject_7
1.3857365480966777,1.0,1.0,1.0,0.0,1.0,2,subject_7
1.3857365480966777,1.0,1.0,1.0,0.0,0.0,1,subject_7
1.3857365480966777,1.0,1.0,1.0,1.0,2.0,6,subject_7
1.3857365480966777,1.0,1.0,1.0,1.0,1.0,4,subject_7
1.3857365480966777,1.0,1.0,1.0,1.0,0.0,1,subject_7
1.3857365480966777,1.0,1.0,2.0,0.0,2.0,2,subject_7
1.3857365480966777,1.0,1.0,2.0,0.0,1.0,1,subject_7
1.3857365480966777,1.0,1.0,2.0,0.0,0.0,1,subject_7
1.3857365480966777,1.0,1.0,2.0,1.0,2.0,4,subject_7
1.3857365480966777,1.0,1.0,2.0,1.0,1.0,1,subject_7
1.3857365480966777,1.0,1.0,2.0,1.0,0.0,1,subject_7
1.3857365480966777,1.0,1.0,0.0,0.0,2.0,6,subject_7
1.3857365480966777,1.0,1.0,0.0,0.0,1.0,4,subject_7
1.3857365480966777,1.0,1.0,0.0,0.0,0.0,2,subject_7
1.3857365480966777,1.0,1.0,0.0,1.0,2.0,6,subject_7
1.3857365480966777,1.0,1.0,0.0,1.0,1.0,6,subject_7
1.3857365480966777,1.0,1.0,0.0,1.0,0.0,4,subject_7
1.3857365480966777,1.0,0.0,1.0,0.0,2.0,6,subject_7
1.3857365480966777,1.0,0.0,1.0,0.0,1.0,5,subject_7
1.3857365480966777,1.0,0.0,1.0,0.0,0.0,2,subject_7
1.3857365480966777,1.0,0.0,1.0,1.0,2.0,6,subject_7
1.3857365480966777,1.0,0.0,1.0,1.0,1.0,6,subject_7
1.3857365480966777,1.0,0.0,1.0,1.0,0.0,4,subject_7
1.3857365480966777,1.0,0.0,2.0,0.0,2.0,5,subject_7
1.3857365480966777,1.0,0.0,2.0,0.0,1.0,2,subject_7
1.3857365480966777,1.0,0.0,2.0,0.0,0.0,1,subject_7
1.3857365480966777,1.0,0.0,2.0,1.0,2.0,6,subject_7
1.3857365480966777,1.0,0.0,2.0,1.0,1.0,4,subject_7
1.3857365480966777,1.0,0.0,2.0,1.0,0.0,1,subject_7
1.3857365480966777,1.0,0.0,0.0,0.0,2.0,6,subject_7
1.3857365480966777,1.0,0.0,0.0,0.0,1.0,6,subject_7
1.3857365480966777,1.0,0.0,0.0,0.0,0.0,5,subject_7
1.3857365480966777,1.0,0.0,0.0,1.0,2.0,6,subject_7
1.3857365480966777,1.0,0.0,0.0,1.0,1.0,6,subject_7
1.3857365480966777,1.0,0.0,0.0,1.0,0.0,6,subject_7
-0.937410017830106,-1.0,2.0,1.0,0.0,2.0,2,subject_8
-0.937410017830106,-1.0,2.0,1.0,0.0,1.0,1,subject_8
-0.937410017830106,-1.0,2.0,1.0,0.0,0.0,1,subject_8
-0.937410017830106,-1.0,2.0,1.0,1.0,2.0,4,subject_8
-0.937410017830106,-1.0,2.0,1.0,1.0,1.0,2,subject_8
-0.937410017830106,-1.0,2.0,1.0,1.0,0.0,1,subject_8
-0.937410017830106,-1.0,2.0,2.0,0.0,2.0,1,subject_8
-0.937410017830106,-1.0,2.0,2.0,0.0,1.0,1,subject_8
-0.937410017830106,-1.0,2.0,2.0,0.0,0.0,1,subject_8
-0.937410017830106,-1.0,2.0,2.0,1.0,2.0,2,subject_8
-0.937410017830106,-1.0,2.0,2.0,1.0,1.0,1,subject_8
-0.937410017830106,-1.0,2.0,2.0,1.0,0.0,1,subject_8
-0.937410017830106,-1.0,2.0,0.0,0.0,2.0,4,subject_8
-0.937410017830106,-1.0,2.0,0.0,0.0,1.0,2,subject_8
-0.937410017830106,-1.0,2.0,0.0,0.0,0.0,1,subject_8
-0.937410017830106,-1.0,2.0,0.0,1.0,2.0,6,subject_8
-0.937410017830106,-1.0,2.0,0.0,1.0,1.0,5,subject_8
-0.937410017830106,-1.0,2.0,0.0,1.0,0.0,3,subject_8
-0.937410017830106,-1.0,1.0,1.0,0.0,2.0,4,subject_8
-0.937410017830106,-1.0,1.0,1.0,0.0,1.0,2,subject_8
-0.937410017830106,-1.0,1.0,1.0,0.0,0.0,1,subject_8
-0.937410017830106,-1.0,1.0,1.0,1.0,2.0,6,subject_8
-0.937410017830106,-1.0,1.0,1.0,1.0,1.0,5,subject_8
-0.937410017830106,-1.0,1.0,1.0,1.0,0.0,3,subject_8
-0.937410017830106,-1.0,1.0,2.0,0.0,2.0,2,subject_8
-0.937410017830106,-1.0,1.0,2.0,0.0,1.0,1,subject_8
-0.937410017830106,-1.0,1.0,2.0,0.0,0.0,1,subject_8
-0.937410017830106,-1.0,1.0,2.0,1.0,2.0,4,subject_8
-0.937410017830106,-1.0,1.0,2.0,1.0,1.0,2,subject_8
-0.937410017830106,-1.0,1.0,2.0,1.0,0.0,1,subject_8
-0.937410017830106,-1.0,1.0,0.0,0.0,2.0,6,subject_8
-0.937410017830106,-1.0,1.0,0.0,0.0,1.0,5,subject_8
-0.937410017830106,-1.0,1.0,0.0,0.0,0.0,3,subject_8
-0.937410017830106,-1.0,1.0,0.0,1.0,2.0,6,subject_8
-0.937410017830106,-1.0,1.0,0.0,1.0,1.0,6,subject_8
-0.937410017830106,-1.0,1.0,0.0,1.0,0.0,5,subject_8
-0.937410017830106,-1.0,0.0,1.0,0.0,2.0,6,subject_8
-0.937410017830106,-1.0,0.0,1.0,0.0,1.0,4,subject_8
-0.937410017830106,-1.0,0.0,1.0,0.0,0.0,2,subject_8
-0.937410017830106,-1.0,0.0,1.0,1.0,2.0,6,subject_8
-0.937410017830106,-1.0,0.0,1.0,1.0,1.0,6,subject_8
-0.937410017830106,-1.0,0.0,1.0,1.0,0.0,5,subject_8
-0.937410017830106,-1.0,0.0,2.0,0.0,2.0,3,subject_8
-0.937410017830106,-1.0,0.0,2.0,0.0,1.0,2,subject_8
-0.937410017830106,-1.0,0.0,2.0,0.0,0.0,1,subject_8
-0.937410017830106,-1.0,0.0,2.0,1.0,2.0,6,subject_8
-0.937410017830106,-1.0,0.0,2.0,1.0,1.0,5,subject_8
-0.937410017830106,-1.0,0.0,2.0,1.0,0.0,3,subject_8
-0.937410017830106,-1.0,0.0,0.0,0.0,2.0,6,subject_8
-0.937410017830106,-1.0,0.0,0.0,0.0,1.0,6,subject_8
-0.937410017830106,-1.0,0.0,0.0,0.0,0.0,5,subject_8
-0.937410017830106,-1.0,0.0,0.0,1.0,2.0,6,subject_8
-0.937410017830106,-1.0,0.0,0.0,1.0,1.0,6,subject_8
-0.937410017830106,-1.0,0.0,0.0,1.0,0.0,6,subject_8
-0.937410017830106,1.0,2.0,1.0,0.0,2.0,1,subject_8
-0.937410017830106,1.0,2.0,1.0,0.0,1.0,1,subject_8
-0.937410017830106,1.0,2.0,1.0,0.0,0.0,1,subject_8
-0.937410017830106,1.0,2.0,1.0,1.0,2.0,2,subject_8
-0.937410017830106,1.0,2.0,1.0,1.0,1.0,1,subject_8
-0.937410017830106,1.0,2.0,1.0,1.0,0.0,1,subject_8
-0.937410017830106,1.0,2.0,2.0,0.0,2.0,1,subject_8
-0.937410017830106,1.0,2.0,2.0,0.0,1.0,1,subject_8
-0.937410017830106,1.0,2.0,2.0,0.0,0.0,1,subject_8
-0.937410017830106,1.0,2.0,2.0,1.0,2.0,1,subject_8
-0.937410017830106,1.0,2.0,2.0,1.0,1.0,1,subject_8
-0.937410017830106,1.0,2.0,2.0,1.0,0.0,1,subject_8
-0.937410017830106,1.0,2.0,0.0,0.0,2.0,2,subject_8
-0.937410017830106,1.0,2.0,0.0,0.0,1.0,1,subject_8
-0.937410017830106,1.0,2.0,0.0,0.0,0.0,1,subject_8
-0.937410017830106,1.0,2.0,0.0,1.0,2.0,5,subject_8
-0.937410017830106,1.0,2.0,0.0,1.0,1.0,3,subject_8
-0.937410017830106,1.0,2.0,0.0,1.0,0.0,2,subject_8
-0.937410017830106,1.0,1.0,1.0,0.0,2.0,2,subject_8
-0.937410017830106,1.0,1.0,1.0,0.0,1.0,1,subject_8
-0.937410017830106,1.0,1.0,1.0,0.0,0.0,1,subject_8
-0.937410017830106,1.0,1.0,1.0,1.0,2.0,5,subject_8
-0.937410017830106,1.0,1.0,1.0,1.0,1.0,3,subject_8
-0.937410017830106,1.0,1.0,1.0,1.0,0.0,2,subject_8
-0.937410017830106,1.0,1.0,2.0,0.0,2.0,1,subject_8
-0.937410017830106,1.0,1.0,2.0,0.0,1.0,1,subject_8
-0.937410017830106,1.0,1.0,2.0,0.0,0.0,1,subject_8
-0.937410017830106,1.0,1.0,2.0,1.0,2.0,2,subject_8
-0.937410017830106,1.0,1.0,2.0,1.0,1.0,1,subject_8
-0.937410017830106,1.0,1.0,2.0,1.0,0.0,1,subject_8
-0.937410017830106,1.0,1.0,0.0,0.0,2.0,5,subject_8
-0.937410017830106,1.0,1.0,0.0,0.0,1.0,3,subject_8
-0.937410017830106,1.0,1.0,0.0,0.0,0.0,2,subject_8
-0.937410017830106,1.0,1.0,0.0,1.0,2.0,6,subject_8
-0.937410017830106,1.0,1.0,0.0,1.0,1.0,5,subject_8
-0.937410017830106,1.0,1.0,0.0,1.0,0.0,4,subject_8
-0.937410017830106,1.0,0.0,1.0,0.0,2.0,4,subject_8
-0.937410017830106,1.0,0.0,1.0,0.0,1.0,3,subject_8
-0.937410017830106,1.0,0.0,1.0,0.0,0.0,1,subject_8
-0.937410017830106,1.0,0.0,1.0,1.0,2.0,6,subject_8
-0.937410017830106,1.0,0.0,1.0,1.0,1.0,5,subject_8
-0.937410017830106,1.0,0.0,1.0,1.0,0.0,4,subject_8
-0.937410017830106,1.0,0.0,2.0,0.0,2.0,2,subject_8
-0.937410017830106,1.0,0.0,2.0,0.0,1.0,1,subject_8
-0.937410017830106,1.0,0.0,2.0,0.0,0.0,1,subject_8
-0.937410017830106,1.0,0.0,2.0,1.0,2.0,5,subject_8
-0.937410017830106,1.0,0.0,2.0,1.0,1.0,3,subject_8
-0.937410017830106,1.0,0.0,2.0,1.0,0.0,2,subject_8
-0.937410017830106,1.0,0.0,0.0,0.0,2.0,6,subject_8
-0.937410017830106,1.0,0.0,0.0,0.0,1.0,5,subject_8
-0.937410017830106,1.0,0.0,0.0,0.0,0.0,3,subject_8
-0.937410017830106,1.0,0.0,0.0,1.0,2.0,6,subject_8
-0.937410017830106,1.0,0.0,0.0,1.0,1.0,6,subject_8
-0.937410017830106,1.0,0.0,0.0,1.0,0.0,6,subject_8
-0.4483265302665725,-1.0,2.0,1.0,0.0,2.0,1,subject_8
-0.4483265302665725,-1.0,2.0,1.0,0.0,1.0,1,subject_8
-0.4483265302665725,-1.0,2.0,1.0,0.0,0.0,1,subject_8
-0.4483265302665725,-1.0,2.0,1.0,1.0,2.0,3,subject_8
-0.4483265302665725,-1.0,2.0,1.0,1.0,1.0,2,subject_8
-0.4483265302665725,-1.0,2.0,1.0,1.0,0.0,1,subject_8
-0.4483265302665725,-1.0,2.0,2.0,0.0,2.0,1,subject_8
-0.4483265302665725,-1.0,2.0,2.0,0.0,1.0,1,subject_8
-0.4483265302665725,-1.0,2.0,2.0,0.0,0.0,1,subject_8
-0.4483265302665725,-1.0,2.0,2.0,1.0,2.0,1,subject_8
-0.4483265302665725,-1.0,2.0,2.0,1.0,1.0,1,subject_8
-0.4483265302665725,-1.0,2.0,2.0,1.0,0.0,1,subject_8
-0.4483265302665725,-1.0,2.0,0.0,0.0,2.0,3,subject_8
-0.4483265302665725,-1.0,2.0,0.0,0.0,1.0,2,subject_8
-0.4483265302665725,-1.0,2.0,0.0,0.0,0.0,1,subject_8
-0.4483265302665725,-1.0,2.0,0.0,1.0,2.0,5,subject_8
-0.4483265302665725,-1.0,2.0,0.0,1.0,1.0,4,subject_8
-0.4483265302665725,-1.0,2.0,0.0,1.0,0.0,2,subject_8
-0.4483265302665725,-1.0,1.0,1.0,0.0,2.0,3,subject_8
-0.4483265302665725,-1.0,1.0,1.0,0.0,1.0,2,subject_8
-0.4483265302665725,-1.0,1.0,1.0,0.0,0.0,1,subject_8
-0.4483265302665725,-1.0,1.0,1.0,1.0,2.0,5,subject_8
-0.4483265302665725,-1.0,1.0,1.0,1.0,1.0,4,subject_8
-0.4483265302665725,-1.0,1.0,1.0,1.0,0.0,2,subject_8
-0.4483265302665725,-1.0,1.0,2.0,0.0,2.0,1,subject_8
-0.4483265302665725,-1.0,1.0,2.0,0.0,1.0,1,subject_8
-0.4483265302665725,-1.0,1.0,2.0,0.0,0.0,1,subject_8
-0.4483265302665725,-1.0,1.0,2.0,1.0,2.0,3,subject_8
-0.4483265302665725,-1.0,1.0,2.0,1.0,1.0,2,subject_8
-0.4483265302665725,-1.0,1.0,2.0,1.0,0.0,1,subject_8
-0.4483265302665725,-1.0,1.0,0.0,0.0,2.0,5,subject_8
-0.4483265302665725,-1.0,1.0,0.0,0.0,1.0,4,subject_8
-0.4483265302665725,-1.0,1.0,0.0,0.0,0.0,2,subject_8
-0.4483265302665725,-1.0,1.0,0.0,1.0,2.0,6,subject_8
-0.4483265302665725,-1.0,1.0,0.0,1.0,1.0,6,subject_8
-0.4483265302665725,-1.0,1.0,0.0,1.0,0.0,5,subject_8
-0.4483265302665725,-1.0,0.0,1.0,0.0,2.0,5,subject_8
-0.4483265302665725,-1.0,0.0,1.0,0.0,1.0,3,subject_8
-0.4483265302665725,-1.0,0.0,1.0,0.0,0.0,2,subject_8
-0.4483265302665725,-1.0,0.0,1.0,1.0,2.0,6,subject_8
-0.4483265302665725,-1.0,0.0,1.0,1.0,1.0,6,subject_8
-0.4483265302665725,-1.0,0.0,1.0,1.0,0.0,5,subject_8
-0.4483265302665725,-1.0,0.0,2.0,0.0,2.0,3,subject_8
-0.4483265302665725,-1.0,0.0,2.0,0.0,1.0,1,subject_8
-0.4483265302665725,-1.0,0.0,2.0,0.0,0.0,1,subject_8
-0.4483265302665725,-1.0,0.0,2.0,1.0,2.0,5,subject_8
-0.4483265302665725,-1.0,0.0,2.0,1.0,1.0,4,subject_8
-0.4483265302665725,-1.0,0.0,2.0,1.0,0.0,2,subject_8
-0.4483265302665725,-1.0,0.0,0.0,0.0,2.0,6,subject_8
-0.4483265302665725,-1.0,0.0,0.0,0.0,1.0,6,subject_8
-0.4483265302665725,-1.0,0.0,0.0,0.0,0.0,4,subject_8
-0.4483265302665725,-1.0,0.0,0.0,1.0,2.0,6,subject_8
-0.4483265302665725,-1.0,0.0,0.0,1.0,1.0,6,subject_8
-0.4483265302665725,-1.0,0.0,0.0,1.0,0.0,6,subject_8
-0.4483265302665725,1.0,2.0,1.0,0.0,2.0,1,subject_8
-0.4483265302665725,1.0,2.0,1.0,0.0,1.0,1,subject_8
-0.4483265302665725,1.0,2.0,1.0,0.0,0.0,1,subject_8
-0.4483265302665725,1.0,2.0,1.0,1.0,2.0,2,subject_8
-0.4483265302665725,1.0,2.0,1.0,1.0,1.0,1,subject_8
-0.4483265302665725,1.0,2.0,1.0,1.0,0.0,1,subject_8
-0.4483265302665725,1.0,2.0,2.0,0.0,2.0,1,subject_8
-0.4483265302665725,1.0,2.0,2.0,0.0,1.0,1,subject_8
-0.4483265302665725,1.0,2.0,2.0,0.0,0.0,1,subject_8
-0.4483265302665725,1.0,2.0,2.0,1.0,2.0,1,subject_8
-0.4483265302665725,1.0,2.0,2.0,1.0,1.0,1,subject_8
-0.4483265302665725,1.0,2.0,2.0,1.0,0.0,1,subject_8
-0.4483265302665725,1.0,2.0,0.0,0.0,2.0,2,subject_8
-0.4483265302665725,1.0,2.0,0.0,0.0,1.0,1,subject_8
-0.4483265302665725,1.0,2.0,0.0,0.0,0.0,1,subject_8
-0.4483265302665725,1.0,2.0,0.0,1.0,2.0,5,subject_8
-0.4483265302665725,1.0,2.0,0.0,1.0,1.0,3,subject_8
-0.4483265302665725,1.0,2.0,0.0,1.0,0.0,2,subject_8
-0.4483265302665725,1.0,1.0,1.0,0.0,2.0,2,subject_8
-0.4483265302665725,1.0,1.0,1.0,0.0,1.0,1,subject_8
-0.4483265302665725,1.0,1.0,1.0,0.0,0.0,1,subject_8
-0.4483265302665725,1.0,1.0,1.0,1.0,2.0,5,subject_8
-0.4483265302665725,1.0,1.0,1.0,1.0,1.0,3,subject_8
-0.4483265302665725,1.0,1.0,1.0,1.0,0.0,2,subject_8
-0.4483265302665725,1.0,1.0,2.0,0.0,2.0,1,subject_8
-0.4483265302665725,1.0,1.0,2.0,0.0,1.0,1,subject_8
-0.4483265302665725,1.0,1.0,2.0,0.0,0.0,1,subject_8
-0.4483265302665725,1.0,1.0,2.0,1.0,2.0,2,subject_8
-0.4483265302665725,1.0,1.0,2.0,1.0,1.0,1,subject_8
-0.4483265302665725,1.0,1.0,2.0,1.0,0.0,1,subject_8
-0.4483265302665725,1.0,1.0,0.0,0.0,2.0,5,subject_8
-0.4483265302665725,1.0,1.0,0.0,0.0,1.0,3,subject_8
-0.4483265302665725,1.0,1.0,0.0,0.0,0.0,2,subject_8
-0.4483265302665725,1.0,1.0,0.0,1.0,2.0,6,subject_8
-0.4483265302665725,1.0,1.0,0.0,1.0,1.0,5,subject_8
-0.4483265302665725,1.0,1.0,0.0,1.0,0.0,4,subject_8
-0.4483265302665725,1.0,0.0,1.0,0.0,2.0,4,subject_8
-0.4483265302665725,1.0,0.0,1.0,0.0,1.0,3,subject_8
-0.4483265302665725,1.0,0.0,1.0,0.0,0.0,1,subject_8
-0.4483265302665725,1.0,0.0,1.0,1.0,2.0,6,subject_8
-0.4483265302665725,1.0,0.0,1.0,1.0,1.0,5,subject_8
-0.4483265302665725,1.0,0.0,1.0,1.0,0.0,4,subject_8
-0.4483265302665725,1.0,0.0,2.0,0.0,2.0,2,subject_8
-0.4483265302665725,1.0,0.0,2.0,0.0,1.0,1,subject_8
-0.4483265302665725,1.0,0.0,2.0,0.0,0.0,1,subject_8
-0.4483265302665725,1.0,0.0,2.0,1.0,2.0,5,subject_8
-0.4483265302665725,1.0,0.0,2.0,1.0,1.0,3,subject_8
-0.4483265302665725,1.0,0.0,2.0,1.0,0.0,2,subject_8
-0.4483265302665725,1.0,0.0,0.0,0.0,2.0,6,subject_8
-0.4483265302665725,1.0,0.0,0.0,0.0,1.0,5,subject_8
-0.4483265302665725,1.0,0.0,0.0,0.0,0.0,3,subject_8
-0.4483265302665725,1.0,0.0,0.0,1.0,2.0,6,subject_8
-0.4483265302665725,1.0,0.0,0.0,1.0,1.0,6,subject_8
-0.4483265302665725,1.0,0.0,0.0,1.0,0.0,6,subject_8
1.3857365480966777,-1.0,2.0,1.0,0.0,2.0,1,subject_8
1.3857365480966777,-1.0,2.0,1.0,0.0,1.0,1,subject_8
1.3857365480966777,-1.0,2.0,1.0,0.0,0.0,1,subject_8
1.3857365480966777,-1.0,2.0,1.0,1.0,2.0,1,subject_8
1.3857365480966777,-1.0,2.0,1.0,1.0,1.0,1,subject_8
1.3857365480966777,-1.0,2.0,1.0,1.0,0.0,1,subject_8
1.3857365480966777,-1.0,2.0,2.0,0.0,2.0,1,subject_8
1.3857365480966777,-1.0,2.0,2.0,0.0,1.0,1,subject_8
1.3857365480966777,-1.0,2.0,2.0,0.0,0.0,1,subject_8
1.3857365480966777,-1.0,2.0,2.0,1.0,2.0,1,subject_8
1.3857365480966777,-1.0,2.0,2.0,1.0,1.0,1,subject_8
1.3857365480966777,-1.0,2.0,2.0,1.0,0.0,1,subject_8
1.3857365480966777,-1.0,2.0,0.0,0.0,2.0,1,subject_8
1.3857365480966777,-1.0,2.0,0.0,0.0,1.0,1,subject_8
1.3857365480966777,-1.0,2.0,0.0,0.0,0.0,1,subject_8
1.3857365480966777,-1.0,2.0,0.0,1.0,2.0,2,subject_8
1.3857365480966777,-1.0,2.0,0.0,1.0,1.0,1,subject_8
1.3857365480966777,-1.0,2.0,0.0,1.0,0.0,1,subject_8
1.3857365480966777,-1.0,1.0,1.0,0.0,2.0,1,subject_8
1.3857365480966777,-1.0,1.0,1.0,0.0,1.0,1,subject_8
1.3857365480966777,-1.0,1.0,1.0,0.0,0.0,1,subject_8
1.3857365480966777,-1.0,1.0,1.0,1.0,2.0,2,subject_8
1.3857365480966777,-1.0,1.0,1.0,1.0,1.0,1,subject_8
1.3857365480966777,-1.0,1.0,1.0,1.0,0.0,1,subject_8
1.3857365480966777,-1.0,1.0,2.0,0.0,2.0,1,subject_8
1.3857365480966777,-1.0,1.0,2.0,0.0,1.0,1,subject_8
1.3857365480966777,-1.0,1.0,2.0,0.0,0.0,1,subject_8
1.3857365480966777,-1.0,1.0,2.0,1.0,2.0,1,subject_8
1.3857365480966777,-1.0,1.0,2.0,1.0,1.0,1,subject_8
1.3857365480966777,-1.0,1.0,2.0,1.0,0.0,1,subject_8
1.3857365480966777,-1.0,1.0,0.0,0.0,2.0,2,subject_8
1.3857365480966777,-1.0,1.0,0.0,0.0,1.0,1,subject_8
1.3857365480966777,-1.0,1.0,0.0,0.0,0.0,1,subject_8
1.3857365480966777,-1.0,1.0,0.0,1.0,2.0,5,subject_8
1.3857365480966777,-1.0,1.0,0.0,1.0,1.0,3,subject_8
1.3857365480966777,-1.0,1.0,0.0,1.0,0.0,2,subject_8
1.3857365480966777,-1.0,0.0,1.0,0.0,2.0,2,subject_8
1.3857365480966777,-1.0,0.0,1.0,0.0,1.0,1,subject_8
1.3857365480966777,-1.0,0.0,1.0,0.0,0.0,1,subject_8
1.3857365480966777,-1.0,0.0,1.0,1.0,2.0,5,subject_8
1.3857365480966777,-1.0,0.0,1.0,1.0,1.0,3,subject_8
1.3857365480966777,-1.0,0.0,1.0,1.0,0.0,2,subject_8
1.3857365480966777,-1.0,0.0,2.0,0.0,2.0,1,subject_8
1.3857365480966777,-1.0,0.0,2.0,0.0,1.0,1,subject_8
1.3857365480966777,-1.0,0.0,2.0,0.0,0.0,1,subject_8
1.3857365480966777,-1.0,0.0,2.0,1.0,2.0,2,subject_8
1.3857365480966777,-1.0,0.0,2.0,1.0,1.0,1,subject_8
1.3857365480966777,-1.0,0.0,2.0,1.0,0.0,1,subject_8
1.3857365480966777,-1.0,0.0,0.0,0.0,2.0,5,subject_8
1.3857365480966777,-1.0,0.0,0.0,0.0,1.0,3,subject_8
1.3857365480966777,-1.0,0.0,0.0,0.0,0.0,1,subject_8
1.3857365480966777,-1.0,0.0,0.0,1.0,2.0,6,subject_8
1.3857365480966777,-1.0,0.0,0.0,1.0,1.0,5,subject_8
1.3857365480966777,-1.0,0.0,0.0,1.0,0.0,4,subject_8
1.3857365480966777,1.0,2.0,1.0,0.0,2.0,1,subject_8
1.3857365480966777,1.0,2.0,1.0,0.0,1.0,1,subject_8
1.3857365480966777,1.0,2.0,1.0,0.0,0.0,1,subject_8
1.3857365480966777,1.0,2.0,1.0,1.0,2.0,3,subject_8
1.3857365480966777,1.0,2.0,1.0,1.0,1.0,1,subject_8
1.3857365480966777,1.0,2.0,1.0,1.0,0.0,1,subject_8
1.3857365480966777,1.0,2.0,2.0,0.0,2.0,1,subject_8
1.3857365480966777,1.0,2.0,2.0,0.0,1.0,1,subject_8
1.3857365480966777,1.0,2.0,2.0,0.0,0.0,1,subject_8
1.3857365480966777,1.0,2.0,2.0,1.0,2.0,1,subject_8
1.3857365480966777,1.0,2.0,2.0,1.0,1.0,1,subject_8
1.3857365480966777,1.0,2.0,2.0,1.0,0.0,1,subject_8
1.3857365480966777,1.0,2.0,0.0,0.0,2.0,2,subject_8
1.3857365480966777,1.0,2.0,0.0,0.0,1.0,1,subject_8
1.3857365480966777,1.0,2.0,0.0,0.0,0.0,1,subject_8
1.3857365480966777,1.0,2.0,0.0,1.0,2.0,5,subject_8
1.3857365480966777,1.0,2.0,0.0,1.0,1.0,3,subject_8
1.3857365480966777,1.0,2.0,0.0,1.0,0.0,2,subject_8
1.3857365480966777,1.0,1.0,1.0,0.0,2.0,2,subject_8
1.3857365480966777,1.0,1.0,1.0,0.0,1.0,1,subject_8
1.3857365480966777,1.0,1.0,1.0,0.0,0.0,1,subject_8
1.3857365480966777,1.0,1.0,1.0,1.0,2.0,5,subject_8
1.3857365480966777,1.0,1.0,1.0,1.0,1.0,3,subject_8
1.3857365480966777,1.0,1.0,1.0,1.0,0.0,2,subject_8
1.3857365480966777,1.0,1.0,2.0,0.0,2.0,1,subject_8
1.3857365480966777,1.0,1.0,2.0,0.0,1.0,1,subject_8
1.3857365480966777,1.0,1.0,2.0,0.0,0.0,1,subject_8
1.3857365480966777,1.0,1.0,2.0,1.0,2.0,2,subject_8
1.3857365480966777,1.0,1.0,2.0,1.0,1.0,1,subject_8
1.3857365480966777,1.0,1.0,2.0,1.0,0.0,1,subject_8
1.3857365480966777,1.0,1.0,0.0,0.0,2.0,5,subject_8
1.3857365480966777,1.0,1.0,0.0,0.0,1.0,3,subject_8
1.3857365480966777,1.0,1.0,0.0,0.0,0.0,2,subject_8
1.3857365480966777,1.0,1.0,0.0,1.0,2.0,6,subject_8
1.3857365480966777,1.0,1.0,0.0,1.0,1.0,5,subject_8
1.3857365480966777,1.0,1.0,0.0,1.0,0.0,4,subject_8
1.3857365480966777,1.0,0.0,1.0,0.0,2.0,5,subject_8
1.3857365480966777,1.0,0.0,1.0,0.0,1.0,3,subject_8
1.3857365480966777,1.0,0.0,1.0,0.0,0.0,1,subject_8
1.3857365480966777,1.0,0.0,1.0,1.0,2.0,6,subject_8
1.3857365480966777,1.0,0.0,1.0,1.0,1.0,5,subject_8
1.3857365480966777,1.0,0.0,1.0,1.0,0.0,4,subject_8
1.3857365480966777,1.0,0.0,2.0,0.0,2.0,2,subject_8
1.3857365480966777,1.0,0.0,2.0,0.0,1.0,1,subject_8
1.3857365480966777,1.0,0.0,2.0,0.0,0.0,1,subject_8
1.3857365480966777,1.0,0.0,2.0,1.0,2.0,5,subject_8
1.3857365480966777,1.0,0.0,2.0,1.0,1.0,3,subject_8
1.3857365480966777,1.0,0.0,2.0,1.0,0.0,2,subject_8
1.3857365480966777,1.0,0.0,0.0,0.0,2.0,6,subject_8
1.3857365480966777,1.0,0.0,0.0,0.0,1.0,5,subject_8
1.3857365480966777,1.0,0.0,0.0,0.0,0.0,4,subject_8
1.3857365480966777,1.0,0.0,0.0,1.0,2.0,6,subject_8
1.3857365480966777,1.0,0.0,0.0,1.0,1.0,6,subject_8
1.3857365480966777,1.0,0.0,0.0,1.0,0.0,6,subject_8
-0.937410017830106,-1.0,2.0,1.0,0.0,2.0,1,subject_9
-0.937410017830106,-1.0,2.0,1.0,0.0,1.0,1,subject_9
-0.937410017830106,-1.0,2.0,1.0,0.0,0.0,1,subject_9
-0.937410017830106,-1.0,2.0,1.0,1.0,2.0,3,subject_9
-0.937410017830106,-1.0,2.0,1.0,1.0,1.0,1,subject_9
-0.937410017830106,-1.0,2.0,1.0,1.0,0.0,1,subject_9
-0.937410017830106,-1.0,2.0,2.0,0.0,2.0,1,subject_9
-0.937410017830106,-1.0,2.0,2.0,0.0,1.0,1,subject_9
-0.937410017830106,-1.0,2.0,2.0,0.0,0.0,1,subject_9
-0.937410017830106,-1.0,2.0,2.0,1.0,2.0,1,subject_9
-0.937410017830106,-1.0,2.0,2.0,1.0,1.0,1,subject_9
-0.937410017830106,-1.0,2.0,2.0,1.0,0.0,1,subject_9
-0.937410017830106,-1.0,2.0,0.0,0.0,2.0,3,subject_9
-0.937410017830106,-1.0,2.0,0.0,0.0,1.0,2,subject_9
-0.937410017830106,-1.0,2.0,0.0,0.0,0.0,1,subject_9
-0.937410017830106,-1.0,2.0,0.0,1.0,2.0,5,subject_9
-0.937410017830106,-1.0,2.0,0.0,1.0,1.0,4,subject_9
-0.937410017830106,-1.0,2.0,0.0,1.0,0.0,2,subject_9
-0.937410017830106,-1.0,1.0,1.0,0.0,2.0,3,subject_9
-0.937410017830106,-1.0,1.0,1.0,0.0,1.0,1,subject_9
-0.937410017830106,-1.0,1.0,1.0,0.0,0.0,1,subject_9
-0.937410017830106,-1.0,1.0,1.0,1.0,2.0,5,subject_9
-0.937410017830106,-1.0,1.0,1.0,1.0,1.0,3,subject_9
-0.937410017830106,-1.0,1.0,1.0,1.0,0.0,2,subject_9
-0.937410017830106,-1.0,1.0,2.0,0.0,2.0,1,subject_9
-0.937410017830106,-1.0,1.0,2.0,0.0,1.0,1,subject_9
-0.937410017830106,-1.0,1.0,2.0,0.0,0.0,1,subject_9
-0.937410017830106,-1.0,1.0,2.0,1.0,2.0,3,subject_9
-0.937410017830106,-1.0,1.0,2.0,1.0,1.0,1,subject_9
-0.937410017830106,-1.0,1.0,2.0,1.0,0.0,1,subject_9
-0.937410017830106,-1.0,1.0,0.0,0.0,2.0,6,subject_9
-0.937410017830106,-1.0,1.0,0.0,0.0,1.0,4,subject_9
-0.937410017830106,-1.0,1.0,0.0,0.0,0.0,2,subject_9
-0.937410017830106,-1.0,1.0,0.0,1.0,2.0,6,subject_9
-0.937410017830106,-1.0,1.0,0.0,1.0,1.0,6,subject_9
-0.937410017830106,-1.0,1.0,0.0,1.0,0.0,4,subject_9
-0.937410017830106,-1.0,0.0,1.0,0.0,2.0,6,subject_9
-0.937410017830106,-1.0,0.0,1.0,0.0,1.0,4,subject_9
-0.937410017830106,-1.0,0.0,1.0,0.0,0.0,2,subject_9
-0.937410017830106,-1.0,0.0,1.0,1.0,2.0,6,subject_9
-0.937410017830106,-1.0,0.0,1.0,1.0,1.0,6,subject_9
-0.937410017830106,-1.0,0.0,1.0,1.0,0.0,4,subject_9
-0.937410017830106,-1.0,0.0,2.0,0.0,2.0,3,subject_9
-0.937410017830106,-1.0,0.0,2.0,0.0,1.0,1,subject_9
-0.937410017830106,-1.0,0.0,2.0,0.0,0.0,1,subject_9
-0.937410017830106,-1.0,0.0,2.0,1.0,2.0,5,subject_9
-0.937410017830106,-1.0,0.0,2.0,1.0,1.0,3,subject_9
-0.937410017830106,-1.0,0.0,2.0,1.0,0.0,2,subject_9
-0.937410017830106,-1.0,0.0,0.0,0.0,2.0,6,subject_9
-0.937410017830106,-1.0,0.0,0.0,0.0,1.0,6,subject_9
-0.937410017830106,-1.0,0.0,0.0,0.0,0.0,4,subject_9
-0.937410017830106,-1.0,0.0,0.0,1.0,2.0,6,subject_9
-0.937410017830106,-1.0,0.0,0.0,1.0,1.0,6,subject_9
-0.937410017830106,-1.0,0.0,0.0,1.0,0.0,6,subject_9
-0.937410017830106,1.0,2.0,1.0,0.0,2.0,1,subject_9
-0.937410017830106,1.0,2.0,1.0,0.0,1.0,1,subject_9
-0.937410017830106,1.0,2.0,1.0,0.0,0.0,1,subject_9
-0.937410017830106,1.0,2.0,1.0,1.0,2.0,2,subject_9
-0.937410017830106,1.0,2.0,1.0,1.0,1.0,1,subject_9
-0.937410017830106,1.0,2.0,1.0,1.0,0.0,1,subject_9
-0.937410017830106,1.0,2.0,2.0,0.0,2.0,1,subject_9
-0.937410017830106,1.0,2.0,2.0,0.0,1.0,1,subject_9
-0.937410017830106,1.0,2.0,2.0,0.0,0.0,1,subject_9
-0.937410017830106,1.0,2.0,2.0,1.0,2.0,1,subject_9
-0.937410017830106,1.0,2.0,2.0,1.0,1.0,1,subject_9
-0.937410017830106,1.0,2.0,2.0,1.0,0.0,1,subject_9
-0.937410017830106,1.0,2.0,0.0,0.0,2.0,3,subject_9
-0.937410017830106,1.0,2.0,0.0,0.0,1.0,1,subject_9
-0.937410017830106,1.0,2.0,0.0,0.0,0.0,1,subject_9
-0.937410017830106,1.0,2.0,0.0,1.0,2.0,5,subject_9
-0.937410017830106,1.0,2.0,0.0,1.0,1.0,3,subject_9
-0.937410017830106,1.0,2.0,0.0,1.0,0.0,1,subject_9
-0.937410017830106,1.0,1.0,1.0,0.0,2.0,2,subject_9
-0.937410017830106,1.0,1.0,1.0,0.0,1.0,1,subject_9
-0.937410017830106,1.0,1.0,1.0,0.0,0.0,1,subject_9
-0.937410017830106,1.0,1.0,1.0,1.0,2.0,5,subject_9
-0.937410017830106,1.0,1.0,1.0,1.0,1.0,3,subject_9
-0.937410017830106,1.0,1.0,1.0,1.0,0.0,1,subject_9
-0.937410017830106,1.0,1.0,2.0,0.0,2.0,1,subject_9
-0.937410017830106,1.0,1.0,2.0,0.0,1.0,1,subject_9
-0.937410017830106,1.0,1.0,2.0,0.0,0.0,1,subject_9
-0.937410017830106,1.0,1.0,2.0,1.0,2.0,2,subject_9
-0.937410017830106,1.0,1.0,2.0,1.0,1.0,1,subject_9
-0.937410017830106,1.0,1.0,2.0,1.0,0.0,1,subject_9
-0.937410017830106,1.0,1.0,0.0,0.0,2.0,5,subject_9
-0.937410017830106,1.0,1.0,0.0,0.0,1.0,3,subject_9
-0.937410017830106,1.0,1.0,0.0,0.0,0.0,1,subject_9
-0.937410017830106,1.0,1.0,0.0,1.0,2.0,6,subject_9
-0.937410017830106,1.0,1.0,0.0,1.0,1.0,5,subject_9
-0.937410017830106,1.0,1.0,0.0,1.0,0.0,3,subject_9
-0.937410017830106,1.0,0.0,1.0,0.0,2.0,5,subject_9
-0.937410017830106,1.0,0.0,1.0,0.0,1.0,3,subject_9
-0.937410017830106,1.0,0.0,1.0,0.0,0.0,1,subject_9
-0.937410017830106,1.0,0.0,1.0,1.0,2.0,6,subject_9
-0.937410017830106,1.0,0.0,1.0,1.0,1.0,5,subject_9
-0.937410017830106,1.0,0.0,1.0,1.0,0.0,3,subject_9
-0.937410017830106,1.0,0.0,2.0,0.0,2.0,2,subject_9
-0.937410017830106,1.0,0.0,2.0,0.0,1.0,1,subject_9
-0.937410017830106,1.0,0.0,2.0,0.0,0.0,1,subject_9
-0.937410017830106,1.0,0.0,2.0,1.0,2.0,5,subject_9
-0.937410017830106,1.0,0.0,2.0,1.0,1.0,3,subject_9
-0.937410017830106,1.0,0.0,2.0,1.0,0.0,1,subject_9
-0.937410017830106,1.0,0.0,0.0,0.0,2.0,6,subject_9
-0.937410017830106,1.0,0.0,0.0,0.0,1.0,5,subject_9
-0.937410017830106,1.0,0.0,0.0,0.0,0.0,3,subject_9
-0.937410017830106,1.0,0.0,0.0,1.0,2.0,6,subject_9
-0.937410017830106,1.0,0.0,0.0,1.0,1.0,6,subject_9
-0.937410017830106,1.0,0.0,0.0,1.0,0.0,5,subject_9
-0.4483265302665725,-1.0,2.0,1.0,0.0,2.0,1,subject_9
-0.4483265302665725,-1.0,2.0,1.0,0.0,1.0,1,subject_9
-0.4483265302665725,-1.0,2.0,1.0,0.0,0.0,1,subject_9
-0.4483265302665725,-1.0,2.0,1.0,1.0,2.0,2,subject_9
-0.4483265302665725,-1.0,2.0,1.0,1.0,1.0,1,subject_9
-0.4483265302665725,-1.0,2.0,1.0,1.0,0.0,1,subject_9
-0.4483265302665725,-1.0,2.0,2.0,0.0,2.0,1,subject_9
-0.4483265302665725,-1.0,2.0,2.0,0.0,1.0,1,subject_9
-0.4483265302665725,-1.0,2.0,2.0,0.0,0.0,1,subject_9
-0.4483265302665725,-1.0,2.0,2.0,1.0,2.0,1,subject_9
-0.4483265302665725,-1.0,2.0,2.0,1.0,1.0,1,subject_9
-0.4483265302665725,-1.0,2.0,2.0,1.0,0.0,1,subject_9
-0.4483265302665725,-1.0,2.0,0.0,0.0,2.0,3,subject_9
-0.4483265302665725,-1.0,2.0,0.0,0.0,1.0,1,subject_9
-0.4483265302665725,-1.0,2.0,0.0,0.0,0.0,1,subject_9
-0.4483265302665725,-1.0,2.0,0.0,1.0,2.0,5,subject_9
-0.4483265302665725,-1.0,2.0,0.0,1.0,1.0,3,subject_9
-0.4483265302665725,-1.0,2.0,0.0,1.0,0.0,1,subject_9
-0.4483265302665725,-1.0,1.0,1.0,0.0,2.0,3,subject_9
-0.4483265302665725,-1.0,1.0,1.0,0.0,1.0,1,subject_9
-0.4483265302665725,-1.0,1.0,1.0,0.0,0.0,1,subject_9
-0.4483265302665725,-1.0,1.0,1.0,1.0,2.0,5,subject_9
-0.4483265302665725,-1.0,1.0,1.0,1.0,1.0,3,subject_9
-0.4483265302665725,-1.0,1.0,1.0,1.0,0.0,1,subject_9
-0.4483265302665725,-1.0,1.0,2.0,0.0,2.0,1,subject_9
-0.4483265302665725,-1.0,1.0,2.0,0.0,1.0,1,subject_9
-0.4483265302665725,-1.0,1.0,2.0,0.0,0.0,1,subject_9
-0.4483265302665725,-1.0,1.0,2.0,1.0,2.0,2,subject_9
-0.4483265302665725,-1.0,1.0,2.0,1.0,1.0,1,subject_9
-0.4483265302665725,-1.0,1.0,2.0,1.0,0.0,1,subject_9
-0.4483265302665725,-1.0,1.0,0.0,0.0,2.0,5,subject_9
-0.4483265302665725,-1.0,1.0,0.0,0.0,1.0,3,subject_9
-0.4483265302665725,-1.0,1.0,0.0,0.0,0.0,1,subject_9
-0.4483265302665725,-1.0,1.0,0.0,1.0,2.0,6,subject_9
-0.4483265302665725,-1.0,1.0,0.0,1.0,1.0,5,subject_9
-0.4483265302665725,-1.0,1.0,0.0,1.0,0.0,3,subject_9
-0.4483265302665725,-1.0,0.0,1.0,0.0,2.0,5,subject_9
-0.4483265302665725,-1.0,0.0,1.0,0.0,1.0,3,subject_9
-0.4483265302665725,-1.0,0.0,1.0,0.0,0.0,1,subject_9
-0.4483265302665725,-1.0,0.0,1.0,1.0,2.0,6,subject_9
-0.4483265302665725,-1.0,0.0,1.0,1.0,1.0,5,subject_9
-0.4483265302665725,-1.0,0.0,1.0,1.0,0.0,3,subject_9
-0.4483265302665725,-1.0,0.0,2.0,0.0,2.0,3,subject_9
-0.4483265302665725,-1.0,0.0,2.0,0.0,1.0,1,subject_9
-0.4483265302665725,-1.0,0.0,2.0,0.0,0.0,1,subject_9
-0.4483265302665725,-1.0,0.0,2.0,1.0,2.0,5,subject_9
-0.4483265302665725,-1.0,0.0,2.0,1.0,1.0,3,subject_9
-0.4483265302665725,-1.0,0.0,2.0,1.0,0.0,1,subject_9
-0.4483265302665725,-1.0,0.0,0.0,0.0,2.0,6,subject_9
-0.4483265302665725,-1.0,0.0,0.0,0.0,1.0,5,subject_9
-0.4483265302665725,-1.0,0.0,0.0,0.0,0.0,4,subject_9
-0.4483265302665725,-1.0,0.0,0.0,1.0,2.0,6,subject_9
-0.4483265302665725,-1.0,0.0,0.0,1.0,1.0,6,subject_9
-0.4483265302665725,-1.0,0.0,0.0,1.0,0.0,5,subject_9
-0.4483265302665725,1.0,2.0,1.0,0.0,2.0,1,subject_9
-0.4483265302665725,1.0,2.0,1.0,0.0,1.0,1,subject_9
-0.4483265302665725,1.0,2.0,1.0,0.0,0.0,1,subject_9
-0.4483265302665725,1.0,2.0,1.0,1.0,2.0,3,subject_9
-0.4483265302665725,1.0,2.0,1.0,1.0,1.0,1,subject_9
-0.4483265302665725,1.0,2.0,1.0,1.0,0.0,1,subject_9
-0.4483265302665725,1.0,2.0,2.0,0.0,2.0,1,subject_9
-0.4483265302665725,1.0,2.0,2.0,0.0,1.0,1,subject_9
-0.4483265302665725,1.0,2.0,2.0,0.0,0.0,1,subject_9
-0.4483265302665725,1.0,2.0,2.0,1.0,2.0,1,subject_9
-0.4483265302665725,1.0,2.0,2.0,1.0,1.0,1,subject_9
-0.4483265302665725,1.0,2.0,2.0,1.0,0.0,1,subject_9
-0.4483265302665725,1.0,2.0,0.0,0.0,2.0,3,subject_9
-0.4483265302665725,1.0,2.0,0.0,0.0,1.0,1,subject_9
-0.4483265302665725,1.0,2.0,0.0,0.0,0.0,1,subject_9
-0.4483265302665725,1.0,2.0,0.0,1.0,2.0,5,subject_9
-0.4483265302665725,1.0,2.0,0.0,1.0,1.0,3,subject_9
-0.4483265302665725,1.0,2.0,0.0,1.0,0.0,1,subject_9
-0.4483265302665725,1.0,1.0,1.0,0.0,2.0,3,subject_9
-0.4483265302665725,1.0,1.0,1.0,0.0,1.0,1,subject_9
-0.4483265302665725,1.0,1.0,1.0,0.0,0.0,1,subject_9
-0.4483265302665725,1.0,1.0,1.0,1.0,2.0,5,subject_9
-0.4483265302665725,1.0,1.0,1.0,1.0,1.0,3,subject_9
-0.4483265302665725,1.0,1.0,1.0,1.0,0.0,1,subject_9
-0.4483265302665725,1.0,1.0,2.0,0.0,2.0,1,subject_9
-0.4483265302665725,1.0,1.0,2.0,0.0,1.0,1,subject_9
-0.4483265302665725,1.0,1.0,2.0,0.0,0.0,1,subject_9
-0.4483265302665725,1.0,1.0,2.0,1.0,2.0,3,subject_9
-0.4483265302665725,1.0,1.0,2.0,1.0,1.0,1,subject_9
-0.4483265302665725,1.0,1.0,2.0,1.0,0.0,1,subject_9
-0.4483265302665725,1.0,1.0,0.0,0.0,2.0,5,subject_9
-0.4483265302665725,1.0,1.0,0.0,0.0,1.0,3,subject_9
-0.4483265302665725,1.0,1.0,0.0,0.0,0.0,1,subject_9
-0.4483265302665725,1.0,1.0,0.0,1.0,2.0,6,subject_9
-0.4483265302665725,1.0,1.0,0.0,1.0,1.0,5,subject_9
-0.4483265302665725,1.0,1.0,0.0,1.0,0.0,3,subject_9
-0.4483265302665725,1.0,0.0,1.0,0.0,2.0,5,subject_9
-0.4483265302665725,1.0,0.0,1.0,0.0,1.0,3,subject_9
-0.4483265302665725,1.0,0.0,1.0,0.0,0.0,1,subject_9
-0.4483265302665725,1.0,0.0,1.0,1.0,2.0,6,subject_9
-0.4483265302665725,1.0,0.0,1.0,1.0,1.0,5,subject_9
-0.4483265302665725,1.0,0.0,1.0,1.0,0.0,3,subject_9
-0.4483265302665725,1.0,0.0,2.0,0.0,2.0,3,subject_9
-0.4483265302665725,1.0,0.0,2.0,0.0,1.0,1,subject_9
-0.4483265302665725,1.0,0.0,2.0,0.0,0.0,1,subject_9
-0.4483265302665725,1.0,0.0,2.0,1.0,2.0,5,subject_9
-0.4483265302665725,1.0,0.0,2.0,1.0,1.0,3,subject_9
-0.4483265302665725,1.0,0.0,2.0,1.0,0.0,1,subject_9
-0.4483265302665725,1.0,0.0,0.0,0.0,2.0,6,subject_9
-0.4483265302665725,1.0,0.0,0.0,0.0,1.0,6,subject_9
-0.4483265302665725,1.0,0.0,0.0,0.0,0.0,4,subject_9
-0.4483265302665725,1.0,0.0,0.0,1.0,2.0,6,subject_9
-0.4483265302665725,1.0,0.0,0.0,1.0,1.0,6,subject_9
-0.4483265302665725,1.0,0.0,0.0,1.0,0.0,6,subject_9
1.3857365480966777,-1.0,2.0,1.0,0.0,2.0,1,subject_9
1.3857365480966777,-1.0,2.0,1.0,0.0,1.0,1,subject_9
1.3857365480966777,-1.0,2.0,1.0,0.0,0.0,1,subject_9
1.3857365480966777,-1.0,2.0,1.0,1.0,2.0,1,subject_9
1.3857365480966777,-1.0,2.0,1.0,1.0,1.0,1,subject_9
1.3857365480966777,-1.0,2.0,1.0,1.0,0.0,1,subject_9
1.3857365480966777,-1.0,2.0,2.0,0.0,2.0,1,subject_9
1.3857365480966777,-1.0,2.0,2.0,0.0,1.0,1,subject_9
1.3857365480966777,-1.0,2.0,2.0,0.0,0.0,1,subject_9
1.3857365480966777,-1.0,2.0,2.0,1.0,2.0,1,subject_9
1.3857365480966777,-1.0,2.0,2.0,1.0,1.0,1,subject_9
1.3857365480966777,-1.0,2.0,2.0,1.0,0.0,1,subject_9
1.3857365480966777,-1.0,2.0,0.0,0.0,2.0,1,subject_9
1.3857365480966777,-1.0,2.0,0.0,0.0,1.0,1,subject_9
1.3857365480966777,-1.0,2.0,0.0,0.0,0.0,1,subject_9
1.3857365480966777,-1.0,2.0,0.0,1.0,2.0,3,subject_9
1.3857365480966777,-1.0,2.0,0.0,1.0,1.0,1,subject_9
1.3857365480966777,-1.0,2.0,0.0,1.0,0.0,1,subject_9
1.3857365480966777,-1.0,1.0,1.0,0.0,2.0,1,subject_9
1.3857365480966777,-1.0,1.0,1.0,0.0,1.0,1,subject_9
1.3857365480966777,-1.0,1.0,1.0,0.0,0.0,1,subject_9
1.3857365480966777,-1.0,1.0,1.0,1.0,2.0,3,subject_9
1.3857365480966777,-1.0,1.0,1.0,1.0,1.0,1,subject_9
1.3857365480966777,-1.0,1.0,1.0,1.0,0.0,1,subject_9
1.3857365480966777,-1.0,1.0,2.0,0.0,2.0,1,subject_9
1.3857365480966777,-1.0,1.0,2.0,0.0,1.0,1,subject_9
1.3857365480966777,-1.0,1.0,2.0,0.0,0.0,1,subject_9
1.3857365480966777,-1.0,1.0,2.0,1.0,2.0,1,subject_9
1.3857365480966777,-1.0,1.0,2.0,1.0,1.0,1,subject_9
1.3857365480966777,-1.0,1.0,2.0,1.0,0.0,1,subject_9
1.3857365480966777,-1.0,1.0,0.0,0.0,2.0,3,subject_9
1.3857365480966777,-1.0,1.0,0.0,0.0,1.0,1,subject_9
1.3857365480966777,-1.0,1.0,0.0,0.0,0.0,1,subject_9
1.3857365480966777,-1.0,1.0,0.0,1.0,2.0,5,subject_9
1.3857365480966777,-1.0,1.0,0.0,1.0,1.0,3,subject_9
1.3857365480966777,-1.0,1.0,0.0,1.0,0.0,1,subject_9
1.3857365480966777,-1.0,0.0,1.0,0.0,2.0,3,subject_9
1.3857365480966777,-1.0,0.0,1.0,0.0,1.0,1,subject_9
1.3857365480966777,-1.0,0.0,1.0,0.0,0.0,1,subject_9
1.3857365480966777,-1.0,0.0,1.0,1.0,2.0,5,subject_9
1.3857365480966777,-1.0,0.0,1.0,1.0,1.0,3,subject_9
1.3857365480966777,-1.0,0.0,1.0,1.0,0.0,1,subject_9
1.3857365480966777,-1.0,0.0,2.0,0.0,2.0,1,subject_9
1.3857365480966777,-1.0,0.0,2.0,0.0,1.0,1,subject_9
1.3857365480966777,-1.0,0.0,2.0,0.0,0.0,1,subject_9
1.3857365480966777,-1.0,0.0,2.0,1.0,2.0,3,subject_9
1.3857365480966777,-1.0,0.0,2.0,1.0,1.0,1,subject_9
1.3857365480966777,-1.0,0.0,2.0,1.0,0.0,1,subject_9
1.3857365480966777,-1.0,0.0,0.0,0.0,2.0,5,subject_9
1.3857365480966777,-1.0,0.0,0.0,0.0,1.0,4,subject_9
1.3857365480966777,-1.0,0.0,0.0,0.0,0.0,2,subject_9
1.3857365480966777,-1.0,0.0,0.0,1.0,2.0,6,subject_9
1.3857365480966777,-1.0,0.0,0.0,1.0,1.0,6,subject_9
1.3857365480966777,-1.0,0.0,0.0,1.0,0.0,4,subject_9
1.3857365480966777,1.0,2.0,1.0,0.0,2.0,2,subject_9
1.3857365480966777,1.0,2.0,1.0,0.0,1.0,1,subject_9
1.3857365480966777,1.0,2.0,1.0,0.0,0.0,1,subject_9
1.3857365480966777,1.0,2.0,1.0,1.0,2.0,4,subject_9
1.3857365480966777,1.0,2.0,1.0,1.0,1.0,2,subject_9
1.3857365480966777,1.0,2.0,1.0,1.0,0.0,1,subject_9
1.3857365480966777,1.0,2.0,2.0,0.0,2.0,1,subject_9
1.3857365480966777,1.0,2.0,2.0,0.0,1.0,1,subject_9
1.3857365480966777,1.0,2.0,2.0,0.0,0.0,1,subject_9
1.3857365480966777,1.0,2.0,2.0,1.0,2.0,2,subject_9
1.3857365480966777,1.0,2.0,2.0,1.0,1.0,1,subject_9
1.3857365480966777,1.0,2.0,2.0,1.0,0.0,1,subject_9
1.3857365480966777,1.0,2.0,0.0,0.0,2.0,4,subject_9
1.3857365480966777,1.0,2.0,0.0,0.0,1.0,2,subject_9
1.3857365480966777,1.0,2.0,0.0,0.0,0.0,1,subject_9
1.3857365480966777,1.0,2.0,0.0,1.0,2.0,6,subject_9
1.3857365480966777,1.0,2.0,0.0,1.0,1.0,4,subject_9
1.3857365480966777,1.0,2.0,0.0,1.0,0.0,2,subject_9
1.3857365480966777,1.0,1.0,1.0,0.0,2.0,4,subject_9
1.3857365480966777,1.0,1.0,1.0,0.0,1.0,2,subject_9
1.3857365480966777,1.0,1.0,1.0,0.0,0.0,1,subject_9
1.3857365480966777,1.0,1.0,1.0,1.0,2.0,6,subject_9
1.3857365480966777,1.0,1.0,1.0,1.0,1.0,4,subject_9
1.3857365480966777,1.0,1.0,1.0,1.0,0.0,2,subject_9
1.3857365480966777,1.0,1.0,2.0,0.0,2.0,2,subject_9
1.3857365480966777,1.0,1.0,2.0,0.0,1.0,1,subject_9
1.3857365480966777,1.0,1.0,2.0,0.0,0.0,1,subject_9
1.3857365480966777,1.0,1.0,2.0,1.0,2.0,4,subject_9
1.3857365480966777,1.0,1.0,2.0,1.0,1.0,2,subject_9
1.3857365480966777,1.0,1.0,2.0,1.0,0.0,1,subject_9
1.3857365480966777,1.0,1.0,0.0,0.0,2.0,6,subject_9
1.3857365480966777,1.0,1.0,0.0,0.0,1.0,5,subject_9
1.3857365480966777,1.0,1.0,0.0,0.0,0.0,2,subject_9
1.3857365480966777,1.0,1.0,0.0,1.0,2.0,6,subject_9
1.3857365480966777,1.0,1.0,0.0,1.0,1.0,6,subject_9
1.3857365480966777,1.0,1.0,0.0,1.0,0.0,5,subject_9
1.3857365480966777,1.0,0.0,1.0,0.0,2.0,6,subject_9
1.3857365480966777,1.0,0.0,1.0,0.0,1.0,5,subject_9
1.3857365480966777,1.0,0.0,1.0,0.0,0.0,2,subject_9
1.3857365480966777,1.0,0.0,1.0,1.0,2.0,6,subject_9
1.3857365480966777,1.0,0.0,1.0,1.0,1.0,6,subject_9
1.3857365480966777,1.0,0.0,1.0,1.0,0.0,5,subject_9
1.3857365480966777,1.0,0.0,2.0,0.0,2.0,4,subject_9
1.3857365480966777,1.0,0.0,2.0,0.0,1.0,2,subject_9
1.3857365480966777,1.0,0.0,2.0,0.0,0.0,1,subject_9
1.3857365480966777,1.0,0.0,2.0,1.0,2.0,6,subject_9
1.3857365480966777,1.0,0.0,2.0,1.0,1.0,4,subject_9
1.3857365480966777,1.0,0.0,2.0,1.0,0.0,2,subject_9
1.3857365480966777,1.0,0.0,0.0,0.0,2.0,6,subject_9
1.3857365480966777,1.0,0.0,0.0,0.0,1.0,6,subject_9
1.3857365480966777,1.0,0.0,0.0,0.0,0.0,5,subject_9
1.3857365480966777,1.0,0.0,0.0,1.0,2.0,6,subject_9
1.3857365480966777,1.0,0.0,0.0,1.0,1.0,6,subject_9
1.3857365480966777,1.0,0.0,0.0,1.0,0.0,6,subject_9
-0.937410017830106,-1.0,2.0,1.0,0.0,2.0,1,subject_10
-0.937410017830106,-1.0,2.0,1.0,0.0,1.0,1,subject_10
-0.937410017830106,-1.0,2.0,1.0,0.0,0.0,1,subject_10
-0.937410017830106,-1.0,2.0,1.0,1.0,2.0,4,subject_10
-0.937410017830106,-1.0,2.0,1.0,1.0,1.0,2,subject_10
-0.937410017830106,-1.0,2.0,1.0,1.0,0.0,1,subject_10
-0.937410017830106,-1.0,2.0,2.0,0.0,2.0,1,subject_10
-0.937410017830106,-1.0,2.0,2.0,0.0,1.0,1,subject_10
-0.937410017830106,-1.0,2.0,2.0,0.0,0.0,1,subject_10
-0.937410017830106,-1.0,2.0,2.0,1.0,2.0,2,subject_10
-0.937410017830106,-1.0,2.0,2.0,1.0,1.0,1,subject_10
-0.937410017830106,-1.0,2.0,2.0,1.0,0.0,1,subject_10
-0.937410017830106,-1.0,2.0,0.0,0.0,2.0,3,subject_10
-0.937410017830106,-1.0,2.0,0.0,0.0,1.0,2,subject_10
-0.937410017830106,-1.0,2.0,0.0,0.0,0.0,1,subject_10
-0.937410017830106,-1.0,2.0,0.0,1.0,2.0,6,subject_10
-0.937410017830106,-1.0,2.0,0.0,1.0,1.0,4,subject_10
-0.937410017830106,-1.0,2.0,0.0,1.0,0.0,2,subject_10
-0.937410017830106,-1.0,1.0,1.0,0.0,2.0,4,subject_10
-0.937410017830106,-1.0,1.0,1.0,0.0,1.0,2,subject_10
-0.937410017830106,-1.0,1.0,1.0,0.0,0.0,1,subject_10
-0.937410017830106,-1.0,1.0,1.0,1.0,2.0,6,subject_10
-0.937410017830106,-1.0,1.0,1.0,1.0,1.0,5,subject_10
-0.937410017830106,-1.0,1.0,1.0,1.0,0.0,2,subject_10
-0.937410017830106,-1.0,1.0,2.0,0.0,2.0,2,subject_10
-0.937410017830106,-1.0,1.0,2.0,0.0,1.0,1,subject_10
-0.937410017830106,-1.0,1.0,2.0,0.0,0.0,1,subject_10
-0.937410017830106,-1.0,1.0,2.0,1.0,2.0,4,subject_10
-0.937410017830106,-1.0,1.0,2.0,1.0,1.0,2,subject_10
-0.937410017830106,-1.0,1.0,2.0,1.0,0.0,1,subject_10
-0.937410017830106,-1.0,1.0,0.0,0.0,2.0,6,subject_10
-0.937410017830106,-1.0,1.0,0.0,0.0,1.0,4,subject_10
-0.937410017830106,-1.0,1.0,0.0,0.0,0.0,2,subject_10
-0.937410017830106,-1.0,1.0,0.0,1.0,2.0,6,subject_10
-0.937410017830106,-1.0,1.0,0.0,1.0,1.0,6,subject_10
-0.937410017830106,-1.0,1.0,0.0,1.0,0.0,5,subject_10
-0.937410017830106,-1.0,0.0,1.0,0.0,2.0,6,subject_10
-0.937410017830106,-1.0,0.0,1.0,0.0,1.0,4,subject_10
-0.937410017830106,-1.0,0.0,1.0,0.0,0.0,2,subject_10
-0.937410017830106,-1.0,0.0,1.0,1.0,2.0,6,subject_10
-0.937410017830106,-1.0,0.0,1.0,1.0,1.0,6,subject_10
-0.937410017830106,-1.0,0.0,1.0,1.0,0.0,5,subject_10
-0.937410017830106,-1.0,0.0,2.0,0.0,2.0,4,subject_10
-0.937410017830106,-1.0,0.0,2.0,0.0,1.0,2,subject_10
-0.937410017830106,-1.0,0.0,2.0,0.0,0.0,1,subject_10
-0.937410017830106,-1.0,0.0,2.0,1.0,2.0,6,subject_10
-0.937410017830106,-1.0,0.0,2.0,1.0,1.0,5,subject_10
-0.937410017830106,-1.0,0.0,2.0,1.0,0.0,3,subject_10
-0.937410017830106,-1.0,0.0,0.0,0.0,2.0,6,subject_10
-0.937410017830106,-1.0,0.0,0.0,0.0,1.0,6,subject_10
-0.937410017830106,-1.0,0.0,0.0,0.0,0.0,4,subject_10
-0.937410017830106,-1.0,0.0,0.0,1.0,2.0,6,subject_10
-0.937410017830106,-1.0,0.0,0.0,1.0,1.0,6,subject_10
-0.937410017830106,-1.0,0.0,0.0,1.0,0.0,6,subject_10
-0.937410017830106,1.0,2.0,1.0,0.0,2.0,1,subject_10
-0.937410017830106,1.0,2.0,1.0,0.0,1.0,1,subject_10
-0.937410017830106,1.0,2.0,1.0,0.0,0.0,1,subject_10
-0.937410017830106,1.0,2.0,1.0,1.0,2.0,2,subject_10
-0.937410017830106,1.0,2.0,1.0,1.0,1.0,1,subject_10
-0.937410017830106,1.0,2.0,1.0,1.0,0.0,1,subject_10
-0.937410017830106,1.0,2.0,2.0,0.0,2.0,1,subject_10
-0.937410017830106,1.0,2.0,2.0,0.0,1.0,1,subject_10
-0.937410017830106,1.0,2.0,2.0,0.0,0.0,1,subject_10
-0.937410017830106,1.0,2.0,2.0,1.0,2.0,1,subject_10
-0.937410017830106,1.0,2.0,2.0,1.0,1.0,1,subject_10
-0.937410017830106,1.0,2.0,2.0,1.0,0.0,1,subject_10
-0.937410017830106,1.0,2.0,0.0,0.0,2.0,2,subject_10
-0.937410017830106,1.0,2.0,0.0,0.0,1.0,1,subject_10
-0.937410017830106,1.0,2.0,0.0,0.0,0.0,1,subject_10
-0.937410017830106,1.0,2.0,0.0,1.0,2.0,5,subject_10
-0.937410017830106,1.0,2.0,0.0,1.0,1.0,2,subject_10
-0.937410017830106,1.0,2.0,0.0,1.0,0.0,1,subject_10
-0.937410017830106,1.0,1.0,1.0,0.0,2.0,2,subject_10
-0.937410017830106,1.0,1.0,1.0,0.0,1.0,1,subject_10
-0.937410017830106,1.0,1.0,1.0,0.0,0.0,1,subject_10
-0.937410017830106,1.0,1.0,1.0,1.0,2.0,5,subject_10
-0.937410017830106,1.0,1.0,1.0,1.0,1.0,3,subject_10
-0.937410017830106,1.0,1.0,1.0,1.0,0.0,1,subject_10
-0.937410017830106,1.0,1.0,2.0,0.0,2.0,1,subject_10
-0.937410017830106,1.0,1.0,2.0,0.0,1.0,1,subject_10
-0.937410017830106,1.0,1.0,2.0,0.0,0.0,1,subject_10
-0.937410017830106,1.0,1.0,2.0,1.0,2.0,3,subject_10
-0.937410017830106,1.0,1.0,2.0,1.0,1.0,1,subject_10
-0.937410017830106,1.0,1.0,2.0,1.0,0.0,1,subject_10
-0.937410017830106,1.0,1.0,0.0,0.0,2.0,5,subject_10
-0.937410017830106,1.0,1.0,0.0,0.0,1.0,2,subject_10
-0.937410017830106,1.0,1.0,0.0,0.0,0.0,1,subject_10
-0.937410017830106,1.0,1.0,0.0,1.0,2.0,6,subject_10
-0.937410017830106,1.0,1.0,0.0,1.0,1.0,5,subject_10
-0.937410017830106,1.0,1.0,0.0,1.0,0.0,3,subject_10
-0.937410017830106,1.0,0.0,1.0,0.0,2.0,5,subject_10
-0.937410017830106,1.0,0.0,1.0,0.0,1.0,2,subject_10
-0.937410017830106,1.0,0.0,1.0,0.0,0.0,1,subject_10
-0.937410017830106,1.0,0.0,1.0,1.0,2.0,6,subject_10
-0.937410017830106,1.0,0.0,1.0,1.0,1.0,5,subject_10
-0.937410017830106,1.0,0.0,1.0,1.0,0.0,3,subject_10
-0.937410017830106,1.0,0.0,2.0,0.0,2.0,2,subject_10
-0.937410017830106,1.0,0.0,2.0,0.0,1.0,1,subject_10
-0.937410017830106,1.0,0.0,2.0,0.0,0.0,1,subject_10
-0.937410017830106,1.0,0.0,2.0,1.0,2.0,5,subject_10
-0.937410017830106,1.0,0.0,2.0,1.0,1.0,3,subject_10
-0.937410017830106,1.0,0.0,2.0,1.0,0.0,1,subject_10
-0.937410017830106,1.0,0.0,0.0,0.0,2.0,6,subject_10
-0.937410017830106,1.0,0.0,0.0,0.0,1.0,5,subject_10
-0.937410017830106,1.0,0.0,0.0,0.0,0.0,3,subject_10
-0.937410017830106,1.0,0.0,0.0,1.0,2.0,6,subject_10
-0.937410017830106,1.0,0.0,0.0,1.0,1.0,6,subject_10
-0.937410017830106,1.0,0.0,0.0,1.0,0.0,5,subject_10
-0.4483265302665725,-1.0,2.0,1.0,0.0,2.0,1,subject_10
-0.4483265302665725,-1.0,2.0,1.0,0.0,1.0,1,subject_10
-0.4483265302665725,-1.0,2.0,1.0,0.0,0.0,1,subject_10
-0.4483265302665725,-1.0,2.0,1.0,1.0,2.0,4,subject_10
-0.4483265302665725,-1.0,2.0,1.0,1.0,1.0,2,subject_10
-0.4483265302665725,-1.0,2.0,1.0,1.0,0.0,1,subject_10
-0.4483265302665725,-1.0,2.0,2.0,0.0,2.0,1,subject_10
-0.4483265302665725,-1.0,2.0,2.0,0.0,1.0,1,subject_10
-0.4483265302665725,-1.0,2.0,2.0,0.0,0.0,1,subject_10
-0.4483265302665725,-1.0,2.0,2.0,1.0,2.0,2,subject_10
-0.4483265302665725,-1.0,2.0,2.0,1.0,1.0,1,subject_10
-0.4483265302665725,-1.0,2.0,2.0,1.0,0.0,1,subject_10
-0.4483265302665725,-1.0,2.0,0.0,0.0,2.0,3,subject_10
-0.4483265302665725,-1.0,2.0,0.0,0.0,1.0,1,subject_10
-0.4483265302665725,-1.0,2.0,0.0,0.0,0.0,1,subject_10
-0.4483265302665725,-1.0,2.0,0.0,1.0,2.0,5,subject_10
-0.4483265302665725,-1.0,2.0,0.0,1.0,1.0,4,subject_10
-0.4483265302665725,-1.0,2.0,0.0,1.0,0.0,2,subject_10
-0.4483265302665725,-1.0,1.0,1.0,0.0,2.0,3,subject_10
-0.4483265302665725,-1.0,1.0,1.0,0.0,1.0,1,subject_10
-0.4483265302665725,-1.0,1.0,1.0,0.0,0.0,1,subject_10
-0.4483265302665725,-1.0,1.0,1.0,1.0,2.0,6,subject_10
-0.4483265302665725,-1.0,1.0,1.0,1.0,1.0,4,subject_10
-0.4483265302665725,-1.0,1.0,1.0,1.0,0.0,2,subject_10
-0.4483265302665725,-1.0,1.0,2.0,0.0,2.0,1,subject_10
-0.4483265302665725,-1.0,1.0,2.0,0.0,1.0,1,subject_10
-0.4483265302665725,-1.0,1.0,2.0,0.0,0.0,1,subject_10
-0.4483265302665725,-1.0,1.0,2.0,1.0,2.0,4,subject_10
-0.4483265302665725,-1.0,1.0,2.0,1.0,1.0,2,subject_10
-0.4483265302665725,-1.0,1.0,2.0,1.0,0.0,1,subject_10
-0.4483265302665725,-1.0,1.0,0.0,0.0,2.0,5,subject_10
-0.4483265302665725,-1.0,1.0,0.0,0.0,1.0,3,subject_10
-0.4483265302665725,-1.0,1.0,0.0,0.0,0.0,2,subject_10
-0.4483265302665725,-1.0,1.0,0.0,1.0,2.0,6,subject_10
-0.4483265302665725,-1.0,1.0,0.0,1.0,1.0,6,subject_10
-0.4483265302665725,-1.0,1.0,0.0,1.0,0.0,4,subject_10
-0.4483265302665725,-1.0,0.0,1.0,0.0,2.0,6,subject_10
-0.4483265302665725,-1.0,0.0,1.0,0.0,1.0,4,subject_10
-0.4483265302665725,-1.0,0.0,1.0,0.0,0.0,2,subject_10
-0.4483265302665725,-1.0,0.0,1.0,1.0,2.0,6,subject_10
-0.4483265302665725,-1.0,0.0,1.0,1.0,1.0,6,subject_10
-0.4483265302665725,-1.0,0.0,1.0,1.0,0.0,5,subject_10
-0.4483265302665725,-1.0,0.0,2.0,0.0,2.0,4,subject_10
-0.4483265302665725,-1.0,0.0,2.0,0.0,1.0,2,subject_10
-0.4483265302665725,-1.0,0.0,2.0,0.0,0.0,1,subject_10
-0.4483265302665725,-1.0,0.0,2.0,1.0,2.0,6,subject_10
-0.4483265302665725,-1.0,0.0,2.0,1.0,1.0,4,subject_10
-0.4483265302665725,-1.0,0.0,2.0,1.0,0.0,2,subject_10
-0.4483265302665725,-1.0,0.0,0.0,0.0,2.0,6,subject_10
-0.4483265302665725,-1.0,0.0,0.0,0.0,1.0,6,subject_10
-0.4483265302665725,-1.0,0.0,0.0,0.0,0.0,4,subject_10
-0.4483265302665725,-1.0,0.0,0.0,1.0,2.0,6,subject_10
-0.4483265302665725,-1.0,0.0,0.0,1.0,1.0,6,subject_10
-0.4483265302665725,-1.0,0.0,0.0,1.0,0.0,6,subject_10
-0.4483265302665725,1.0,2.0,1.0,0.0,2.0,1,subject_10
-0.4483265302665725,1.0,2.0,1.0,0.0,1.0,1,subject_10
-0.4483265302665725,1.0,2.0,1.0,0.0,0.0,1,subject_10
-0.4483265302665725,1.0,2.0,1.0,1.0,2.0,3,subject_10
-0.4483265302665725,1.0,2.0,1.0,1.0,1.0,1,subject_10
-0.4483265302665725,1.0,2.0,1.0,1.0,0.0,1,subject_10
-0.4483265302665725,1.0,2.0,2.0,0.0,2.0,1,subject_10
-0.4483265302665725,1.0,2.0,2.0,0.0,1.0,1,subject_10
-0.4483265302665725,1.0,2.0,2.0,0.0,0.0,1,subject_10
-0.4483265302665725,1.0,2.0,2.0,1.0,2.0,1,subject_10
-0.4483265302665725,1.0,2.0,2.0,1.0,1.0,1,subject_10
-0.4483265302665725,1.0,2.0,2.0,1.0,0.0,1,subject_10
-0.4483265302665725,1.0,2.0,0.0,0.0,2.0,2,subject_10
-0.4483265302665725,1.0,2.0,0.0,0.0,1.0,1,subject_10
-0.4483265302665725,1.0,2.0,0.0,0.0,0.0,1,subject_10
-0.4483265302665725,1.0,2.0,0.0,1.0,2.0,5,subject_10
-0.4483265302665725,1.0,2.0,0.0,1.0,1.0,3,subject_10
-0.4483265302665725,1.0,2.0,0.0,1.0,0.0,1,subject_10
-0.4483265302665725,1.0,1.0,1.0,0.0,2.0,2,subject_10
-0.4483265302665725,1.0,1.0,1.0,0.0,1.0,1,subject_10
-0.4483265302665725,1.0,1.0,1.0,0.0,0.0,1,subject_10
-0.4483265302665725,1.0,1.0,1.0,1.0,2.0,5,subject_10
-0.4483265302665725,1.0,1.0,1.0,1.0,1.0,3,subject_10
-0.4483265302665725,1.0,1.0,1.0,1.0,0.0,1,subject_10
-0.4483265302665725,1.0,1.0,2.0,0.0,2.0,1,subject_10
-0.4483265302665725,1.0,1.0,2.0,0.0,1.0,1,subject_10
-0.4483265302665725,1.0,1.0,2.0,0.0,0.0,1,subject_10
-0.4483265302665725,1.0,1.0,2.0,1.0,2.0,3,subject_10
-0.4483265302665725,1.0,1.0,2.0,1.0,1.0,1,subject_10
-0.4483265302665725,1.0,1.0,2.0,1.0,0.0,1,subject_10
-0.4483265302665725,1.0,1.0,0.0,0.0,2.0,5,subject_10
-0.4483265302665725,1.0,1.0,0.0,0.0,1.0,3,subject_10
-0.4483265302665725,1.0,1.0,0.0,0.0,0.0,1,subject_10
-0.4483265302665725,1.0,1.0,0.0,1.0,2.0,6,subject_10
-0.4483265302665725,1.0,1.0,0.0,1.0,1.0,5,subject_10
-0.4483265302665725,1.0,1.0,0.0,1.0,0.0,3,subject_10
-0.4483265302665725,1.0,0.0,1.0,0.0,2.0,5,subject_10
-0.4483265302665725,1.0,0.0,1.0,0.0,1.0,3,subject_10
-0.4483265302665725,1.0,0.0,1.0,0.0,0.0,1,subject_10
-0.4483265302665725,1.0,0.0,1.0,1.0,2.0,6,subject_10
-0.4483265302665725,1.0,0.0,1.0,1.0,1.0,6,subject_10
-0.4483265302665725,1.0,0.0,1.0,1.0,0.0,4,subject_10
-0.4483265302665725,1.0,0.0,2.0,0.0,2.0,3,subject_10
-0.4483265302665725,1.0,0.0,2.0,0.0,1.0,1,subject_10
-0.4483265302665725,1.0,0.0,2.0,0.0,0.0,1,subject_10
-0.4483265302665725,1.0,0.0,2.0,1.0,2.0,6,subject_10
-0.4483265302665725,1.0,0.0,2.0,1.0,1.0,4,subject_10
-0.4483265302665725,1.0,0.0,2.0,1.0,0.0,2,subject_10
-0.4483265302665725,1.0,0.0,0.0,0.0,2.0,6,subject_10
-0.4483265302665725,1.0,0.0,0.0,0.0,1.0,5,subject_10
-0.4483265302665725,1.0,0.0,0.0,0.0,0.0,3,subject_10
-0.4483265302665725,1.0,0.0,0.0,1.0,2.0,6,subject_10
-0.4483265302665725,1.0,0.0,0.0,1.0,1.0,6,subject_10
-0.4483265302665725,1.0,0.0,0.0,1.0,0.0,6,subject_10
1.3857365480966777,-1.0,2.0,1.0,0.0,2.0,1,subject_10
1.3857365480966777,-1.0,2.0,1.0,0.0,1.0,1,subject_10
1.3857365480966777,-1.0,2.0,1.0,0.0,0.0,1,subject_10
1.3857365480966777,-1.0,2.0,1.0,1.0,2.0,2,subject_10
1.3857365480966777,-1.0,2.0,1.0,1.0,1.0,1,subject_10
1.3857365480966777,-1.0,2.0,1.0,1.0,0.0,1,subject_10
1.3857365480966777,-1.0,2.0,2.0,0.0,2.0,1,subject_10
1.3857365480966777,-1.0,2.0,2.0,0.0,1.0,1,subject_10
1.3857365480966777,-1.0,2.0,2.0,0.0,0.0,1,subject_10
1.3857365480966777,-1.0,2.0,2.0,1.0,2.0,1,subject_10
1.3857365480966777,-1.0,2.0,2.0,1.0,1.0,1,subject_10
1.3857365480966777,-1.0,2.0,2.0,1.0,0.0,1,subject_10
1.3857365480966777,-1.0,2.0,0.0,0.0,2.0,2,subject_10
1.3857365480966777,-1.0,2.0,0.0,0.0,1.0,1,subject_10
1.3857365480966777,-1.0,2.0,0.0,0.0,0.0,1,subject_10
1.3857365480966777,-1.0,2.0,0.0,1.0,2.0,4,subject_10
1.3857365480966777,-1.0,2.0,0.0,1.0,1.0,2,subject_10
1.3857365480966777,-1.0,2.0,0.0,1.0,0.0,1,subject_10
1.3857365480966777,-1.0,1.0,1.0,0.0,2.0,2,subject_10
1.3857365480966777,-1.0,1.0,1.0,0.0,1.0,1,subject_10
1.3857365480966777,-1.0,1.0,1.0,0.0,0.0,1,subject_10
1.3857365480966777,-1.0,1.0,1.0,1.0,2.0,5,subject_10
1.3857365480966777,-1.0,1.0,1.0,1.0,1.0,2,subject_10
1.3857365480966777,-1.0,1.0,1.0,1.0,0.0,1,subject_10
1.3857365480966777,-1.0,1.0,2.0,0.0,2.0,1,subject_10
1.3857365480966777,-1.0,1.0,2.0,0.0,1.0,1,subject_10
1.3857365480966777,-1.0,1.0,2.0,0.0,0.0,1,subject_10
1.3857365480966777,-1.0,1.0,2.0,1.0,2.0,2,subject_10
1.3857365480966777,-1.0,1.0,2.0,1.0,1.0,1,subject_10
1.3857365480966777,-1.0,1.0,2.0,1.0,0.0,1,subject_10
1.3857365480966777,-1.0,1.0,0.0,0.0,2.0,4,subject_10
1.3857365480966777,-1.0,1.0,0.0,0.0,1.0,2,subject_10
1.3857365480966777,-1.0,1.0,0.0,0.0,0.0,1,subject_10
1.3857365480966777,-1.0,1.0,0.0,1.0,2.0,6,subject_10
1.3857365480966777,-1.0,1.0,0.0,1.0,1.0,5,subject_10
1.3857365480966777,-1.0,1.0,0.0,1.0,0.0,2,subject_10
1.3857365480966777,-1.0,0.0,1.0,0.0,2.0,4,subject_10
1.3857365480966777,-1.0,0.0,1.0,0.0,1.0,2,subject_10
1.3857365480966777,-1.0,0.0,1.0,0.0,0.0,1,subject_10
1.3857365480966777,-1.0,0.0,1.0,1.0,2.0,6,subject_10
1.3857365480966777,-1.0,0.0,1.0,1.0,1.0,5,subject_10
1.3857365480966777,-1.0,0.0,1.0,1.0,0.0,3,subject_10
1.3857365480966777,-1.0,0.0,2.0,0.0,2.0,2,subject_10
1.3857365480966777,-1.0,0.0,2.0,0.0,1.0,1,subject_10
1.3857365480966777,-1.0,0.0,2.0,0.0,0.0,1,subject_10
1.3857365480966777,-1.0,0.0,2.0,1.0,2.0,5,subject_10
1.3857365480966777,-1.0,0.0,2.0,1.0,1.0,3,subject_10
1.3857365480966777,-1.0,0.0,2.0,1.0,0.0,1,subject_10
1.3857365480966777,-1.0,0.0,0.0,0.0,2.0,6,subject_10
1.3857365480966777,-1.0,0.0,0.0,0.0,1.0,5,subject_10
1.3857365480966777,-1.0,0.0,0.0,0.0,0.0,2,subject_10
1.3857365480966777,-1.0,0.0,0.0,1.0,2.0,6,subject_10
1.3857365480966777,-1.0,0.0,0.0,1.0,1.0,6,subject_10
1.3857365480966777,-1.0,0.0,0.0,1.0,0.0,5,subject_10
1.3857365480966777,1.0,2.0,1.0,0.0,2.0,2,subject_10
1.3857365480966777,1.0,2.0,1.0,0.0,1.0,1,subject_10
1.3857365480966777,1.0,2.0,1.0,0.0,0.0,1,subject_10
1.3857365480966777,1.0,2.0,1.0,1.0,2.0,5,subject_10
1.3857365480966777,1.0,2.0,1.0,1.0,1.0,2,subject_10
1.3857365480966777,1.0,2.0,1.0,1.0,0.0,1,subject_10
1.3857365480966777,1.0,2.0,2.0,0.0,2.0,1,subject_10
1.3857365480966777,1.0,2.0,2.0,0.0,1.0,1,subject_10
1.3857365480966777,1.0,2.0,2.0,0.0,0.0,1,subject_10
1.3857365480966777,1.0,2.0,2.0,1.0,2.0,2,subject_10
1.3857365480966777,1.0,2.0,2.0,1.0,1.0,1,subject_10
1.3857365480966777,1.0,2.0,2.0,1.0,0.0,1,subject_10
1.3857365480966777,1.0,2.0,0.0,0.0,2.0,4,subject_10
1.3857365480966777,1.0,2.0,0.0,0.0,1.0,2,subject_10
1.3857365480966777,1.0,2.0,0.0,0.0,0.0,1,subject_10
1.3857365480966777,1.0,2.0,0.0,1.0,2.0,6,subject_10
1.3857365480966777,1.0,2.0,0.0,1.0,1.0,5,subject_10
1.3857365480966777,1.0,2.0,0.0,1.0,0.0,2,subject_10
1.3857365480966777,1.0,1.0,1.0,0.0,2.0,4,subject_10
1.3857365480966777,1.0,1.0,1.0,0.0,1.0,2,subject_10
1.3857365480966777,1.0,1.0,1.0,0.0,0.0,1,subject_10
1.3857365480966777,1.0,1.0,1.0,1.0,2.0,6,subject_10
1.3857365480966777,1.0,1.0,1.0,1.0,1.0,5,subject_10
1.3857365480966777,1.0,1.0,1.0,1.0,0.0,3,subject_10
1.3857365480966777,1.0,1.0,2.0,0.0,2.0,2,subject_10
1.3857365480966777,1.0,1.0,2.0,0.0,1.0,1,subject_10
1.3857365480966777,1.0,1.0,2.0,0.0,0.0,1,subject_10
1.3857365480966777,1.0,1.0,2.0,1.0,2.0,5,subject_10
1.3857365480966777,1.0,1.0,2.0,1.0,1.0,3,subject_10
1.3857365480966777,1.0,1.0,2.0,1.0,0.0,1,subject_10
1.3857365480966777,1.0,1.0,0.0,0.0,2.0,6,subject_10
1.3857365480966777,1.0,1.0,0.0,0.0,1.0,5,subject_10
1.3857365480966777,1.0,1.0,0.0,0.0,0.0,2,subject_10
1.3857365480966777,1.0,1.0,0.0,1.0,2.0,6,subject_10
1.3857365480966777,1.0,1.0,0.0,1.0,1.0,6,subject_10
1.3857365480966777,1.0,1.0,0.0,1.0,0.0,5,subject_10
1.3857365480966777,1.0,0.0,1.0,0.0,2.0,6,subject_10
1.3857365480966777,1.0,0.0,1.0,0.0,1.0,5,subject_10
1.3857365480966777,1.0,0.0,1.0,0.0,0.0,2,subject_10
1.3857365480966777,1.0,0.0,1.0,1.0,2.0,6,subject_10
1.3857365480966777,1.0,0.0,1.0,1.0,1.0,6,subject_10
1.3857365480966777,1.0,0.0,1.0,1.0,0.0,5,subject_10
1.3857365480966777,1.0,0.0,2.0,0.0,2.0,5,subject_10
1.3857365480966777,1.0,0.0,2.0,0.0,1.0,2,subject_10
1.3857365480966777,1.0,0.0,2.0,0.0,0.0,1,subject_10
1.3857365480966777,1.0,0.0,2.0,1.0,2.0,6,subject_10
1.3857365480966777,1.0,0.0,2.0,1.0,1.0,5,subject_10
1.3857365480966777,1.0,0.0,2.0,1.0,0.0,3,subject_10
1.3857365480966777,1.0,0.0,0.0,0.0,2.0,6,subject_10
1.3857365480966777,1.0,0.0,0.0,0.0,1.0,6,subject_10
1.3857365480966777,1.0,0.0,0.0,0.0,0.0,5,subject_10
1.3857365480966777,1.0,0.0,0.0,1.0,2.0,6,subject_10
1.3857365480966777,1.0,0.0,0.0,1.0,1.0,6,subject_10
1.3857365480966777,1.0,0.0,0.0,1.0,0.0,6,subject_10
-0.937410017830106,-1.0,2.0,1.0,0.0,2.0,1,subject_11
-0.937410017830106,-1.0,2.0,1.0,0.0,1.0,1,subject_11
-0.937410017830106,-1.0,2.0,1.0,0.0,0.0,1,subject_11
-0.937410017830106,-1.0,2.0,1.0,1.0,2.0,2,subject_11
-0.937410017830106,-1.0,2.0,1.0,1.0,1.0,1,subject_11
-0.937410017830106,-1.0,2.0,1.0,1.0,0.0,1,subject_11
-0.937410017830106,-1.0,2.0,2.0,0.0,2.0,1,subject_11
-0.937410017830106,-1.0,2.0,2.0,0.0,1.0,1,subject_11
-0.937410017830106,-1.0,2.0,2.0,0.0,0.0,1,subject_11
-0.937410017830106,-1.0,2.0,2.0,1.0,2.0,1,subject_11
-0.937410017830106,-1.0,2.0,2.0,1.0,1.0,1,subject_11
-0.937410017830106,-1.0,2.0,2.0,1.0,0.0,1,subject_11
-0.937410017830106,-1.0,2.0,0.0,0.0,2.0,2,subject_11
-0.937410017830106,-1.0,2.0,0.0,0.0,1.0,1,subject_11
-0.937410017830106,-1.0,2.0,0.0,0.0,0.0,1,subject_11
-0.937410017830106,-1.0,2.0,0.0,1.0,2.0,5,subject_11
-0.937410017830106,-1.0,2.0,0.0,1.0,1.0,3,subject_11
-0.937410017830106,-1.0,2.0,0.0,1.0,0.0,2,subject_11
-0.937410017830106,-1.0,1.0,1.0,0.0,2.0,2,subject_11
-0.937410017830106,-1.0,1.0,1.0,0.0,1.0,1,subject_11
-0.937410017830106,-1.0,1.0,1.0,0.0,0.0,1,subject_11
-0.937410017830106,-1.0,1.0,1.0,1.0,2.0,5,subject_11
-0.937410017830106,-1.0,1.0,1.0,1.0,1.0,4,subject_11
-0.937410017830106,-1.0,1.0,1.0,1.0,0.0,2,subject_11
-0.937410017830106,-1.0,1.0,2.0,0.0,2.0,1,subject_11
-0.937410017830106,-1.0,1.0,2.0,0.0,1.0,1,subject_11
-0.937410017830106,-1.0,1.0,2.0,0.0,0.0,1,subject_11
-0.937410017830106,-1.0,1.0,2.0,1.0,2.0,2,subject_11
-0.937410017830106,-1.0,1.0,2.0,1.0,1.0,1,subject_11
-0.937410017830106,-1.0,1.0,2.0,1.0,0.0,1,subject_11
-0.937410017830106,-1.0,1.0,0.0,0.0,2.0,5,subject_11
-0.937410017830106,-1.0,1.0,0.0,0.0,1.0,3,subject_11
-0.937410017830106,-1.0,1.0,0.0,0.0,0.0,2,subject_11
-0.937410017830106,-1.0,1.0,0.0,1.0,2.0,6,subject_11
-0.937410017830106,-1.0,1.0,0.0,1.0,1.0,6,subject_11
-0.937410017830106,-1.0,1.0,0.0,1.0,0.0,5,subject_11
-0.937410017830106,-1.0,0.0,1.0,0.0,2.0,5,subject_11
-0.937410017830106,-1.0,0.0,1.0,0.0,1.0,3,subject_11
-0.937410017830106,-1.0,0.0,1.0,0.0,0.0,2,subject_11
-0.937410017830106,-1.0,0.0,1.0,1.0,2.0,6,subject_11
-0.937410017830106,-1.0,0.0,1.0,1.0,1.0,6,subject_11
-0.937410017830106,-1.0,0.0,1.0,1.0,0.0,5,subject_11
-0.937410017830106,-1.0,0.0,2.0,0.0,2.0,2,subject_11
-0.937410017830106,-1.0,0.0,2.0,0.0,1.0,1,subject_11
-0.937410017830106,-1.0,0.0,2.0,0.0,0.0,1,subject_11
-0.937410017830106,-1.0,0.0,2.0,1.0,2.0,5,subject_11
-0.937410017830106,-1.0,0.0,2.0,1.0,1.0,4,subject_11
-0.937410017830106,-1.0,0.0,2.0,1.0,0.0,2,subject_11
-0.937410017830106,-1.0,0.0,0.0,0.0,2.0,6,subject_11
-0.937410017830106,-1.0,0.0,0.0,0.0,1.0,5,subject_11
-0.937410017830106,-1.0,0.0,0.0,0.0,0.0,4,subject_11
-0.937410017830106,-1.0,0.0,0.0,1.0,2.0,6,subject_11
-0.937410017830106,-1.0,0.0,0.0,1.0,1.0,6,subject_11
-0.937410017830106,-1.0,0.0,0.0,1.0,0.0,6,subject_11
-0.937410017830106,1.0,2.0,1.0,0.0,2.0,1,subject_11
-0.937410017830106,1.0,2.0,1.0,0.0,1.0,1,subject_11
-0.937410017830106,1.0,2.0,1.0,0.0,0.0,1,subject_11
-0.937410017830106,1.0,2.0,1.0,1.0,2.0,2,subject_11
-0.937410017830106,1.0,2.0,1.0,1.0,1.0,1,subject_11
-0.937410017830106,1.0,2.0,1.0,1.0,0.0,1,subject_11
-0.937410017830106,1.0,2.0,2.0,0.0,2.0,1,subject_11
-0.937410017830106,1.0,2.0,2.0,0.0,1.0,1,subject_11
-0.937410017830106,1.0,2.0,2.0,0.0,0.0,1,subject_11
-0.937410017830106,1.0,2.0,2.0,1.0,2.0,1,subject_11
-0.937410017830106,1.0,2.0,2.0,1.0,1.0,1,subject_11
-0.937410017830106,1.0,2.0,2.0,1.0,0.0,1,subject_11
-0.937410017830106,1.0,2.0,0.0,0.0,2.0,2,subject_11
-0.937410017830106,1.0,2.0,0.0,0.0,1.0,1,subject_11
-0.937410017830106,1.0,2.0,0.0,0.0,0.0,1,subject_11
-0.937410017830106,1.0,2.0,0.0,1.0,2.0,5,subject_11
-0.937410017830106,1.0,2.0,0.0,1.0,1.0,3,subject_11
-0.937410017830106,1.0,2.0,0.0,1.0,0.0,2,subject_11
-0.937410017830106,1.0,1.0,1.0,0.0,2.0,2,subject_11
-0.937410017830106,1.0,1.0,1.0,0.0,1.0,1,subject_11
-0.937410017830106,1.0,1.0,1.0,0.0,0.0,1,subject_11
-0.937410017830106,1.0,1.0,1.0,1.0,2.0,5,subject_11
-0.937410017830106,1.0,1.0,1.0,1.0,1.0,3,subject_11
-0.937410017830106,1.0,1.0,1.0,1.0,0.0,2,subject_11
-0.937410017830106,1.0,1.0,2.0,0.0,2.0,1,subject_11
-0.937410017830106,1.0,1.0,2.0,0.0,1.0,1,subject_11
-0.937410017830106,1.0,1.0,2.0,0.0,0.0,1,subject_11
-0.937410017830106,1.0,1.0,2.0,1.0,2.0,2,subject_11
-0.937410017830106,1.0,1.0,2.0,1.0,1.0,1,subject_11
-0.937410017830106,1.0,1.0,2.0,1.0,0.0,1,subject_11
-0.937410017830106,1.0,1.0,0.0,0.0,2.0,4,subject_11
-0.937410017830106,1.0,1.0,0.0,0.0,1.0,2,subject_11
-0.937410017830106,1.0,1.0,0.0,0.0,0.0,1,subject_11
-0.937410017830106,1.0,1.0,0.0,1.0,2.0,6,subject_11
-0.937410017830106,1.0,1.0,0.0,1.0,1.0,5,subject_11
-0.937410017830106,1.0,1.0,0.0,1.0,0.0,4,subject_11
-0.937410017830106,1.0,0.0,1.0,0.0,2.0,4,subject_11
-0.937410017830106,1.0,0.0,1.0,0.0,1.0,3,subject_11
-0.937410017830106,1.0,0.0,1.0,0.0,0.0,1,subject_11
-0.937410017830106,1.0,0.0,1.0,1.0,2.0,6,subject_11
-0.937410017830106,1.0,0.0,1.0,1.0,1.0,6,subject_11
-0.937410017830106,1.0,0.0,1.0,1.0,0.0,4,subject_11
-0.937410017830106,1.0,0.0,2.0,0.0,2.0,2,subject_11
-0.937410017830106,1.0,0.0,2.0,0.0,1.0,1,subject_11
-0.937410017830106,1.0,0.0,2.0,0.0,0.0,1,subject_11
-0.937410017830106,1.0,0.0,2.0,1.0,2.0,5,subject_11
-0.937410017830106,1.0,0.0,2.0,1.0,1.0,3,subject_11
-0.937410017830106,1.0,0.0,2.0,1.0,0.0,2,subject_11
-0.937410017830106,1.0,0.0,0.0,0.0,2.0,6,subject_11
-0.937410017830106,1.0,0.0,0.0,0.0,1.0,5,subject_11
-0.937410017830106,1.0,0.0,0.0,0.0,0.0,4,subject_11
-0.937410017830106,1.0,0.0,0.0,1.0,2.0,6,subject_11
-0.937410017830106,1.0,0.0,0.0,1.0,1.0,6,subject_11
-0.937410017830106,1.0,0.0,0.0,1.0,0.0,6,subject_11
-0.4483265302665725,-1.0,2.0,1.0,0.0,2.0,1,subject_11
-0.4483265302665725,-1.0,2.0,1.0,0.0,1.0,1,subject_11
-0.4483265302665725,-1.0,2.0,1.0,0.0,0.0,1,subject_11
-0.4483265302665725,-1.0,2.0,1.0,1.0,2.0,2,subject_11
-0.4483265302665725,-1.0,2.0,1.0,1.0,1.0,1,subject_11
-0.4483265302665725,-1.0,2.0,1.0,1.0,0.0,1,subject_11
-0.4483265302665725,-1.0,2.0,2.0,0.0,2.0,1,subject_11
-0.4483265302665725,-1.0,2.0,2.0,0.0,1.0,1,subject_11
-0.4483265302665725,-1.0,2.0,2.0,0.0,0.0,1,subject_11
-0.4483265302665725,-1.0,2.0,2.0,1.0,2.0,1,subject_11
-0.4483265302665725,-1.0,2.0,2.0,1.0,1.0,1,subject_11
-0.4483265302665725,-1.0,2.0,2.0,1.0,0.0,1,subject_11
-0.4483265302665725,-1.0,2.0,0.0,0.0,2.0,2,subject_11
-0.4483265302665725,-1.0,2.0,0.0,0.0,1.0,1,subject_11
-0.4483265302665725,-1.0,2.0,0.0,0.0,0.0,1,subject_11
-0.4483265302665725,-1.0,2.0,0.0,1.0,2.0,4,subject_11
-0.4483265302665725,-1.0,2.0,0.0,1.0,1.0,3,subject_11
-0.4483265302665725,-1.0,2.0,0.0,1.0,0.0,1,subject_11
-0.4483265302665725,-1.0,1.0,1.0,0.0,2.0,2,subject_11
-0.4483265302665725,-1.0,1.0,1.0,0.0,1.0,1,subject_11
-0.4483265302665725,-1.0,1.0,1.0,0.0,0.0,1,subject_11
-0.4483265302665725,-1.0,1.0,1.0,1.0,2.0,5,subject_11
-0.4483265302665725,-1.0,1.0,1.0,1.0,1.0,3,subject_11
-0.4483265302665725,-1.0,1.0,1.0,1.0,0.0,2,subject_11
-0.4483265302665725,-1.0,1.0,2.0,0.0,2.0,1,subject_11
-0.4483265302665725,-1.0,1.0,2.0,0.0,1.0,1,subject_11
-0.4483265302665725,-1.0,1.0,2.0,0.0,0.0,1,subject_11
-0.4483265302665725,-1.0,1.0,2.0,1.0,2.0,2,subject_11
-0.4483265302665725,-1.0,1.0,2.0,1.0,1.0,1,subject_11
-0.4483265302665725,-1.0,1.0,2.0,1.0,0.0,1,subject_11
-0.4483265302665725,-1.0,1.0,0.0,0.0,2.0,4,subject_11
-0.4483265302665725,-1.0,1.0,0.0,0.0,1.0,2,subject_11
-0.4483265302665725,-1.0,1.0,0.0,0.0,0.0,1,subject_11
-0.4483265302665725,-1.0,1.0,0.0,1.0,2.0,6,subject_11
-0.4483265302665725,-1.0,1.0,0.0,1.0,1.0,5,subject_11
-0.4483265302665725,-1.0,1.0,0.0,1.0,0.0,4,subject_11
-0.4483265302665725,-1.0,0.0,1.0,0.0,2.0,4,subject_11
-0.4483265302665725,-1.0,0.0,1.0,0.0,1.0,2,subject_11
-0.4483265302665725,-1.0,0.0,1.0,0.0,0.0,1,subject_11
-0.4483265302665725,-1.0,0.0,1.0,1.0,2.0,6,subject_11
-0.4483265302665725,-1.0,0.0,1.0,1.0,1.0,5,subject_11
-0.4483265302665725,-1.0,0.0,1.0,1.0,0.0,4,subject_11
-0.4483265302665725,-1.0,0.0,2.0,0.0,2.0,2,subject_11
-0.4483265302665725,-1.0,0.0,2.0,0.0,1.0,1,subject_11
-0.4483265302665725,-1.0,0.0,2.0,0.0,0.0,1,subject_11
-0.4483265302665725,-1.0,0.0,2.0,1.0,2.0,5,subject_11
-0.4483265302665725,-1.0,0.0,2.0,1.0,1.0,3,subject_11
-0.4483265302665725,-1.0,0.0,2.0,1.0,0.0,2,subject_11
-0.4483265302665725,-1.0,0.0,0.0,0.0,2.0,6,subject_11
-0.4483265302665725,-1.0,0.0,0.0,0.0,1.0,5,subject_11
-0.4483265302665725,-1.0,0.0,0.0,0.0,0.0,3,subject_11
-0.4483265302665725,-1.0,0.0,0.0,1.0,2.0,6,subject_11
-0.4483265302665725,-1.0,0.0,0.0,1.0,1.0,6,subject_11
-0.4483265302665725,-1.0,0.0,0.0,1.0,0.0,6,subject_11
-0.4483265302665725,1.0,2.0,1.0,0.0,2.0,1,subject_11
-0.4483265302665725,1.0,2.0,1.0,0.0,1.0,1,subject_11
-0.4483265302665725,1.0,2.0,1.0,0.0,0.0,1,subject_11
-0.4483265302665725,1.0,2.0,1.0,1.0,2.0,2,subject_11
-0.4483265302665725,1.0,2.0,1.0,1.0,1.0,1,subject_11
-0.4483265302665725,1.0,2.0,1.0,1.0,0.0,1,subject_11
-0.4483265302665725,1.0,2.0,2.0,0.0,2.0,1,subject_11
-0.4483265302665725,1.0,2.0,2.0,0.0,1.0,1,subject_11
-0.4483265302665725,1.0,2.0,2.0,0.0,0.0,1,subject_11
-0.4483265302665725,1.0,2.0,2.0,1.0,2.0,1,subject_11
-0.4483265302665725,1.0,2.0,2.0,1.0,1.0,1,subject_11
-0.4483265302665725,1.0,2.0,2.0,1.0,0.0,1,subject_11
-0.4483265302665725,1.0,2.0,0.0,0.0,2.0,2,subject_11
-0.4483265302665725,1.0,2.0,0.0,0.0,1.0,1,subject_11
-0.4483265302665725,1.0,2.0,0.0,0.0,0.0,1,subject_11
-0.4483265302665725,1.0,2.0,0.0,1.0,2.0,5,subject_11
-0.4483265302665725,1.0,2.0,0.0,1.0,1.0,3,subject_11
-0.4483265302665725,1.0,2.0,0.0,1.0,0.0,2,subject_11
-0.4483265302665725,1.0,1.0,1.0,0.0,2.0,2,subject_11
-0.4483265302665725,1.0,1.0,1.0,0.0,1.0,1,subject_11
-0.4483265302665725,1.0,1.0,1.0,0.0,0.0,1,subject_11
-0.4483265302665725,1.0,1.0,1.0,1.0,2.0,5,subject_11
-0.4483265302665725,1.0,1.0,1.0,1.0,1.0,3,subject_11
-0.4483265302665725,1.0,1.0,1.0,1.0,0.0,2,subject_11
-0.4483265302665725,1.0,1.0,2.0,0.0,2.0,1,subject_11
-0.4483265302665725,1.0,1.0,2.0,0.0,1.0,1,subject_11
-0.4483265302665725,1.0,1.0,2.0,0.0,0.0,1,subject_11
-0.4483265302665725,1.0,1.0,2.0,1.0,2.0,2,subject_11
-0.4483265302665725,1.0,1.0,2.0,1.0,1.0,1,subject_11
-0.4483265302665725,1.0,1.0,2.0,1.0,0.0,1,subject_11
-0.4483265302665725,1.0,1.0,0.0,0.0,2.0,5,subject_11
-0.4483265302665725,1.0,1.0,0.0,0.0,1.0,3,subject_11
-0.4483265302665725,1.0,1.0,0.0,0.0,0.0,2,subject_11
-0.4483265302665725,1.0,1.0,0.0,1.0,2.0,6,subject_11
-0.4483265302665725,1.0,1.0,0.0,1.0,1.0,6,subject_11
-0.4483265302665725,1.0,1.0,0.0,1.0,0.0,4,subject_11
-0.4483265302665725,1.0,0.0,1.0,0.0,2.0,5,subject_11
-0.4483265302665725,1.0,0.0,1.0,0.0,1.0,3,subject_11
-0.4483265302665725,1.0,0.0,1.0,0.0,0.0,2,subject_11
-0.4483265302665725,1.0,0.0,1.0,1.0,2.0,6,subject_11
-0.4483265302665725,1.0,0.0,1.0,1.0,1.0,6,subject_11
-0.4483265302665725,1.0,0.0,1.0,1.0,0.0,5,subject_11
-0.4483265302665725,1.0,0.0,2.0,0.0,2.0,2,subject_11
-0.4483265302665725,1.0,0.0,2.0,0.0,1.0,1,subject_11
-0.4483265302665725,1.0,0.0,2.0,0.0,0.0,1,subject_11
-0.4483265302665725,1.0,0.0,2.0,1.0,2.0,5,subject_11
-0.4483265302665725,1.0,0.0,2.0,1.0,1.0,3,subject_11
-0.4483265302665725,1.0,0.0,2.0,1.0,0.0,2,subject_11
-0.4483265302665725,1.0,0.0,0.0,0.0,2.0,6,subject_11
-0.4483265302665725,1.0,0.0,0.0,0.0,1.0,5,subject_11
-0.4483265302665725,1.0,0.0,0.0,0.0,0.0,4,subject_11
-0.4483265302665725,1.0,0.0,0.0,1.0,2.0,6,subject_11
-0.4483265302665725,1.0,0.0,0.0,1.0,1.0,6,subject_11
-0.4483265302665725,1.0,0.0,0.0,1.0,0.0,6,subject_11
1.3857365480966777,-1.0,2.0,1.0,0.0,2.0,1,subject_11
1.3857365480966777,-1.0,2.0,1.0,0.0,1.0,1,subject_11
1.3857365480966777,-1.0,2.0,1.0,0.0,0.0,1,subject_11
1.3857365480966777,-1.0,2.0,1.0,1.0,2.0,1,subject_11
1.3857365480966777,-1.0,2.0,1.0,1.0,1.0,1,subject_11
1.3857365480966777,-1.0,2.0,1.0,1.0,0.0,1,subject_11
1.3857365480966777,-1.0,2.0,2.0,0.0,2.0,1,subject_11
1.3857365480966777,-1.0,2.0,2.0,0.0,1.0,1,subject_11
1.3857365480966777,-1.0,2.0,2.0,0.0,0.0,1,subject_11
1.3857365480966777,-1.0,2.0,2.0,1.0,2.0,1,subject_11
1.3857365480966777,-1.0,2.0,2.0,1.0,1.0,1,subject_11
1.3857365480966777,-1.0,2.0,2.0,1.0,0.0,1,subject_11
1.3857365480966777,-1.0,2.0,0.0,0.0,2.0,1,subject_11
1.3857365480966777,-1.0,2.0,0.0,0.0,1.0,1,subject_11
1.3857365480966777,-1.0,2.0,0.0,0.0,0.0,1,subject_11
1.3857365480966777,-1.0,2.0,0.0,1.0,2.0,2,subject_11
1.3857365480966777,-1.0,2.0,0.0,1.0,1.0,1,subject_11
1.3857365480966777,-1.0,2.0,0.0,1.0,0.0,1,subject_11
1.3857365480966777,-1.0,1.0,1.0,0.0,2.0,1,subject_11
1.3857365480966777,-1.0,1.0,1.0,0.0,1.0,1,subject_11
1.3857365480966777,-1.0,1.0,1.0,0.0,0.0,1,subject_11
1.3857365480966777,-1.0,1.0,1.0,1.0,2.0,2,subject_11
1.3857365480966777,-1.0,1.0,1.0,1.0,1.0,1,subject_11
1.3857365480966777,-1.0,1.0,1.0,1.0,0.0,1,subject_11
1.3857365480966777,-1.0,1.0,2.0,0.0,2.0,1,subject_11
1.3857365480966777,-1.0,1.0,2.0,0.0,1.0,1,subject_11
1.3857365480966777,-1.0,1.0,2.0,0.0,0.0,1,subject_11
1.3857365480966777,-1.0,1.0,2.0,1.0,2.0,1,subject_11
1.3857365480966777,-1.0,1.0,2.0,1.0,1.0,1,subject_11
1.3857365480966777,-1.0,1.0,2.0,1.0,0.0,1,subject_11
1.3857365480966777,-1.0,1.0,0.0,0.0,2.0,2,subject_11
1.3857365480966777,-1.0,1.0,0.0,0.0,1.0,1,subject_11
1.3857365480966777,-1.0,1.0,0.0,0.0,0.0,1,subject_11
1.3857365480966777,-1.0,1.0,0.0,1.0,2.0,5,subject_11
1.3857365480966777,-1.0,1.0,0.0,1.0,1.0,3,subject_11
1.3857365480966777,-1.0,1.0,0.0,1.0,0.0,2,subject_11
1.3857365480966777,-1.0,0.0,1.0,0.0,2.0,2,subject_11
1.3857365480966777,-1.0,0.0,1.0,0.0,1.0,1,subject_11
1.3857365480966777,-1.0,0.0,1.0,0.0,0.0,1,subject_11
1.3857365480966777,-1.0,0.0,1.0,1.0,2.0,5,subject_11
1.3857365480966777,-1.0,0.0,1.0,1.0,1.0,3,subject_11
1.3857365480966777,-1.0,0.0,1.0,1.0,0.0,2,subject_11
1.3857365480966777,-1.0,0.0,2.0,0.0,2.0,1,subject_11
1.3857365480966777,-1.0,0.0,2.0,0.0,1.0,1,subject_11
1.3857365480966777,-1.0,0.0,2.0,0.0,0.0,1,subject_11
1.3857365480966777,-1.0,0.0,2.0,1.0,2.0,2,subject_11
1.3857365480966777,-1.0,0.0,2.0,1.0,1.0,1,subject_11
1.3857365480966777,-1.0,0.0,2.0,1.0,0.0,1,subject_11
1.3857365480966777,-1.0,0.0,0.0,0.0,2.0,4,subject_11
1.3857365480966777,-1.0,0.0,0.0,0.0,1.0,2,subject_11
1.3857365480966777,-1.0,0.0,0.0,0.0,0.0,1,subject_11
1.3857365480966777,-1.0,0.0,0.0,1.0,2.0,6,subject_11
1.3857365480966777,-1.0,0.0,0.0,1.0,1.0,5,subject_11
1.3857365480966777,-1.0,0.0,0.0,1.0,0.0,4,subject_11
1.3857365480966777,1.0,2.0,1.0,0.0,2.0,1,subject_11
1.3857365480966777,1.0,2.0,1.0,0.0,1.0,1,subject_11
1.3857365480966777,1.0,2.0,1.0,0.0,0.0,1,subject_11
1.3857365480966777,1.0,2.0,1.0,1.0,2.0,3,subject_11
1.3857365480966777,1.0,2.0,1.0,1.0,1.0,2,subject_11
1.3857365480966777,1.0,2.0,1.0,1.0,0.0,1,subject_11
1.3857365480966777,1.0,2.0,2.0,0.0,2.0,1,subject_11
1.3857365480966777,1.0,2.0,2.0,0.0,1.0,1,subject_11
1.3857365480966777,1.0,2.0,2.0,0.0,0.0,1,subject_11
1.3857365480966777,1.0,2.0,2.0,1.0,2.0,1,subject_11
1.3857365480966777,1.0,2.0,2.0,1.0,1.0,1,subject_11
1.3857365480966777,1.0,2.0,2.0,1.0,0.0,1,subject_11
1.3857365480966777,1.0,2.0,0.0,0.0,2.0,2,subject_11
1.3857365480966777,1.0,2.0,0.0,0.0,1.0,1,subject_11
1.3857365480966777,1.0,2.0,0.0,0.0,0.0,1,subject_11
1.3857365480966777,1.0,2.0,0.0,1.0,2.0,5,subject_11
1.3857365480966777,1.0,2.0,0.0,1.0,1.0,4,subject_11
1.3857365480966777,1.0,2.0,0.0,1.0,0.0,2,subject_11
1.3857365480966777,1.0,1.0,1.0,0.0,2.0,2,subject_11
1.3857365480966777,1.0,1.0,1.0,0.0,1.0,1,subject_11
1.3857365480966777,1.0,1.0,1.0,0.0,0.0,1,subject_11
1.3857365480966777,1.0,1.0,1.0,1.0,2.0,5,subject_11
1.3857365480966777,1.0,1.0,1.0,1.0,1.0,4,subject_11
1.3857365480966777,1.0,1.0,1.0,1.0,0.0,3,subject_11
1.3857365480966777,1.0,1.0,2.0,0.0,2.0,1,subject_11
1.3857365480966777,1.0,1.0,2.0,0.0,1.0,1,subject_11
1.3857365480966777,1.0,1.0,2.0,0.0,0.0,1,subject_11
1.3857365480966777,1.0,1.0,2.0,1.0,2.0,3,subject_11
1.3857365480966777,1.0,1.0,2.0,1.0,1.0,2,subject_11
1.3857365480966777,1.0,1.0,2.0,1.0,0.0,1,subject_11
1.3857365480966777,1.0,1.0,0.0,0.0,2.0,5,subject_11
1.3857365480966777,1.0,1.0,0.0,0.0,1.0,4,subject_11
1.3857365480966777,1.0,1.0,0.0,0.0,0.0,2,subject_11
1.3857365480966777,1.0,1.0,0.0,1.0,2.0,6,subject_11
1.3857365480966777,1.0,1.0,0.0,1.0,1.0,6,subject_11
1.3857365480966777,1.0,1.0,0.0,1.0,0.0,5,subject_11
1.3857365480966777,1.0,0.0,1.0,0.0,2.0,5,subject_11
1.3857365480966777,1.0,0.0,1.0,0.0,1.0,4,subject_11
1.3857365480966777,1.0,0.0,1.0,0.0,0.0,2,subject_11
1.3857365480966777,1.0,0.0,1.0,1.0,2.0,6,subject_11
1.3857365480966777,1.0,0.0,1.0,1.0,1.0,6,subject_11
1.3857365480966777,1.0,0.0,1.0,1.0,0.0,5,subject_11
1.3857365480966777,1.0,0.0,2.0,0.0,2.0,2,subject_11
1.3857365480966777,1.0,0.0,2.0,0.0,1.0,1,subject_11
1.3857365480966777,1.0,0.0,2.0,0.0,0.0,1,subject_11
1.3857365480966777,1.0,0.0,2.0,1.0,2.0,6,subject_11
1.3857365480966777,1.0,0.0,2.0,1.0,1.0,4,subject_11
1.3857365480966777,1.0,0.0,2.0,1.0,0.0,3,subject_11
1.3857365480966777,1.0,0.0,0.0,0.0,2.0,6,subject_11
1.3857365480966777,1.0,0.0,0.0,0.0,1.0,6,subject_11
1.3857365480966777,1.0,0.0,0.0,0.0,0.0,5,subject_11
1.3857365480966777,1.0,0.0,0.0,1.0,2.0,6,subject_11
1.3857365480966777,1.0,0.0,0.0,1.0,1.0,6,subject_11
1.3857365480966777,1.0,0.0,0.0,1.0,0.0,6,subject_11
-0.937410017830106,-1.0,2.0,1.0,0.0,2.0,2,subject_12
-0.937410017830106,-1.0,2.0,1.0,0.0,1.0,1,subject_12
-0.937410017830106,-1.0,2.0,1.0,0.0,0.0,1,subject_12
-0.937410017830106,-1.0,2.0,1.0,1.0,2.0,5,subject_12
-0.937410017830106,-1.0,2.0,1.0,1.0,1.0,3,subject_12
-0.937410017830106,-1.0,2.0,1.0,1.0,0.0,1,subject_12
-0.937410017830106,-1.0,2.0,2.0,0.0,2.0,1,subject_12
-0.937410017830106,-1.0,2.0,2.0,0.0,1.0,1,subject_12
-0.937410017830106,-1.0,2.0,2.0,0.0,0.0,1,subject_12
-0.937410017830106,-1.0,2.0,2.0,1.0,2.0,2,subject_12
-0.937410017830106,-1.0,2.0,2.0,1.0,1.0,1,subject_12
-0.937410017830106,-1.0,2.0,2.0,1.0,0.0,1,subject_12
-0.937410017830106,-1.0,2.0,0.0,0.0,2.0,5,subject_12
-0.937410017830106,-1.0,2.0,0.0,0.0,1.0,3,subject_12
-0.937410017830106,-1.0,2.0,0.0,0.0,0.0,2,subject_12
-0.937410017830106,-1.0,2.0,0.0,1.0,2.0,6,subject_12
-0.937410017830106,-1.0,2.0,0.0,1.0,1.0,5,subject_12
-0.937410017830106,-1.0,2.0,0.0,1.0,0.0,4,subject_12
-0.937410017830106,-1.0,1.0,1.0,0.0,2.0,4,subject_12
-0.937410017830106,-1.0,1.0,1.0,0.0,1.0,2,subject_12
-0.937410017830106,-1.0,1.0,1.0,0.0,0.0,1,subject_12
-0.937410017830106,-1.0,1.0,1.0,1.0,2.0,6,subject_12
-0.937410017830106,-1.0,1.0,1.0,1.0,1.0,4,subject_12
-0.937410017830106,-1.0,1.0,1.0,1.0,0.0,2,subject_12
-0.937410017830106,-1.0,1.0,2.0,0.0,2.0,1,subject_12
-0.937410017830106,-1.0,1.0,2.0,0.0,1.0,1,subject_12
-0.937410017830106,-1.0,1.0,2.0,0.0,0.0,1,subject_12
-0.937410017830106,-1.0,1.0,2.0,1.0,2.0,3,subject_12
-0.937410017830106,-1.0,1.0,2.0,1.0,1.0,2,subject_12
-0.937410017830106,-1.0,1.0,2.0,1.0,0.0,1,subject_12
-0.937410017830106,-1.0,1.0,0.0,0.0,2.0,6,subject_12
-0.937410017830106,-1.0,1.0,0.0,0.0,1.0,5,subject_12
-0.937410017830106,-1.0,1.0,0.0,0.0,0.0,3,subject_12
-0.937410017830106,-1.0,1.0,0.0,1.0,2.0,6,subject_12
-0.937410017830106,-1.0,1.0,0.0,1.0,1.0,6,subject_12
-0.937410017830106,-1.0,1.0,0.0,1.0,0.0,5,subject_12
-0.937410017830106,-1.0,0.0,1.0,0.0,2.0,5,subject_12
-0.937410017830106,-1.0,0.0,1.0,0.0,1.0,3,subject_12
-0.937410017830106,-1.0,0.0,1.0,0.0,0.0,2,subject_12
-0.937410017830106,-1.0,0.0,1.0,1.0,2.0,6,subject_12
-0.937410017830106,-1.0,0.0,1.0,1.0,1.0,5,subject_12
-0.937410017830106,-1.0,0.0,1.0,1.0,0.0,4,subject_12
-0.937410017830106,-1.0,0.0,2.0,0.0,2.0,2,subject_12
-0.937410017830106,-1.0,0.0,2.0,0.0,1.0,1,subject_12
-0.937410017830106,-1.0,0.0,2.0,0.0,0.0,1,subject_12
-0.937410017830106,-1.0,0.0,2.0,1.0,2.0,5,subject_12
-0.937410017830106,-1.0,0.0,2.0,1.0,1.0,3,subject_12
-0.937410017830106,-1.0,0.0,2.0,1.0,0.0,1,subject_12
-0.937410017830106,-1.0,0.0,0.0,0.0,2.0,6,subject_12
-0.937410017830106,-1.0,0.0,0.0,0.0,1.0,6,subject_12
-0.937410017830106,-1.0,0.0,0.0,0.0,0.0,4,subject_12
-0.937410017830106,-1.0,0.0,0.0,1.0,2.0,6,subject_12
-0.937410017830106,-1.0,0.0,0.0,1.0,1.0,6,subject_12
-0.937410017830106,-1.0,0.0,0.0,1.0,0.0,6,subject_12
-0.937410017830106,1.0,2.0,1.0,0.0,2.0,2,subject_12
-0.937410017830106,1.0,2.0,1.0,0.0,1.0,1,subject_12
-0.937410017830106,1.0,2.0,1.0,0.0,0.0,1,subject_12
-0.937410017830106,1.0,2.0,1.0,1.0,2.0,4,subject_12
-0.937410017830106,1.0,2.0,1.0,1.0,1.0,2,subject_12
-0.937410017830106,1.0,2.0,1.0,1.0,0.0,1,subject_12
-0.937410017830106,1.0,2.0,2.0,0.0,2.0,1,subject_12
-0.937410017830106,1.0,2.0,2.0,0.0,1.0,1,subject_12
-0.937410017830106,1.0,2.0,2.0,0.0,0.0,1,subject_12
-0.937410017830106,1.0,2.0,2.0,1.0,2.0,2,subject_12
-0.937410017830106,1.0,2.0,2.0,1.0,1.0,1,subject_12
-0.937410017830106,1.0,2.0,2.0,1.0,0.0,1,subject_12
-0.937410017830106,1.0,2.0,0.0,0.0,2.0,5,subject_12
-0.937410017830106,1.0,2.0,0.0,0.0,1.0,3,subject_12
-0.937410017830106,1.0,2.0,0.0,0.0,0.0,1,subject_12
-0.937410017830106,1.0,2.0,0.0,1.0,2.0,6,subject_12
-0.937410017830106,1.0,2.0,0.0,1.0,1.0,5,subject_12
-0.937410017830106,1.0,2.0,0.0,1.0,0.0,3,subject_12
-0.937410017830106,1.0,1.0,1.0,0.0,2.0,3,subject_12
-0.937410017830106,1.0,1.0,1.0,0.0,1.0,1,subject_12
-0.937410017830106,1.0,1.0,1.0,0.0,0.0,1,subject_12
-0.937410017830106,1.0,1.0,1.0,1.0,2.0,5,subject_12
-0.937410017830106,1.0,1.0,1.0,1.0,1.0,4,subject_12
-0.937410017830106,1.0,1.0,1.0,1.0,0.0,2,subject_12
-0.937410017830106,1.0,1.0,2.0,0.0,2.0,1,subject_12
-0.937410017830106,1.0,1.0,2.0,0.0,1.0,1,subject_12
-0.937410017830106,1.0,1.0,2.0,0.0,0.0,1,subject_12
-0.937410017830106,1.0,1.0,2.0,1.0,2.0,3,subject_12
-0.937410017830106,1.0,1.0,2.0,1.0,1.0,1,subject_12
-0.937410017830106,1.0,1.0,2.0,1.0,0.0,1,subject_12
-0.937410017830106,1.0,1.0,0.0,0.0,2.0,6,subject_12
-0.937410017830106,1.0,1.0,0.0,0.0,1.0,4,subject_12
-0.937410017830106,1.0,1.0,0.0,0.0,0.0,2,subject_12
-0.937410017830106,1.0,1.0,0.0,1.0,2.0,6,subject_12
-0.937410017830106,1.0,1.0,0.0,1.0,1.0,6,subject_12
-0.937410017830106,1.0,1.0,0.0,1.0,0.0,5,subject_12
-0.937410017830106,1.0,0.0,1.0,0.0,2.0,4,subject_12
-0.937410017830106,1.0,0.0,1.0,0.0,1.0,2,subject_12
-0.937410017830106,1.0,0.0,1.0,0.0,0.0,1,subject_12
-0.937410017830106,1.0,0.0,1.0,1.0,2.0,6,subject_12
-0.937410017830106,1.0,0.0,1.0,1.0,1.0,5,subject_12
-0.937410017830106,1.0,0.0,1.0,1.0,0.0,3,subject_12
-0.937410017830106,1.0,0.0,2.0,0.0,2.0,2,subject_12
-0.937410017830106,1.0,0.0,2.0,0.0,1.0,1,subject_12
-0.937410017830106,1.0,0.0,2.0,0.0,0.0,1,subject_12
-0.937410017830106,1.0,0.0,2.0,1.0,2.0,4,subject_12
-0.937410017830106,1.0,0.0,2.0,1.0,1.0,2,subject_12
-0.937410017830106,1.0,0.0,2.0,1.0,0.0,1,subject_12
-0.937410017830106,1.0,0.0,0.0,0.0,2.0,6,subject_12
-0.937410017830106,1.0,0.0,0.0,0.0,1.0,5,subject_12
-0.937410017830106,1.0,0.0,0.0,0.0,0.0,4,subject_12
-0.937410017830106,1.0,0.0,0.0,1.0,2.0,6,subject_12
-0.937410017830106,1.0,0.0,0.0,1.0,1.0,6,subject_12
-0.937410017830106,1.0,0.0,0.0,1.0,0.0,6,subject_12
-0.4483265302665725,-1.0,2.0,1.0,0.0,2.0,2,subject_12
-0.4483265302665725,-1.0,2.0,1.0,0.0,1.0,1,subject_12
-0.4483265302665725,-1.0,2.0,1.0,0.0,0.0,1,subject_12
-0.4483265302665725,-1.0,2.0,1.0,1.0,2.0,4,subject_12
-0.4483265302665725,-1.0,2.0,1.0,1.0,1.0,2,subject_12
-0.4483265302665725,-1.0,2.0,1.0,1.0,0.0,1,subject_12
-0.4483265302665725,-1.0,2.0,2.0,0.0,2.0,1,subject_12
-0.4483265302665725,-1.0,2.0,2.0,0.0,1.0,1,subject_12
-0.4483265302665725,-1.0,2.0,2.0,0.0,0.0,1,subject_12
-0.4483265302665725,-1.0,2.0,2.0,1.0,2.0,2,subject_12
-0.4483265302665725,-1.0,2.0,2.0,1.0,1.0,1,subject_12
-0.4483265302665725,-1.0,2.0,2.0,1.0,0.0,1,subject_12
-0.4483265302665725,-1.0,2.0,0.0,0.0,2.0,5,subject_12
-0.4483265302665725,-1.0,2.0,0.0,0.0,1.0,3,subject_12
-0.4483265302665725,-1.0,2.0,0.0,0.0,0.0,1,subject_12
-0.4483265302665725,-1.0,2.0,0.0,1.0,2.0,6,subject_12
-0.4483265302665725,-1.0,2.0,0.0,1.0,1.0,5,subject_12
-0.4483265302665725,-1.0,2.0,0.0,1.0,0.0,3,subject_12
-0.4483265302665725,-1.0,1.0,1.0,0.0,2.0,3,subject_12
-0.4483265302665725,-1.0,1.0,1.0,0.0,1.0,1,subject_12
-0.4483265302665725,-1.0,1.0,1.0,0.0,0.0,1,subject_12
-0.4483265302665725,-1.0,1.0,1.0,1.0,2.0,5,subject_12
-0.4483265302665725,-1.0,1.0,1.0,1.0,1.0,4,subject_12
-0.4483265302665725,-1.0,1.0,1.0,1.0,0.0,2,subject_12
-0.4483265302665725,-1.0,1.0,2.0,0.0,2.0,1,subject_12
-0.4483265302665725,-1.0,1.0,2.0,0.0,1.0,1,subject_12
-0.4483265302665725,-1.0,1.0,2.0,0.0,0.0,1,subject_12
-0.4483265302665725,-1.0,1.0,2.0,1.0,2.0,3,subject_12
-0.4483265302665725,-1.0,1.0,2.0,1.0,1.0,1,subject_12
-0.4483265302665725,-1.0,1.0,2.0,1.0,0.0,1,subject_12
-0.4483265302665725,-1.0,1.0,0.0,0.0,2.0,6,subject_12
-0.4483265302665725,-1.0,1.0,0.0,0.0,1.0,4,subject_12
-0.4483265302665725,-1.0,1.0,0.0,0.0,0.0,2,subject_12
-0.4483265302665725,-1.0,1.0,0.0,1.0,2.0,6,subject_12
-0.4483265302665725,-1.0,1.0,0.0,1.0,1.0,6,subject_12
-0.4483265302665725,-1.0,1.0,0.0,1.0,0.0,5,subject_12
-0.4483265302665725,-1.0,0.0,1.0,0.0,2.0,4,subject_12
-0.4483265302665725,-1.0,0.0,1.0,0.0,1.0,2,subject_12
-0.4483265302665725,-1.0,0.0,1.0,0.0,0.0,1,subject_12
-0.4483265302665725,-1.0,0.0,1.0,1.0,2.0,6,subject_12
-0.4483265302665725,-1.0,0.0,1.0,1.0,1.0,5,subject_12
-0.4483265302665725,-1.0,0.0,1.0,1.0,0.0,3,subject_12
-0.4483265302665725,-1.0,0.0,2.0,0.0,2.0,2,subject_12
-0.4483265302665725,-1.0,0.0,2.0,0.0,1.0,1,subject_12
-0.4483265302665725,-1.0,0.0,2.0,0.0,0.0,1,subject_12
-0.4483265302665725,-1.0,0.0,2.0,1.0,2.0,4,subject_12
-0.4483265302665725,-1.0,0.0,2.0,1.0,1.0,2,subject_12
-0.4483265302665725,-1.0,0.0,2.0,1.0,0.0,1,subject_12
-0.4483265302665725,-1.0,0.0,0.0,0.0,2.0,6,subject_12
-0.4483265302665725,-1.0,0.0,0.0,0.0,1.0,5,subject_12
-0.4483265302665725,-1.0,0.0,0.0,0.0,0.0,4,subject_12
-0.4483265302665725,-1.0,0.0,0.0,1.0,2.0,6,subject_12
-0.4483265302665725,-1.0,0.0,0.0,1.0,1.0,6,subject_12
-0.4483265302665725,-1.0,0.0,0.0,1.0,0.0,6,subject_12
-0.4483265302665725,1.0,2.0,1.0,0.0,2.0,2,subject_12
-0.4483265302665725,1.0,2.0,1.0,0.0,1.0,1,subject_12
-0.4483265302665725,1.0,2.0,1.0,0.0,0.0,1,subject_12
-0.4483265302665725,1.0,2.0,1.0,1.0,2.0,5,subject_12
-0.4483265302665725,1.0,2.0,1.0,1.0,1.0,2,subject_12
-0.4483265302665725,1.0,2.0,1.0,1.0,0.0,1,subject_12
-0.4483265302665725,1.0,2.0,2.0,0.0,2.0,1,subject_12
-0.4483265302665725,1.0,2.0,2.0,0.0,1.0,1,subject_12
-0.4483265302665725,1.0,2.0,2.0,0.0,0.0,1,subject_12
-0.4483265302665725,1.0,2.0,2.0,1.0,2.0,2,subject_12
-0.4483265302665725,1.0,2.0,2.0,1.0,1.0,1,subject_12
-0.4483265302665725,1.0,2.0,2.0,1.0,0.0,1,subject_12
-0.4483265302665725,1.0,2.0,0.0,0.0,2.0,5,subject_12
-0.4483265302665725,1.0,2.0,0.0,0.0,1.0,3,subject_12
-0.4483265302665725,1.0,2.0,0.0,0.0,0.0,1,subject_12
-0.4483265302665725,1.0,2.0,0.0,1.0,2.0,6,subject_12
-0.4483265302665725,1.0,2.0,0.0,1.0,1.0,5,subject_12
-0.4483265302665725,1.0,2.0,0.0,1.0,0.0,4,subject_12
-0.4483265302665725,1.0,1.0,1.0,0.0,2.0,3,subject_12
-0.4483265302665725,1.0,1.0,1.0,0.0,1.0,2,subject_12
-0.4483265302665725,1.0,1.0,1.0,0.0,0.0,1,subject_12
-0.4483265302665725,1.0,1.0,1.0,1.0,2.0,5,subject_12
-0.4483265302665725,1.0,1.0,1.0,1.0,1.0,4,subject_12
-0.4483265302665725,1.0,1.0,1.0,1.0,0.0,2,subject_12
-0.4483265302665725,1.0,1.0,2.0,0.0,2.0,1,subject_12
-0.4483265302665725,1.0,1.0,2.0,0.0,1.0,1,subject_12
-0.4483265302665725,1.0,1.0,2.0,0.0,0.0,1,subject_12
-0.4483265302665725,1.0,1.0,2.0,1.0,2.0,3,subject_12
-0.4483265302665725,1.0,1.0,2.0,1.0,1.0,1,subject_12
-0.4483265302665725,1.0,1.0,2.0,1.0,0.0,1,subject_12
-0.4483265302665725,1.0,1.0,0.0,0.0,2.0,6,subject_12
-0.4483265302665725,1.0,1.0,0.0,0.0,1.0,4,subject_12
-0.4483265302665725,1.0,1.0,0.0,0.0,0.0,2,subject_12
-0.4483265302665725,1.0,1.0,0.0,1.0,2.0,6,subject_12
-0.4483265302665725,1.0,1.0,0.0,1.0,1.0,6,subject_12
-0.4483265302665725,1.0,1.0,0.0,1.0,0.0,5,subject_12
-0.4483265302665725,1.0,0.0,1.0,0.0,2.0,5,subject_12
-0.4483265302665725,1.0,0.0,1.0,0.0,1.0,3,subject_12
-0.4483265302665725,1.0,0.0,1.0,0.0,0.0,1,subject_12
-0.4483265302665725,1.0,0.0,1.0,1.0,2.0,6,subject_12
-0.4483265302665725,1.0,0.0,1.0,1.0,1.0,5,subject_12
-0.4483265302665725,1.0,0.0,1.0,1.0,0.0,3,subject_12
-0.4483265302665725,1.0,0.0,2.0,0.0,2.0,2,subject_12
-0.4483265302665725,1.0,0.0,2.0,0.0,1.0,1,subject_12
-0.4483265302665725,1.0,0.0,2.0,0.0,0.0,1,subject_12
-0.4483265302665725,1.0,0.0,2.0,1.0,2.0,4,subject_12
-0.4483265302665725,1.0,0.0,2.0,1.0,1.0,2,subject_12
-0.4483265302665725,1.0,0.0,2.0,1.0,0.0,1,subject_12
-0.4483265302665725,1.0,0.0,0.0,0.0,2.0,6,subject_12
-0.4483265302665725,1.0,0.0,0.0,0.0,1.0,5,subject_12
-0.4483265302665725,1.0,0.0,0.0,0.0,0.0,4,subject_12
-0.4483265302665725,1.0,0.0,0.0,1.0,2.0,6,subject_12
-0.4483265302665725,1.0,0.0,0.0,1.0,1.0,6,subject_12
-0.4483265302665725,1.0,0.0,0.0,1.0,0.0,6,subject_12
1.3857365480966777,-1.0,2.0,1.0,0.0,2.0,1,subject_12
1.3857365480966777,-1.0,2.0,1.0,0.0,1.0,1,subject_12
1.3857365480966777,-1.0,2.0,1.0,0.0,0.0,1,subject_12
1.3857365480966777,-1.0,2.0,1.0,1.0,2.0,2,subject_12
1.3857365480966777,-1.0,2.0,1.0,1.0,1.0,1,subject_12
1.3857365480966777,-1.0,2.0,1.0,1.0,0.0,1,subject_12
1.3857365480966777,-1.0,2.0,2.0,0.0,2.0,1,subject_12
1.3857365480966777,-1.0,2.0,2.0,0.0,1.0,1,subject_12
1.3857365480966777,-1.0,2.0,2.0,0.0,0.0,1,subject_12
1.3857365480966777,-1.0,2.0,2.0,1.0,2.0,1,subject_12
1.3857365480966777,-1.0,2.0,2.0,1.0,1.0,1,subject_12
1.3857365480966777,-1.0,2.0,2.0,1.0,0.0,1,subject_12
1.3857365480966777,-1.0,2.0,0.0,0.0,2.0,2,subject_12
1.3857365480966777,-1.0,2.0,0.0,0.0,1.0,1,subject_12
1.3857365480966777,-1.0,2.0,0.0,0.0,0.0,1,subject_12
1.3857365480966777,-1.0,2.0,0.0,1.0,2.0,5,subject_12
1.3857365480966777,-1.0,2.0,0.0,1.0,1.0,3,subject_12
1.3857365480966777,-1.0,2.0,0.0,1.0,0.0,1,subject_12
1.3857365480966777,-1.0,1.0,1.0,0.0,2.0,1,subject_12
1.3857365480966777,-1.0,1.0,1.0,0.0,1.0,1,subject_12
1.3857365480966777,-1.0,1.0,1.0,0.0,0.0,1,subject_12
1.3857365480966777,-1.0,1.0,1.0,1.0,2.0,3,subject_12
1.3857365480966777,-1.0,1.0,1.0,1.0,1.0,1,subject_12
1.3857365480966777,-1.0,1.0,1.0,1.0,0.0,1,subject_12
1.3857365480966777,-1.0,1.0,2.0,0.0,2.0,1,subject_12
1.3857365480966777,-1.0,1.0,2.0,0.0,1.0,1,subject_12
1.3857365480966777,-1.0,1.0,2.0,0.0,0.0,1,subject_12
1.3857365480966777,-1.0,1.0,2.0,1.0,2.0,1,subject_12
1.3857365480966777,-1.0,1.0,2.0,1.0,1.0,1,subject_12
1.3857365480966777,-1.0,1.0,2.0,1.0,0.0,1,subject_12
1.3857365480966777,-1.0,1.0,0.0,0.0,2.0,3,subject_12
1.3857365480966777,-1.0,1.0,0.0,0.0,1.0,2,subject_12
1.3857365480966777,-1.0,1.0,0.0,0.0,0.0,1,subject_12
1.3857365480966777,-1.0,1.0,0.0,1.0,2.0,5,subject_12
1.3857365480966777,-1.0,1.0,0.0,1.0,1.0,4,subject_12
1.3857365480966777,-1.0,1.0,0.0,1.0,0.0,2,subject_12
1.3857365480966777,-1.0,0.0,1.0,0.0,2.0,2,subject_12
1.3857365480966777,-1.0,0.0,1.0,0.0,1.0,1,subject_12
1.3857365480966777,-1.0,0.0,1.0,0.0,0.0,1,subject_12
1.3857365480966777,-1.0,0.0,1.0,1.0,2.0,4,subject_12
1.3857365480966777,-1.0,0.0,1.0,1.0,1.0,2,subject_12
1.3857365480966777,-1.0,0.0,1.0,1.0,0.0,1,subject_12
1.3857365480966777,-1.0,0.0,2.0,0.0,2.0,1,subject_12
1.3857365480966777,-1.0,0.0,2.0,0.0,1.0,1,subject_12
1.3857365480966777,-1.0,0.0,2.0,0.0,0.0,1,subject_12
1.3857365480966777,-1.0,0.0,2.0,1.0,2.0,2,subject_12
1.3857365480966777,-1.0,0.0,2.0,1.0,1.0,1,subject_12
1.3857365480966777,-1.0,0.0,2.0,1.0,0.0,1,subject_12
1.3857365480966777,-1.0,0.0,0.0,0.0,2.0,5,subject_12
1.3857365480966777,-1.0,0.0,0.0,0.0,1.0,3,subject_12
1.3857365480966777,-1.0,0.0,0.0,0.0,0.0,1,subject_12
1.3857365480966777,-1.0,0.0,0.0,1.0,2.0,6,subject_12
1.3857365480966777,-1.0,0.0,0.0,1.0,1.0,5,subject_12
1.3857365480966777,-1.0,0.0,0.0,1.0,0.0,3,subject_12
1.3857365480966777,1.0,2.0,1.0,0.0,2.0,3,subject_12
1.3857365480966777,1.0,2.0,1.0,0.0,1.0,1,subject_12
1.3857365480966777,1.0,2.0,1.0,0.0,0.0,1,subject_12
1.3857365480966777,1.0,2.0,1.0,1.0,2.0,5,subject_12
1.3857365480966777,1.0,2.0,1.0,1.0,1.0,4,subject_12
1.3857365480966777,1.0,2.0,1.0,1.0,0.0,2,subject_12
1.3857365480966777,1.0,2.0,2.0,0.0,2.0,1,subject_12
1.3857365480966777,1.0,2.0,2.0,0.0,1.0,1,subject_12
1.3857365480966777,1.0,2.0,2.0,0.0,0.0,1,subject_12
1.3857365480966777,1.0,2.0,2.0,1.0,2.0,2,subject_12
1.3857365480966777,1.0,2.0,2.0,1.0,1.0,1,subject_12
1.3857365480966777,1.0,2.0,2.0,1.0,0.0,1,subject_12
1.3857365480966777,1.0,2.0,0.0,0.0,2.0,5,subject_12
1.3857365480966777,1.0,2.0,0.0,0.0,1.0,4,subject_12
1.3857365480966777,1.0,2.0,0.0,0.0,0.0,2,subject_12
1.3857365480966777,1.0,2.0,0.0,1.0,2.0,6,subject_12
1.3857365480966777,1.0,2.0,0.0,1.0,1.0,6,subject_12
1.3857365480966777,1.0,2.0,0.0,1.0,0.0,5,subject_12
1.3857365480966777,1.0,1.0,1.0,0.0,2.0,4,subject_12
1.3857365480966777,1.0,1.0,1.0,0.0,1.0,2,subject_12
1.3857365480966777,1.0,1.0,1.0,0.0,0.0,1,subject_12
1.3857365480966777,1.0,1.0,1.0,1.0,2.0,6,subject_12
1.3857365480966777,1.0,1.0,1.0,1.0,1.0,5,subject_12
1.3857365480966777,1.0,1.0,1.0,1.0,0.0,3,subject_12
1.3857365480966777,1.0,1.0,2.0,0.0,2.0,2,subject_12
1.3857365480966777,1.0,1.0,2.0,0.0,1.0,1,subject_12
1.3857365480966777,1.0,1.0,2.0,0.0,0.0,1,subject_12
1.3857365480966777,1.0,1.0,2.0,1.0,2.0,4,subject_12
1.3857365480966777,1.0,1.0,2.0,1.0,1.0,2,subject_12
1.3857365480966777,1.0,1.0,2.0,1.0,0.0,1,subject_12
1.3857365480966777,1.0,1.0,0.0,0.0,2.0,6,subject_12
1.3857365480966777,1.0,1.0,0.0,0.0,1.0,5,subject_12
1.3857365480966777,1.0,1.0,0.0,0.0,0.0,3,subject_12
1.3857365480966777,1.0,1.0,0.0,1.0,2.0,6,subject_12
1.3857365480966777,1.0,1.0,0.0,1.0,1.0,6,subject_12
1.3857365480966777,1.0,1.0,0.0,1.0,0.0,6,subject_12
1.3857365480966777,1.0,0.0,1.0,0.0,2.0,5,subject_12
1.3857365480966777,1.0,0.0,1.0,0.0,1.0,4,subject_12
1.3857365480966777,1.0,0.0,1.0,0.0,0.0,2,subject_12
1.3857365480966777,1.0,0.0,1.0,1.0,2.0,6,subject_12
1.3857365480966777,1.0,0.0,1.0,1.0,1.0,6,subject_12
1.3857365480966777,1.0,0.0,1.0,1.0,0.0,5,subject_12
1.3857365480966777,1.0,0.0,2.0,0.0,2.0,3,subject_12
1.3857365480966777,1.0,0.0,2.0,0.0,1.0,1,subject_12
1.3857365480966777,1.0,0.0,2.0,0.0,0.0,1,subject_12
1.3857365480966777,1.0,0.0,2.0,1.0,2.0,5,subject_12
1.3857365480966777,1.0,0.0,2.0,1.0,1.0,3,subject_12
1.3857365480966777,1.0,0.0,2.0,1.0,0.0,2,subject_12
1.3857365480966777,1.0,0.0,0.0,0.0,2.0,6,subject_12
1.3857365480966777,1.0,0.0,0.0,0.0,1.0,6,subject_12
1.3857365480966777,1.0,0.0,0.0,0.0,0.0,5,subject_12
1.3857365480966777,1.0,0.0,0.0,1.0,2.0,6,subject_12
1.3857365480966777,1.0,0.0,0.0,1.0,1.0,6,subject_12
1.3857365480966777,1.0,0.0,0.0,1.0,0.0,6,subject_12
-0.937410017830106,-1.0,2.0,1.0,0.0,2.0,1,subject_13
-0.937410017830106,-1.0,2.0,1.0,0.0,1.0,1,subject_13
-0.937410017830106,-1.0,2.0,1.0,0.0,0.0,1,subject_13
-0.937410017830106,-1.0,2.0,1.0,1.0,2.0,3,subject_13
-0.937410017830106,-1.0,2.0,1.0,1.0,1.0,1,subject_13
-0.937410017830106,-1.0,2.0,1.0,1.0,0.0,1,subject_13
-0.937410017830106,-1.0,2.0,2.0,0.0,2.0,1,subject_13
-0.937410017830106,-1.0,2.0,2.0,0.0,1.0,1,subject_13
-0.937410017830106,-1.0,2.0,2.0,0.0,0.0,1,subject_13
-0.937410017830106,-1.0,2.0,2.0,1.0,2.0,2,subject_13
-0.937410017830106,-1.0,2.0,2.0,1.0,1.0,1,subject_13
-0.937410017830106,-1.0,2.0,2.0,1.0,0.0,1,subject_13
-0.937410017830106,-1.0,2.0,0.0,0.0,2.0,3,subject_13
-0.937410017830106,-1.0,2.0,0.0,0.0,1.0,1,subject_13
-0.937410017830106,-1.0,2.0,0.0,0.0,0.0,1,subject_13
-0.937410017830106,-1.0,2.0,0.0,1.0,2.0,5,subject_13
-0.937410017830106,-1.0,2.0,0.0,1.0,1.0,2,subject_13
-0.937410017830106,-1.0,2.0,0.0,1.0,0.0,1,subject_13
-0.937410017830106,-1.0,1.0,1.0,0.0,2.0,4,subject_13
-0.937410017830106,-1.0,1.0,1.0,0.0,1.0,2,subject_13
-0.937410017830106,-1.0,1.0,1.0,0.0,0.0,1,subject_13
-0.937410017830106,-1.0,1.0,1.0,1.0,2.0,6,subject_13
-0.937410017830106,-1.0,1.0,1.0,1.0,1.0,4,subject_13
-0.937410017830106,-1.0,1.0,1.0,1.0,0.0,2,subject_13
-0.937410017830106,-1.0,1.0,2.0,0.0,2.0,2,subject_13
-0.937410017830106,-1.0,1.0,2.0,0.0,1.0,1,subject_13
-0.937410017830106,-1.0,1.0,2.0,0.0,0.0,1,subject_13
-0.937410017830106,-1.0,1.0,2.0,1.0,2.0,4,subject_13
-0.937410017830106,-1.0,1.0,2.0,1.0,1.0,2,subject_13
-0.937410017830106,-1.0,1.0,2.0,1.0,0.0,1,subject_13
-0.937410017830106,-1.0,1.0,0.0,0.0,2.0,5,subject_13
-0.937410017830106,-1.0,1.0,0.0,0.0,1.0,3,subject_13
-0.937410017830106,-1.0,1.0,0.0,0.0,0.0,1,subject_13
-0.937410017830106,-1.0,1.0,0.0,1.0,2.0,6,subject_13
-0.937410017830106,-1.0,1.0,0.0,1.0,1.0,5,subject_13
-0.937410017830106,-1.0,1.0,0.0,1.0,0.0,3,subject_13
-0.937410017830106,-1.0,0.0,1.0,0.0,2.0,6,subject_13
-0.937410017830106,-1.0,0.0,1.0,0.0,1.0,5,subject_13
-0.937410017830106,-1.0,0.0,1.0,0.0,0.0,2,subject_13
-0.937410017830106,-1.0,0.0,1.0,1.0,2.0,6,subject_13
-0.937410017830106,-1.0,0.0,1.0,1.0,1.0,6,subject_13
-0.937410017830106,-1.0,0.0,1.0,1.0,0.0,4,subject_13
-0.937410017830106,-1.0,0.0,2.0,0.0,2.0,5,subject_13
-0.937410017830106,-1.0,0.0,2.0,0.0,1.0,2,subject_13
-0.937410017830106,-1.0,0.0,2.0,0.0,0.0,1,subject_13
-0.937410017830106,-1.0,0.0,2.0,1.0,2.0,6,subject_13
-0.937410017830106,-1.0,0.0,2.0,1.0,1.0,5,subject_13
-0.937410017830106,-1.0,0.0,2.0,1.0,0.0,2,subject_13
-0.937410017830106,-1.0,0.0,0.0,0.0,2.0,6,subject_13
-0.937410017830106,-1.0,0.0,0.0,0.0,1.0,6,subject_13
-0.937410017830106,-1.0,0.0,0.0,0.0,0.0,4,subject_13
-0.937410017830106,-1.0,0.0,0.0,1.0,2.0,6,subject_13
-0.937410017830106,-1.0,0.0,0.0,1.0,1.0,6,subject_13
-0.937410017830106,-1.0,0.0,0.0,1.0,0.0,6,subject_13
-0.937410017830106,1.0,2.0,1.0,0.0,2.0,2,subject_13
-0.937410017830106,1.0,2.0,1.0,0.0,1.0,1,subject_13
-0.937410017830106,1.0,2.0,1.0,0.0,0.0,1,subject_13
-0.937410017830106,1.0,2.0,1.0,1.0,2.0,4,subject_13
-0.937410017830106,1.0,2.0,1.0,1.0,1.0,1,subject_13
-0.937410017830106,1.0,2.0,1.0,1.0,0.0,1,subject_13
-0.937410017830106,1.0,2.0,2.0,0.0,2.0,1,subject_13
-0.937410017830106,1.0,2.0,2.0,0.0,1.0,1,subject_13
-0.937410017830106,1.0,2.0,2.0,0.0,0.0,1,subject_13
-0.937410017830106,1.0,2.0,2.0,1.0,2.0,2,subject_13
-0.937410017830106,1.0,2.0,2.0,1.0,1.0,1,subject_13
-0.937410017830106,1.0,2.0,2.0,1.0,0.0,1,subject_13
-0.937410017830106,1.0,2.0,0.0,0.0,2.0,3,subject_13
-0.937410017830106,1.0,2.0,0.0,0.0,1.0,1,subject_13
-0.937410017830106,1.0,2.0,0.0,0.0,0.0,1,subject_13
-0.937410017830106,1.0,2.0,0.0,1.0,2.0,5,subject_13
-0.937410017830106,1.0,2.0,0.0,1.0,1.0,3,subject_13
-0.937410017830106,1.0,2.0,0.0,1.0,0.0,1,subject_13
-0.937410017830106,1.0,1.0,1.0,0.0,2.0,4,subject_13
-0.937410017830106,1.0,1.0,1.0,0.0,1.0,2,subject_13
-0.937410017830106,1.0,1.0,1.0,0.0,0.0,1,subject_13
-0.937410017830106,1.0,1.0,1.0,1.0,2.0,6,subject_13
-0.937410017830106,1.0,1.0,1.0,1.0,1.0,4,subject_13
-0.937410017830106,1.0,1.0,1.0,1.0,0.0,2,subject_13
-0.937410017830106,1.0,1.0,2.0,0.0,2.0,2,subject_13
-0.937410017830106,1.0,1.0,2.0,0.0,1.0,1,subject_13
-0.937410017830106,1.0,1.0,2.0,0.0,0.0,1,subject_13
-0.937410017830106,1.0,1.0,2.0,1.0,2.0,5,subject_13
-0.937410017830106,1.0,1.0,2.0,1.0,1.0,2,subject_13
-0.937410017830106,1.0,1.0,2.0,1.0,0.0,1,subject_13
-0.937410017830106,1.0,1.0,0.0,0.0,2.0,6,subject_13
-0.937410017830106,1.0,1.0,0.0,0.0,1.0,4,subject_13
-0.937410017830106,1.0,1.0,0.0,0.0,0.0,2,subject_13
-0.937410017830106,1.0,1.0,0.0,1.0,2.0,6,subject_13
-0.937410017830106,1.0,1.0,0.0,1.0,1.0,6,subject_13
-0.937410017830106,1.0,1.0,0.0,1.0,0.0,3,subject_13
-0.937410017830106,1.0,0.0,1.0,0.0,2.0,6,subject_13
-0.937410017830106,1.0,0.0,1.0,0.0,1.0,5,subject_13
-0.937410017830106,1.0,0.0,1.0,0.0,0.0,2,subject_13
-0.937410017830106,1.0,0.0,1.0,1.0,2.0,6,subject_13
-0.937410017830106,1.0,0.0,1.0,1.0,1.0,6,subject_13
-0.937410017830106,1.0,0.0,1.0,1.0,0.0,5,subject_13
-0.937410017830106,1.0,0.0,2.0,0.0,2.0,5,subject_13
-0.937410017830106,1.0,0.0,2.0,0.0,1.0,3,subject_13
-0.937410017830106,1.0,0.0,2.0,0.0,0.0,1,subject_13
-0.937410017830106,1.0,0.0,2.0,1.0,2.0,6,subject_13
-0.937410017830106,1.0,0.0,2.0,1.0,1.0,5,subject_13
-0.937410017830106,1.0,0.0,2.0,1.0,0.0,3,subject_13
-0.937410017830106,1.0,0.0,0.0,0.0,2.0,6,subject_13
-0.937410017830106,1.0,0.0,0.0,0.0,1.0,6,subject_13
-0.937410017830106,1.0,0.0,0.0,0.0,0.0,4,subject_13
-0.937410017830106,1.0,0.0,0.0,1.0,2.0,6,subject_13
-0.937410017830106,1.0,0.0,0.0,1.0,1.0,6,subject_13
-0.937410017830106,1.0,0.0,0.0,1.0,0.0,6,subject_13
-0.4483265302665725,-1.0,2.0,1.0,0.0,2.0,1,subject_13
-0.4483265302665725,-1.0,2.0,1.0,0.0,1.0,1,subject_13
-0.4483265302665725,-1.0,2.0,1.0,0.0,0.0,1,subject_13
-0.4483265302665725,-1.0,2.0,1.0,1.0,2.0,2,subject_13
-0.4483265302665725,-1.0,2.0,1.0,1.0,1.0,1,subject_13
-0.4483265302665725,-1.0,2.0,1.0,1.0,0.0,1,subject_13
-0.4483265302665725,-1.0,2.0,2.0,0.0,2.0,1,subject_13
-0.4483265302665725,-1.0,2.0,2.0,0.0,1.0,1,subject_13
-0.4483265302665725,-1.0,2.0,2.0,0.0,0.0,1,subject_13
-0.4483265302665725,-1.0,2.0,2.0,1.0,2.0,1,subject_13
-0.4483265302665725,-1.0,2.0,2.0,1.0,1.0,1,subject_13
-0.4483265302665725,-1.0,2.0,2.0,1.0,0.0,1,subject_13
-0.4483265302665725,-1.0,2.0,0.0,0.0,2.0,2,subject_13
-0.4483265302665725,-1.0,2.0,0.0,0.0,1.0,1,subject_13
-0.4483265302665725,-1.0,2.0,0.0,0.0,0.0,1,subject_13
-0.4483265302665725,-1.0,2.0,0.0,1.0,2.0,4,subject_13
-0.4483265302665725,-1.0,2.0,0.0,1.0,1.0,2,subject_13
-0.4483265302665725,-1.0,2.0,0.0,1.0,0.0,1,subject_13
-0.4483265302665725,-1.0,1.0,1.0,0.0,2.0,3,subject_13
-0.4483265302665725,-1.0,1.0,1.0,0.0,1.0,1,subject_13
-0.4483265302665725,-1.0,1.0,1.0,0.0,0.0,1,subject_13
-0.4483265302665725,-1.0,1.0,1.0,1.0,2.0,5,subject_13
-0.4483265302665725,-1.0,1.0,1.0,1.0,1.0,3,subject_13
-0.4483265302665725,-1.0,1.0,1.0,1.0,0.0,1,subject_13
-0.4483265302665725,-1.0,1.0,2.0,0.0,2.0,2,subject_13
-0.4483265302665725,-1.0,1.0,2.0,0.0,1.0,1,subject_13
-0.4483265302665725,-1.0,1.0,2.0,0.0,0.0,1,subject_13
-0.4483265302665725,-1.0,1.0,2.0,1.0,2.0,4,subject_13
-0.4483265302665725,-1.0,1.0,2.0,1.0,1.0,1,subject_13
-0.4483265302665725,-1.0,1.0,2.0,1.0,0.0,1,subject_13
-0.4483265302665725,-1.0,1.0,0.0,0.0,2.0,5,subject_13
-0.4483265302665725,-1.0,1.0,0.0,0.0,1.0,2,subject_13
-0.4483265302665725,-1.0,1.0,0.0,0.0,0.0,1,subject_13
-0.4483265302665725,-1.0,1.0,0.0,1.0,2.0,6,subject_13
-0.4483265302665725,-1.0,1.0,0.0,1.0,1.0,5,subject_13
-0.4483265302665725,-1.0,1.0,0.0,1.0,0.0,2,subject_13
-0.4483265302665725,-1.0,0.0,1.0,0.0,2.0,6,subject_13
-0.4483265302665725,-1.0,0.0,1.0,0.0,1.0,4,subject_13
-0.4483265302665725,-1.0,0.0,1.0,0.0,0.0,2,subject_13
-0.4483265302665725,-1.0,0.0,1.0,1.0,2.0,6,subject_13
-0.4483265302665725,-1.0,0.0,1.0,1.0,1.0,6,subject_13
-0.4483265302665725,-1.0,0.0,1.0,1.0,0.0,3,subject_13
-0.4483265302665725,-1.0,0.0,2.0,0.0,2.0,4,subject_13
-0.4483265302665725,-1.0,0.0,2.0,0.0,1.0,2,subject_13
-0.4483265302665725,-1.0,0.0,2.0,0.0,0.0,1,subject_13
-0.4483265302665725,-1.0,0.0,2.0,1.0,2.0,6,subject_13
-0.4483265302665725,-1.0,0.0,2.0,1.0,1.0,4,subject_13
-0.4483265302665725,-1.0,0.0,2.0,1.0,0.0,2,subject_13
-0.4483265302665725,-1.0,0.0,0.0,0.0,2.0,6,subject_13
-0.4483265302665725,-1.0,0.0,0.0,0.0,1.0,5,subject_13
-0.4483265302665725,-1.0,0.0,0.0,0.0,0.0,3,subject_13
-0.4483265302665725,-1.0,0.0,0.0,1.0,2.0,6,subject_13
-0.4483265302665725,-1.0,0.0,0.0,1.0,1.0,6,subject_13
-0.4483265302665725,-1.0,0.0,0.0,1.0,0.0,5,subject_13
-0.4483265302665725,1.0,2.0,1.0,0.0,2.0,2,subject_13
-0.4483265302665725,1.0,2.0,1.0,0.0,1.0,1,subject_13
-0.4483265302665725,1.0,2.0,1.0,0.0,0.0,1,subject_13
-0.4483265302665725,1.0,2.0,1.0,1.0,2.0,4,subject_13
-0.4483265302665725,1.0,2.0,1.0,1.0,1.0,2,subject_13
-0.4483265302665725,1.0,2.0,1.0,1.0,0.0,1,subject_13
-0.4483265302665725,1.0,2.0,2.0,0.0,2.0,1,subject_13
-0.4483265302665725,1.0,2.0,2.0,0.0,1.0,1,subject_13
-0.4483265302665725,1.0,2.0,2.0,0.0,0.0,1,subject_13
-0.4483265302665725,1.0,2.0,2.0,1.0,2.0,2,subject_13
-0.4483265302665725,1.0,2.0,2.0,1.0,1.0,1,subject_13
-0.4483265302665725,1.0,2.0,2.0,1.0,0.0,1,subject_13
-0.4483265302665725,1.0,2.0,0.0,0.0,2.0,3,subject_13
-0.4483265302665725,1.0,2.0,0.0,0.0,1.0,1,subject_13
-0.4483265302665725,1.0,2.0,0.0,0.0,0.0,1,subject_13
-0.4483265302665725,1.0,2.0,0.0,1.0,2.0,5,subject_13
-0.4483265302665725,1.0,2.0,0.0,1.0,1.0,3,subject_13
-0.4483265302665725,1.0,2.0,0.0,1.0,0.0,1,subject_13
-0.4483265302665725,1.0,1.0,1.0,0.0,2.0,5,subject_13
-0.4483265302665725,1.0,1.0,1.0,0.0,1.0,2,subject_13
-0.4483265302665725,1.0,1.0,1.0,0.0,0.0,1,subject_13
-0.4483265302665725,1.0,1.0,1.0,1.0,2.0,6,subject_13
-0.4483265302665725,1.0,1.0,1.0,1.0,1.0,4,subject_13
-0.4483265302665725,1.0,1.0,1.0,1.0,0.0,2,subject_13
-0.4483265302665725,1.0,1.0,2.0,0.0,2.0,3,subject_13
-0.4483265302665725,1.0,1.0,2.0,0.0,1.0,1,subject_13
-0.4483265302665725,1.0,1.0,2.0,0.0,0.0,1,subject_13
-0.4483265302665725,1.0,1.0,2.0,1.0,2.0,5,subject_13
-0.4483265302665725,1.0,1.0,2.0,1.0,1.0,2,subject_13
-0.4483265302665725,1.0,1.0,2.0,1.0,0.0,1,subject_13
-0.4483265302665725,1.0,1.0,0.0,0.0,2.0,6,subject_13
-0.4483265302665725,1.0,1.0,0.0,0.0,1.0,4,subject_13
-0.4483265302665725,1.0,1.0,0.0,0.0,0.0,2,subject_13
-0.4483265302665725,1.0,1.0,0.0,1.0,2.0,6,subject_13
-0.4483265302665725,1.0,1.0,0.0,1.0,1.0,6,subject_13
-0.4483265302665725,1.0,1.0,0.0,1.0,0.0,4,subject_13
-0.4483265302665725,1.0,0.0,1.0,0.0,2.0,6,subject_13
-0.4483265302665725,1.0,0.0,1.0,0.0,1.0,5,subject_13
-0.4483265302665725,1.0,0.0,1.0,0.0,0.0,3,subject_13
-0.4483265302665725,1.0,0.0,1.0,1.0,2.0,6,subject_13
-0.4483265302665725,1.0,0.0,1.0,1.0,1.0,6,subject_13
-0.4483265302665725,1.0,0.0,1.0,1.0,0.0,5,subject_13
-0.4483265302665725,1.0,0.0,2.0,0.0,2.0,5,subject_13
-0.4483265302665725,1.0,0.0,2.0,0.0,1.0,3,subject_13
-0.4483265302665725,1.0,0.0,2.0,0.0,0.0,1,subject_13
-0.4483265302665725,1.0,0.0,2.0,1.0,2.0,6,subject_13
-0.4483265302665725,1.0,0.0,2.0,1.0,1.0,5,subject_13
-0.4483265302665725,1.0,0.0,2.0,1.0,0.0,3,subject_13
-0.4483265302665725,1.0,0.0,0.0,0.0,2.0,6,subject_13
-0.4483265302665725,1.0,0.0,0.0,0.0,1.0,6,subject_13
-0.4483265302665725,1.0,0.0,0.0,0.0,0.0,5,subject_13
-0.4483265302665725,1.0,0.0,0.0,1.0,2.0,6,subject_13
-0.4483265302665725,1.0,0.0,0.0,1.0,1.0,6,subject_13
-0.4483265302665725,1.0,0.0,0.0,1.0,0.0,6,subject_13
1.3857365480966777,-1.0,2.0,1.0,0.0,2.0,1,subject_13
1.3857365480966777,-1.0,2.0,1.0,0.0,1.0,1,subject_13
1.3857365480966777,-1.0,2.0,1.0,0.0,0.0,1,subject_13
1.3857365480966777,-1.0,2.0,1.0,1.0,2.0,1,subject_13
1.3857365480966777,-1.0,2.0,1.0,1.0,1.0,1,subject_13
1.3857365480966777,-1.0,2.0,1.0,1.0,0.0,1,subject_13
1.3857365480966777,-1.0,2.0,2.0,0.0,2.0,1,subject_13
1.3857365480966777,-1.0,2.0,2.0,0.0,1.0,1,subject_13
1.3857365480966777,-1.0,2.0,2.0,0.0,0.0,1,subject_13
1.3857365480966777,-1.0,2.0,2.0,1.0,2.0,1,subject_13
1.3857365480966777,-1.0,2.0,2.0,1.0,1.0,1,subject_13
1.3857365480966777,-1.0,2.0,2.0,1.0,0.0,1,subject_13
1.3857365480966777,-1.0,2.0,0.0,0.0,2.0,1,subject_13
1.3857365480966777,-1.0,2.0,0.0,0.0,1.0,1,subject_13
1.3857365480966777,-1.0,2.0,0.0,0.0,0.0,1,subject_13
1.3857365480966777,-1.0,2.0,0.0,1.0,2.0,1,subject_13
1.3857365480966777,-1.0,2.0,0.0,1.0,1.0,1,subject_13
1.3857365480966777,-1.0,2.0,0.0,1.0,0.0,1,subject_13
1.3857365480966777,-1.0,1.0,1.0,0.0,2.0,1,subject_13
1.3857365480966777,-1.0,1.0,1.0,0.0,1.0,1,subject_13
1.3857365480966777,-1.0,1.0,1.0,0.0,0.0,1,subject_13
1.3857365480966777,-1.0,1.0,1.0,1.0,2.0,2,subject_13
1.3857365480966777,-1.0,1.0,1.0,1.0,1.0,1,subject_13
1.3857365480966777,-1.0,1.0,1.0,1.0,0.0,1,subject_13
1.3857365480966777,-1.0,1.0,2.0,0.0,2.0,1,subject_13
1.3857365480966777,-1.0,1.0,2.0,0.0,1.0,1,subject_13
1.3857365480966777,-1.0,1.0,2.0,0.0,0.0,1,subject_13
1.3857365480966777,-1.0,1.0,2.0,1.0,2.0,1,subject_13
1.3857365480966777,-1.0,1.0,2.0,1.0,1.0,1,subject_13
1.3857365480966777,-1.0,1.0,2.0,1.0,0.0,1,subject_13
1.3857365480966777,-1.0,1.0,0.0,0.0,2.0,2,subject_13
1.3857365480966777,-1.0,1.0,0.0,0.0,1.0,1,subject_13
1.3857365480966777,-1.0,1.0,0.0,0.0,0.0,1,subject_13
1.3857365480966777,-1.0,1.0,0.0,1.0,2.0,4,subject_13
1.3857365480966777,-1.0,1.0,0.0,1.0,1.0,2,subject_13
1.3857365480966777,-1.0,1.0,0.0,1.0,0.0,1,subject_13
1.3857365480966777,-1.0,0.0,1.0,0.0,2.0,3,subject_13
1.3857365480966777,-1.0,0.0,1.0,0.0,1.0,1,subject_13
1.3857365480966777,-1.0,0.0,1.0,0.0,0.0,1,subject_13
1.3857365480966777,-1.0,0.0,1.0,1.0,2.0,5,subject_13
1.3857365480966777,-1.0,0.0,1.0,1.0,1.0,3,subject_13
1.3857365480966777,-1.0,0.0,1.0,1.0,0.0,1,subject_13
1.3857365480966777,-1.0,0.0,2.0,0.0,2.0,2,subject_13
1.3857365480966777,-1.0,0.0,2.0,0.0,1.0,1,subject_13
1.3857365480966777,-1.0,0.0,2.0,0.0,0.0,1,subject_13
1.3857365480966777,-1.0,0.0,2.0,1.0,2.0,4,subject_13
1.3857365480966777,-1.0,0.0,2.0,1.0,1.0,2,subject_13
1.3857365480966777,-1.0,0.0,2.0,1.0,0.0,1,subject_13
1.3857365480966777,-1.0,0.0,0.0,0.0,2.0,5,subject_13
1.3857365480966777,-1.0,0.0,0.0,0.0,1.0,3,subject_13
1.3857365480966777,-1.0,0.0,0.0,0.0,0.0,1,subject_13
1.3857365480966777,-1.0,0.0,0.0,1.0,2.0,6,subject_13
1.3857365480966777,-1.0,0.0,0.0,1.0,1.0,5,subject_13
1.3857365480966777,-1.0,0.0,0.0,1.0,0.0,2,subject_13
1.3857365480966777,1.0,2.0,1.0,0.0,2.0,2,subject_13
1.3857365480966777,1.0,2.0,1.0,0.0,1.0,1,subject_13
1.3857365480966777,1.0,2.0,1.0,0.0,0.0,1,subject_13
1.3857365480966777,1.0,2.0,1.0,1.0,2.0,4,subject_13
1.3857365480966777,1.0,2.0,1.0,1.0,1.0,2,subject_13
1.3857365480966777,1.0,2.0,1.0,1.0,0.0,1,subject_13
1.3857365480966777,1.0,2.0,2.0,0.0,2.0,1,subject_13
1.3857365480966777,1.0,2.0,2.0,0.0,1.0,1,subject_13
1.3857365480966777,1.0,2.0,2.0,0.0,0.0,1,subject_13
1.3857365480966777,1.0,2.0,2.0,1.0,2.0,2,subject_13
1.3857365480966777,1.0,2.0,2.0,1.0,1.0,1,subject_13
1.3857365480966777,1.0,2.0,2.0,1.0,0.0,1,subject_13
1.3857365480966777,1.0,2.0,0.0,0.0,2.0,4,subject_13
1.3857365480966777,1.0,2.0,0.0,0.0,1.0,2,subject_13
1.3857365480966777,1.0,2.0,0.0,0.0,0.0,1,subject_13
1.3857365480966777,1.0,2.0,0.0,1.0,2.0,6,subject_13
1.3857365480966777,1.0,2.0,0.0,1.0,1.0,4,subject_13
1.3857365480966777,1.0,2.0,0.0,1.0,0.0,1,subject_13
1.3857365480966777,1.0,1.0,1.0,0.0,2.0,5,subject_13
1.3857365480966777,1.0,1.0,1.0,0.0,1.0,3,subject_13
1.3857365480966777,1.0,1.0,1.0,0.0,0.0,1,subject_13
1.3857365480966777,1.0,1.0,1.0,1.0,2.0,6,subject_13
1.3857365480966777,1.0,1.0,1.0,1.0,1.0,5,subject_13
1.3857365480966777,1.0,1.0,1.0,1.0,0.0,2,subject_13
1.3857365480966777,1.0,1.0,2.0,0.0,2.0,3,subject_13
1.3857365480966777,1.0,1.0,2.0,0.0,1.0,1,subject_13
1.3857365480966777,1.0,1.0,2.0,0.0,0.0,1,subject_13
1.3857365480966777,1.0,1.0,2.0,1.0,2.0,5,subject_13
1.3857365480966777,1.0,1.0,2.0,1.0,1.0,3,subject_13
1.3857365480966777,1.0,1.0,2.0,1.0,0.0,1,subject_13
1.3857365480966777,1.0,1.0,0.0,0.0,2.0,6,subject_13
1.3857365480966777,1.0,1.0,0.0,0.0,1.0,5,subject_13
1.3857365480966777,1.0,1.0,0.0,0.0,0.0,2,subject_13
1.3857365480966777,1.0,1.0,0.0,1.0,2.0,6,subject_13
1.3857365480966777,1.0,1.0,0.0,1.0,1.0,6,subject_13
1.3857365480966777,1.0,1.0,0.0,1.0,0.0,4,subject_13
1.3857365480966777,1.0,0.0,1.0,0.0,2.0,6,subject_13
1.3857365480966777,1.0,0.0,1.0,0.0,1.0,5,subject_13
1.3857365480966777,1.0,0.0,1.0,0.0,0.0,3,subject_13
1.3857365480966777,1.0,0.0,1.0,1.0,2.0,6,subject_13
1.3857365480966777,1.0,0.0,1.0,1.0,1.0,6,subject_13
1.3857365480966777,1.0,0.0,1.0,1.0,0.0,5,subject_13
1.3857365480966777,1.0,0.0,2.0,0.0,2.0,6,subject_13
1.3857365480966777,1.0,0.0,2.0,0.0,1.0,4,subject_13
1.3857365480966777,1.0,0.0,2.0,0.0,0.0,2,subject_13
1.3857365480966777,1.0,0.0,2.0,1.0,2.0,6,subject_13
1.3857365480966777,1.0,0.0,2.0,1.0,1.0,6,subject_13
1.3857365480966777,1.0,0.0,2.0,1.0,0.0,4,subject_13
1.3857365480966777,1.0,0.0,0.0,0.0,2.0,6,subject_13
1.3857365480966777,1.0,0.0,0.0,0.0,1.0,6,subject_13
1.3857365480966777,1.0,0.0,0.0,0.0,0.0,5,subject_13
1.3857365480966777,1.0,0.0,0.0,1.0,2.0,6,subject_13
1.3857365480966777,1.0,0.0,0.0,1.0,1.0,6,subject_13
1.3857365480966777,1.0,0.0,0.0,1.0,0.0,6,subject_13
-0.937410017830106,-1.0,2.0,1.0,0.0,2.0,2,subject_14
-0.937410017830106,-1.0,2.0,1.0,0.0,1.0,1,subject_14
-0.937410017830106,-1.0,2.0,1.0,0.0,0.0,1,subject_14
-0.937410017830106,-1.0,2.0,1.0,1.0,2.0,5,subject_14
-0.937410017830106,-1.0,2.0,1.0,1.0,1.0,3,subject_14
-0.937410017830106,-1.0,2.0,1.0,1.0,0.0,2,subject_14
-0.937410017830106,-1.0,2.0,2.0,0.0,2.0,1,subject_14
-0.937410017830106,-1.0,2.0,2.0,0.0,1.0,1,subject_14
-0.937410017830106,-1.0,2.0,2.0,0.0,0.0,1,subject_14
-0.937410017830106,-1.0,2.0,2.0,1.0,2.0,2,subject_14
-0.937410017830106,-1.0,2.0,2.0,1.0,1.0,1,subject_14
-0.937410017830106,-1.0,2.0,2.0,1.0,0.0,1,subject_14
-0.937410017830106,-1.0,2.0,0.0,0.0,2.0,5,subject_14
-0.937410017830106,-1.0,2.0,0.0,0.0,1.0,3,subject_14
-0.937410017830106,-1.0,2.0,0.0,0.0,0.0,2,subject_14
-0.937410017830106,-1.0,2.0,0.0,1.0,2.0,6,subject_14
-0.937410017830106,-1.0,2.0,0.0,1.0,1.0,5,subject_14
-0.937410017830106,-1.0,2.0,0.0,1.0,0.0,4,subject_14
-0.937410017830106,-1.0,1.0,1.0,0.0,2.0,4,subject_14
-0.937410017830106,-1.0,1.0,1.0,0.0,1.0,3,subject_14
-0.937410017830106,-1.0,1.0,1.0,0.0,0.0,1,subject_14
-0.937410017830106,-1.0,1.0,1.0,1.0,2.0,6,subject_14
-0.937410017830106,-1.0,1.0,1.0,1.0,1.0,5,subject_14
-0.937410017830106,-1.0,1.0,1.0,1.0,0.0,3,subject_14
-0.937410017830106,-1.0,1.0,2.0,0.0,2.0,2,subject_14
-0.937410017830106,-1.0,1.0,2.0,0.0,1.0,1,subject_14
-0.937410017830106,-1.0,1.0,2.0,0.0,0.0,1,subject_14
-0.937410017830106,-1.0,1.0,2.0,1.0,2.0,4,subject_14
-0.937410017830106,-1.0,1.0,2.0,1.0,1.0,2,subject_14
-0.937410017830106,-1.0,1.0,2.0,1.0,0.0,1,subject_14
-0.937410017830106,-1.0,1.0,0.0,0.0,2.0,6,subject_14
-0.937410017830106,-1.0,1.0,0.0,0.0,1.0,5,subject_14
-0.937410017830106,-1.0,1.0,0.0,0.0,0.0,4,subject_14
-0.937410017830106,-1.0,1.0,0.0,1.0,2.0,6,subject_14
-0.937410017830106,-1.0,1.0,0.0,1.0,1.0,6,subject_14
-0.937410017830106,-1.0,1.0,0.0,1.0,0.0,6,subject_14
-0.937410017830106,-1.0,0.0,1.0,0.0,2.0,6,subject_14
-0.937410017830106,-1.0,0.0,1.0,0.0,1.0,5,subject_14
-0.937410017830106,-1.0,0.0,1.0,0.0,0.0,3,subject_14
-0.937410017830106,-1.0,0.0,1.0,1.0,2.0,6,subject_14
-0.937410017830106,-1.0,0.0,1.0,1.0,1.0,6,subject_14
-0.937410017830106,-1.0,0.0,1.0,1.0,0.0,5,subject_14
-0.937410017830106,-1.0,0.0,2.0,0.0,2.0,4,subject_14
-0.937410017830106,-1.0,0.0,2.0,0.0,1.0,2,subject_14
-0.937410017830106,-1.0,0.0,2.0,0.0,0.0,1,subject_14
-0.937410017830106,-1.0,0.0,2.0,1.0,2.0,6,subject_14
-0.937410017830106,-1.0,0.0,2.0,1.0,1.0,4,subject_14
-0.937410017830106,-1.0,0.0,2.0,1.0,0.0,3,subject_14
-0.937410017830106,-1.0,0.0,0.0,0.0,2.0,6,subject_14
-0.937410017830106,-1.0,0.0,0.0,0.0,1.0,6,subject_14
-0.937410017830106,-1.0,0.0,0.0,0.0,0.0,5,subject_14
-0.937410017830106,-1.0,0.0,0.0,1.0,2.0,6,subject_14
-0.937410017830106,-1.0,0.0,0.0,1.0,1.0,6,subject_14
-0.937410017830106,-1.0,0.0,0.0,1.0,0.0,6,subject_14
-0.937410017830106,1.0,2.0,1.0,0.0,2.0,1,subject_14
-0.937410017830106,1.0,2.0,1.0,0.0,1.0,1,subject_14
-0.937410017830106,1.0,2.0,1.0,0.0,0.0,1,subject_14
-0.937410017830106,1.0,2.0,1.0,1.0,2.0,2,subject_14
-0.937410017830106,1.0,2.0,1.0,1.0,1.0,1,subject_14
-0.937410017830106,1.0,2.0,1.0,1.0,0.0,1,subject_14
-0.937410017830106,1.0,2.0,2.0,0.0,2.0,1,subject_14
-0.937410017830106,1.0,2.0,2.0,0.0,1.0,1,subject_14
-0.937410017830106,1.0,2.0,2.0,0.0,0.0,1,subject_14
-0.937410017830106,1.0,2.0,2.0,1.0,2.0,1,subject_14
-0.937410017830106,1.0,2.0,2.0,1.0,1.0,1,subject_14
-0.937410017830106,1.0,2.0,2.0,1.0,0.0,1,subject_14
-0.937410017830106,1.0,2.0,0.0,0.0,2.0,3,subject_14
-0.937410017830106,1.0,2.0,0.0,0.0,1.0,1,subject_14
-0.937410017830106,1.0,2.0,0.0,0.0,0.0,1,subject_14
-0.937410017830106,1.0,2.0,0.0,1.0,2.0,5,subject_14
-0.937410017830106,1.0,2.0,0.0,1.0,1.0,3,subject_14
-0.937410017830106,1.0,2.0,0.0,1.0,0.0,2,subject_14
-0.937410017830106,1.0,1.0,1.0,0.0,2.0,2,subject_14
-0.937410017830106,1.0,1.0,1.0,0.0,1.0,1,subject_14
-0.937410017830106,1.0,1.0,1.0,0.0,0.0,1,subject_14
-0.937410017830106,1.0,1.0,1.0,1.0,2.0,4,subject_14
-0.937410017830106,1.0,1.0,1.0,1.0,1.0,3,subject_14
-0.937410017830106,1.0,1.0,1.0,1.0,0.0,1,subject_14
-0.937410017830106,1.0,1.0,2.0,0.0,2.0,1,subject_14
-0.937410017830106,1.0,1.0,2.0,0.0,1.0,1,subject_14
-0.937410017830106,1.0,1.0,2.0,0.0,0.0,1,subject_14
-0.937410017830106,1.0,1.0,2.0,1.0,2.0,2,subject_14
-0.937410017830106,1.0,1.0,2.0,1.0,1.0,1,subject_14
-0.937410017830106,1.0,1.0,2.0,1.0,0.0,1,subject_14
-0.937410017830106,1.0,1.0,0.0,0.0,2.0,5,subject_14
-0.937410017830106,1.0,1.0,0.0,0.0,1.0,3,subject_14
-0.937410017830106,1.0,1.0,0.0,0.0,0.0,2,subject_14
-0.937410017830106,1.0,1.0,0.0,1.0,2.0,6,subject_14
-0.937410017830106,1.0,1.0,0.0,1.0,1.0,5,subject_14
-0.937410017830106,1.0,1.0,0.0,1.0,0.0,4,subject_14
-0.937410017830106,1.0,0.0,1.0,0.0,2.0,4,subject_14
-0.937410017830106,1.0,0.0,1.0,0.0,1.0,2,subject_14
-0.937410017830106,1.0,0.0,1.0,0.0,0.0,1,subject_14
-0.937410017830106,1.0,0.0,1.0,1.0,2.0,6,subject_14
-0.937410017830106,1.0,0.0,1.0,1.0,1.0,5,subject_14
-0.937410017830106,1.0,0.0,1.0,1.0,0.0,3,subject_14
-0.937410017830106,1.0,0.0,2.0,0.0,2.0,2,subject_14
-0.937410017830106,1.0,0.0,2.0,0.0,1.0,1,subject_14
-0.937410017830106,1.0,0.0,2.0,0.0,0.0,1,subject_14
-0.937410017830106,1.0,0.0,2.0,1.0,2.0,4,subject_14
-0.937410017830106,1.0,0.0,2.0,1.0,1.0,2,subject_14
-0.937410017830106,1.0,0.0,2.0,1.0,0.0,1,subject_14
-0.937410017830106,1.0,0.0,0.0,0.0,2.0,6,subject_14
-0.937410017830106,1.0,0.0,0.0,0.0,1.0,5,subject_14
-0.937410017830106,1.0,0.0,0.0,0.0,0.0,3,subject_14
-0.937410017830106,1.0,0.0,0.0,1.0,2.0,6,subject_14
-0.937410017830106,1.0,0.0,0.0,1.0,1.0,6,subject_14
-0.937410017830106,1.0,0.0,0.0,1.0,0.0,5,subject_14
-0.4483265302665725,-1.0,2.0,1.0,0.0,2.0,2,subject_14
-0.4483265302665725,-1.0,2.0,1.0,0.0,1.0,1,subject_14
-0.4483265302665725,-1.0,2.0,1.0,0.0,0.0,1,subject_14
-0.4483265302665725,-1.0,2.0,1.0,1.0,2.0,4,subject_14
-0.4483265302665725,-1.0,2.0,1.0,1.0,1.0,2,subject_14
-0.4483265302665725,-1.0,2.0,1.0,1.0,0.0,1,subject_14
-0.4483265302665725,-1.0,2.0,2.0,0.0,2.0,1,subject_14
-0.4483265302665725,-1.0,2.0,2.0,0.0,1.0,1,subject_14
-0.4483265302665725,-1.0,2.0,2.0,0.0,0.0,1,subject_14
-0.4483265302665725,-1.0,2.0,2.0,1.0,2.0,1,subject_14
-0.4483265302665725,-1.0,2.0,2.0,1.0,1.0,1,subject_14
-0.4483265302665725,-1.0,2.0,2.0,1.0,0.0,1,subject_14
-0.4483265302665725,-1.0,2.0,0.0,0.0,2.0,4,subject_14
-0.4483265302665725,-1.0,2.0,0.0,0.0,1.0,2,subject_14
-0.4483265302665725,-1.0,2.0,0.0,0.0,0.0,1,subject_14
-0.4483265302665725,-1.0,2.0,0.0,1.0,2.0,6,subject_14
-0.4483265302665725,-1.0,2.0,0.0,1.0,1.0,5,subject_14
-0.4483265302665725,-1.0,2.0,0.0,1.0,0.0,3,subject_14
-0.4483265302665725,-1.0,1.0,1.0,0.0,2.0,3,subject_14
-0.4483265302665725,-1.0,1.0,1.0,0.0,1.0,2,subject_14
-0.4483265302665725,-1.0,1.0,1.0,0.0,0.0,1,subject_14
-0.4483265302665725,-1.0,1.0,1.0,1.0,2.0,5,subject_14
-0.4483265302665725,-1.0,1.0,1.0,1.0,1.0,4,subject_14
-0.4483265302665725,-1.0,1.0,1.0,1.0,0.0,2,subject_14
-0.4483265302665725,-1.0,1.0,2.0,0.0,2.0,1,subject_14
-0.4483265302665725,-1.0,1.0,2.0,0.0,1.0,1,subject_14
-0.4483265302665725,-1.0,1.0,2.0,0.0,0.0,1,subject_14
-0.4483265302665725,-1.0,1.0,2.0,1.0,2.0,3,subject_14
-0.4483265302665725,-1.0,1.0,2.0,1.0,1.0,2,subject_14
-0.4483265302665725,-1.0,1.0,2.0,1.0,0.0,1,subject_14
-0.4483265302665725,-1.0,1.0,0.0,0.0,2.0,6,subject_14
-0.4483265302665725,-1.0,1.0,0.0,0.0,1.0,4,subject_14
-0.4483265302665725,-1.0,1.0,0.0,0.0,0.0,3,subject_14
-0.4483265302665725,-1.0,1.0,0.0,1.0,2.0,6,subject_14
-0.4483265302665725,-1.0,1.0,0.0,1.0,1.0,6,subject_14
-0.4483265302665725,-1.0,1.0,0.0,1.0,0.0,5,subject_14
-0.4483265302665725,-1.0,0.0,1.0,0.0,2.0,5,subject_14
-0.4483265302665725,-1.0,0.0,1.0,0.0,1.0,4,subject_14
-0.4483265302665725,-1.0,0.0,1.0,0.0,0.0,2,subject_14
-0.4483265302665725,-1.0,0.0,1.0,1.0,2.0,6,subject_14
-0.4483265302665725,-1.0,0.0,1.0,1.0,1.0,6,subject_14
-0.4483265302665725,-1.0,0.0,1.0,1.0,0.0,4,subject_14
-0.4483265302665725,-1.0,0.0,2.0,0.0,2.0,3,subject_14
-0.4483265302665725,-1.0,0.0,2.0,0.0,1.0,1,subject_14
-0.4483265302665725,-1.0,0.0,2.0,0.0,0.0,1,subject_14
-0.4483265302665725,-1.0,0.0,2.0,1.0,2.0,5,subject_14
-0.4483265302665725,-1.0,0.0,2.0,1.0,1.0,3,subject_14
-0.4483265302665725,-1.0,0.0,2.0,1.0,0.0,2,subject_14
-0.4483265302665725,-1.0,0.0,0.0,0.0,2.0,6,subject_14
-0.4483265302665725,-1.0,0.0,0.0,0.0,1.0,6,subject_14
-0.4483265302665725,-1.0,0.0,0.0,0.0,0.0,5,subject_14
-0.4483265302665725,-1.0,0.0,0.0,1.0,2.0,6,subject_14
-0.4483265302665725,-1.0,0.0,0.0,1.0,1.0,6,subject_14
-0.4483265302665725,-1.0,0.0,0.0,1.0,0.0,6,subject_14
-0.4483265302665725,1.0,2.0,1.0,0.0,2.0,1,subject_14
-0.4483265302665725,1.0,2.0,1.0,0.0,1.0,1,subject_14
-0.4483265302665725,1.0,2.0,1.0,0.0,0.0,1,subject_14
-0.4483265302665725,1.0,2.0,1.0,1.0,2.0,2,subject_14
-0.4483265302665725,1.0,2.0,1.0,1.0,1.0,1,subject_14
-0.4483265302665725,1.0,2.0,1.0,1.0,0.0,1,subject_14
-0.4483265302665725,1.0,2.0,2.0,0.0,2.0,1,subject_14
-0.4483265302665725,1.0,2.0,2.0,0.0,1.0,1,subject_14
-0.4483265302665725,1.0,2.0,2.0,0.0,0.0,1,subject_14
-0.4483265302665725,1.0,2.0,2.0,1.0,2.0,1,subject_14
-0.4483265302665725,1.0,2.0,2.0,1.0,1.0,1,subject_14
-0.4483265302665725,1.0,2.0,2.0,1.0,0.0,1,subject_14
-0.4483265302665725,1.0,2.0,0.0,0.0,2.0,3,subject_14
-0.4483265302665725,1.0,2.0,0.0,0.0,1.0,1,subject_14
-0.4483265302665725,1.0,2.0,0.0,0.0,0.0,1,subject_14
-0.4483265302665725,1.0,2.0,0.0,1.0,2.0,5,subject_14
-0.4483265302665725,1.0,2.0,0.0,1.0,1.0,3,subject_14
-0.4483265302665725,1.0,2.0,0.0,1.0,0.0,2,subject_14
-0.4483265302665725,1.0,1.0,1.0,0.0,2.0,2,subject_14
-0.4483265302665725,1.0,1.0,1.0,0.0,1.0,1,subject_14
-0.4483265302665725,1.0,1.0,1.0,0.0,0.0,1,subject_14
-0.4483265302665725,1.0,1.0,1.0,1.0,2.0,4,subject_14
-0.4483265302665725,1.0,1.0,1.0,1.0,1.0,2,subject_14
-0.4483265302665725,1.0,1.0,1.0,1.0,0.0,1,subject_14
-0.4483265302665725,1.0,1.0,2.0,0.0,2.0,1,subject_14
-0.4483265302665725,1.0,1.0,2.0,0.0,1.0,1,subject_14
-0.4483265302665725,1.0,1.0,2.0,0.0,0.0,1,subject_14
-0.4483265302665725,1.0,1.0,2.0,1.0,2.0,2,subject_14
-0.4483265302665725,1.0,1.0,2.0,1.0,1.0,1,subject_14
-0.4483265302665725,1.0,1.0,2.0,1.0,0.0,1,subject_14
-0.4483265302665725,1.0,1.0,0.0,0.0,2.0,5,subject_14
-0.4483265302665725,1.0,1.0,0.0,0.0,1.0,3,subject_14
-0.4483265302665725,1.0,1.0,0.0,0.0,0.0,2,subject_14
-0.4483265302665725,1.0,1.0,0.0,1.0,2.0,6,subject_14
-0.4483265302665725,1.0,1.0,0.0,1.0,1.0,5,subject_14
-0.4483265302665725,1.0,1.0,0.0,1.0,0.0,3,subject_14
-0.4483265302665725,1.0,0.0,1.0,0.0,2.0,4,subject_14
-0.4483265302665725,1.0,0.0,1.0,0.0,1.0,2,subject_14
-0.4483265302665725,1.0,0.0,1.0,0.0,0.0,1,subject_14
-0.4483265302665725,1.0,0.0,1.0,1.0,2.0,6,subject_14
-0.4483265302665725,1.0,0.0,1.0,1.0,1.0,5,subject_14
-0.4483265302665725,1.0,0.0,1.0,1.0,0.0,3,subject_14
-0.4483265302665725,1.0,0.0,2.0,0.0,2.0,2,subject_14
-0.4483265302665725,1.0,0.0,2.0,0.0,1.0,1,subject_14
-0.4483265302665725,1.0,0.0,2.0,0.0,0.0,1,subject_14
-0.4483265302665725,1.0,0.0,2.0,1.0,2.0,4,subject_14
-0.4483265302665725,1.0,0.0,2.0,1.0,1.0,2,subject_14
-0.4483265302665725,1.0,0.0,2.0,1.0,0.0,1,subject_14
-0.4483265302665725,1.0,0.0,0.0,0.0,2.0,6,subject_14
-0.4483265302665725,1.0,0.0,0.0,0.0,1.0,5,subject_14
-0.4483265302665725,1.0,0.0,0.0,0.0,0.0,3,subject_14
-0.4483265302665725,1.0,0.0,0.0,1.0,2.0,6,subject_14
-0.4483265302665725,1.0,0.0,0.0,1.0,1.0,6,subject_14
-0.4483265302665725,1.0,0.0,0.0,1.0,0.0,5,subject_14
1.3857365480966777,-1.0,2.0,1.0,0.0,2.0,1,subject_14
1.3857365480966777,-1.0,2.0,1.0,0.0,1.0,1,subject_14
1.3857365480966777,-1.0,2.0,1.0,0.0,0.0,1,subject_14
1.3857365480966777,-1.0,2.0,1.0,1.0,2.0,1,subject_14
1.3857365480966777,-1.0,2.0,1.0,1.0,1.0,1,subject_14
1.3857365480966777,-1.0,2.0,1.0,1.0,0.0,1,subject_14
1.3857365480966777,-1.0,2.0,2.0,0.0,2.0,1,subject_14
1.3857365480966777,-1.0,2.0,2.0,0.0,1.0,1,subject_14
1.3857365480966777,-1.0,2.0,2.0,0.0,0.0,1,subject_14
1.3857365480966777,-1.0,2.0,2.0,1.0,2.0,1,subject_14
1.3857365480966777,-1.0,2.0,2.0,1.0,1.0,1,subject_14
1.3857365480966777,-1.0,2.0,2.0,1.0,0.0,1,subject_14
1.3857365480966777,-1.0,2.0,0.0,0.0,2.0,1,subject_14
1.3857365480966777,-1.0,2.0,0.0,0.0,1.0,1,subject_14
1.3857365480966777,-1.0,2.0,0.0,0.0,0.0,1,subject_14
1.3857365480966777,-1.0,2.0,0.0,1.0,2.0,2,subject_14
1.3857365480966777,-1.0,2.0,0.0,1.0,1.0,1,subject_14
1.3857365480966777,-1.0,2.0,0.0,1.0,0.0,1,subject_14
1.3857365480966777,-1.0,1.0,1.0,0.0,2.0,1,subject_14
1.3857365480966777,-1.0,1.0,1.0,0.0,1.0,1,subject_14
1.3857365480966777,-1.0,1.0,1.0,0.0,0.0,1,subject_14
1.3857365480966777,-1.0,1.0,1.0,1.0,2.0,2,subject_14
1.3857365480966777,-1.0,1.0,1.0,1.0,1.0,1,subject_14
1.3857365480966777,-1.0,1.0,1.0,1.0,0.0,1,subject_14
1.3857365480966777,-1.0,1.0,2.0,0.0,2.0,1,subject_14
1.3857365480966777,-1.0,1.0,2.0,0.0,1.0,1,subject_14
1.3857365480966777,-1.0,1.0,2.0,0.0,0.0,1,subject_14
1.3857365480966777,-1.0,1.0,2.0,1.0,2.0,1,subject_14
1.3857365480966777,-1.0,1.0,2.0,1.0,1.0,1,subject_14
1.3857365480966777,-1.0,1.0,2.0,1.0,0.0,1,subject_14
1.3857365480966777,-1.0,1.0,0.0,0.0,2.0,2,subject_14
1.3857365480966777,-1.0,1.0,0.0,0.0,1.0,1,subject_14
1.3857365480966777,-1.0,1.0,0.0,0.0,0.0,1,subject_14
1.3857365480966777,-1.0,1.0,0.0,1.0,2.0,4,subject_14
1.3857365480966777,-1.0,1.0,0.0,1.0,1.0,3,subject_14
1.3857365480966777,-1.0,1.0,0.0,1.0,0.0,1,subject_14
1.3857365480966777,-1.0,0.0,1.0,0.0,2.0,2,subject_14
1.3857365480966777,-1.0,0.0,1.0,0.0,1.0,1,subject_14
1.3857365480966777,-1.0,0.0,1.0,0.0,0.0,1,subject_14
1.3857365480966777,-1.0,0.0,1.0,1.0,2.0,4,subject_14
1.3857365480966777,-1.0,0.0,1.0,1.0,1.0,2,subject_14
1.3857365480966777,-1.0,0.0,1.0,1.0,0.0,1,subject_14
1.3857365480966777,-1.0,0.0,2.0,0.0,2.0,1,subject_14
1.3857365480966777,-1.0,0.0,2.0,0.0,1.0,1,subject_14
1.3857365480966777,-1.0,0.0,2.0,0.0,0.0,1,subject_14
1.3857365480966777,-1.0,0.0,2.0,1.0,2.0,1,subject_14
1.3857365480966777,-1.0,0.0,2.0,1.0,1.0,1,subject_14
1.3857365480966777,-1.0,0.0,2.0,1.0,0.0,1,subject_14
1.3857365480966777,-1.0,0.0,0.0,0.0,2.0,4,subject_14
1.3857365480966777,-1.0,0.0,0.0,0.0,1.0,2,subject_14
1.3857365480966777,-1.0,0.0,0.0,0.0,0.0,1,subject_14
1.3857365480966777,-1.0,0.0,0.0,1.0,2.0,6,subject_14
1.3857365480966777,-1.0,0.0,0.0,1.0,1.0,5,subject_14
1.3857365480966777,-1.0,0.0,0.0,1.0,0.0,3,subject_14
1.3857365480966777,1.0,2.0,1.0,0.0,2.0,1,subject_14
1.3857365480966777,1.0,2.0,1.0,0.0,1.0,1,subject_14
1.3857365480966777,1.0,2.0,1.0,0.0,0.0,1,subject_14
1.3857365480966777,1.0,2.0,1.0,1.0,2.0,2,subject_14
1.3857365480966777,1.0,2.0,1.0,1.0,1.0,1,subject_14
1.3857365480966777,1.0,2.0,1.0,1.0,0.0,1,subject_14
1.3857365480966777,1.0,2.0,2.0,0.0,2.0,1,subject_14
1.3857365480966777,1.0,2.0,2.0,0.0,1.0,1,subject_14
1.3857365480966777,1.0,2.0,2.0,0.0,0.0,1,subject_14
1.3857365480966777,1.0,2.0,2.0,1.0,2.0,1,subject_14
1.3857365480966777,1.0,2.0,2.0,1.0,1.0,1,subject_14
1.3857365480966777,1.0,2.0,2.0,1.0,0.0,1,subject_14
1.3857365480966777,1.0,2.0,0.0,0.0,2.0,2,subject_14
1.3857365480966777,1.0,2.0,0.0,0.0,1.0,1,subject_14
1.3857365480966777,1.0,2.0,0.0,0.0,0.0,1,subject_14
1.3857365480966777,1.0,2.0,0.0,1.0,2.0,5,subject_14
1.3857365480966777,1.0,2.0,0.0,1.0,1.0,3,subject_14
1.3857365480966777,1.0,2.0,0.0,1.0,0.0,1,subject_14
1.3857365480966777,1.0,1.0,1.0,0.0,2.0,2,subject_14
1.3857365480966777,1.0,1.0,1.0,0.0,1.0,1,subject_14
1.3857365480966777,1.0,1.0,1.0,0.0,0.0,1,subject_14
1.3857365480966777,1.0,1.0,1.0,1.0,2.0,4,subject_14
1.3857365480966777,1.0,1.0,1.0,1.0,1.0,2,subject_14
1.3857365480966777,1.0,1.0,1.0,1.0,0.0,1,subject_14
1.3857365480966777,1.0,1.0,2.0,0.0,2.0,1,subject_14
1.3857365480966777,1.0,1.0,2.0,0.0,1.0,1,subject_14
1.3857365480966777,1.0,1.0,2.0,0.0,0.0,1,subject_14
1.3857365480966777,1.0,1.0,2.0,1.0,2.0,2,subject_14
1.3857365480966777,1.0,1.0,2.0,1.0,1.0,1,subject_14
1.3857365480966777,1.0,1.0,2.0,1.0,0.0,1,subject_14
1.3857365480966777,1.0,1.0,0.0,0.0,2.0,4,subject_14
1.3857365480966777,1.0,1.0,0.0,0.0,1.0,3,subject_14
1.3857365480966777,1.0,1.0,0.0,0.0,0.0,1,subject_14
1.3857365480966777,1.0,1.0,0.0,1.0,2.0,6,subject_14
1.3857365480966777,1.0,1.0,0.0,1.0,1.0,5,subject_14
1.3857365480966777,1.0,1.0,0.0,1.0,0.0,3,subject_14
1.3857365480966777,1.0,0.0,1.0,0.0,2.0,4,subject_14
1.3857365480966777,1.0,0.0,1.0,0.0,1.0,2,subject_14
1.3857365480966777,1.0,0.0,1.0,0.0,0.0,1,subject_14
1.3857365480966777,1.0,0.0,1.0,1.0,2.0,5,subject_14
1.3857365480966777,1.0,0.0,1.0,1.0,1.0,4,subject_14
1.3857365480966777,1.0,0.0,1.0,1.0,0.0,2,subject_14
1.3857365480966777,1.0,0.0,2.0,0.0,2.0,1,subject_14
1.3857365480966777,1.0,0.0,2.0,0.0,1.0,1,subject_14
1.3857365480966777,1.0,0.0,2.0,0.0,0.0,1,subject_14
1.3857365480966777,1.0,0.0,2.0,1.0,2.0,3,subject_14
1.3857365480966777,1.0,0.0,2.0,1.0,1.0,2,subject_14
1.3857365480966777,1.0,0.0,2.0,1.0,0.0,1,subject_14
1.3857365480966777,1.0,0.0,0.0,0.0,2.0,6,subject_14
1.3857365480966777,1.0,0.0,0.0,0.0,1.0,5,subject_14
1.3857365480966777,1.0,0.0,0.0,0.0,0.0,3,subject_14
1.3857365480966777,1.0,0.0,0.0,1.0,2.0,6,subject_14
1.3857365480966777,1.0,0.0,0.0,1.0,1.0,6,subject_14
1.3857365480966777,1.0,0.0,0.0,1.0,0.0,5,subject_14
-0.937410017830106,-1.0,2.0,1.0,0.0,2.0,2,subject_15
-0.937410017830106,-1.0,2.0,1.0,0.0,1.0,1,subject_15
-0.937410017830106,-1.0,2.0,1.0,0.0,0.0,1,subject_15
-0.937410017830106,-1.0,2.0,1.0,1.0,2.0,4,subject_15
-0.937410017830106,-1.0,2.0,1.0,1.0,1.0,2,subject_15
-0.937410017830106,-1.0,2.0,1.0,1.0,0.0,1,subject_15
-0.937410017830106,-1.0,2.0,2.0,0.0,2.0,1,subject_15
-0.937410017830106,-1.0,2.0,2.0,0.0,1.0,1,subject_15
-0.937410017830106,-1.0,2.0,2.0,0.0,0.0,1,subject_15
-0.937410017830106,-1.0,2.0,2.0,1.0,2.0,1,subject_15
-0.937410017830106,-1.0,2.0,2.0,1.0,1.0,1,subject_15
-0.937410017830106,-1.0,2.0,2.0,1.0,0.0,1,subject_15
-0.937410017830106,-1.0,2.0,0.0,0.0,2.0,5,subject_15
-0.937410017830106,-1.0,2.0,0.0,0.0,1.0,3,subject_15
-0.937410017830106,-1.0,2.0,0.0,0.0,0.0,1,subject_15
-0.937410017830106,-1.0,2.0,0.0,1.0,2.0,6,subject_15
-0.937410017830106,-1.0,2.0,0.0,1.0,1.0,5,subject_15
-0.937410017830106,-1.0,2.0,0.0,1.0,0.0,2,subject_15
-0.937410017830106,-1.0,1.0,1.0,0.0,2.0,4,subject_15
-0.937410017830106,-1.0,1.0,1.0,0.0,1.0,2,subject_15
-0.937410017830106,-1.0,1.0,1.0,0.0,0.0,1,subject_15
-0.937410017830106,-1.0,1.0,1.0,1.0,2.0,6,subject_15
-0.937410017830106,-1.0,1.0,1.0,1.0,1.0,4,subject_15
-0.937410017830106,-1.0,1.0,1.0,1.0,0.0,2,subject_15
-0.937410017830106,-1.0,1.0,2.0,0.0,2.0,1,subject_15
-0.937410017830106,-1.0,1.0,2.0,0.0,1.0,1,subject_15
-0.937410017830106,-1.0,1.0,2.0,0.0,0.0,1,subject_15
-0.937410017830106,-1.0,1.0,2.0,1.0,2.0,3,subject_15
-0.937410017830106,-1.0,1.0,2.0,1.0,1.0,1,subject_15
-0.937410017830106,-1.0,1.0,2.0,1.0,0.0,1,subject_15
-0.937410017830106,-1.0,1.0,0.0,0.0,2.0,6,subject_15
-0.937410017830106,-1.0,1.0,0.0,0.0,1.0,5,subject_15
-0.937410017830106,-1.0,1.0,0.0,0.0,0.0,3,subject_15
-0.937410017830106,-1.0,1.0,0.0,1.0,2.0,6,subject_15
-0.937410017830106,-1.0,1.0,0.0,1.0,1.0,6,subject_15
-0.937410017830106,-1.0,1.0,0.0,1.0,0.0,5,subject_15
-0.937410017830106,-1.0,0.0,1.0,0.0,2.0,6,subject_15
-0.937410017830106,-1.0,0.0,1.0,0.0,1.0,4,subject_15
-0.937410017830106,-1.0,0.0,1.0,0.0,0.0,2,subject_15
-0.937410017830106,-1.0,0.0,1.0,1.0,2.0,6,subject_15
-0.937410017830106,-1.0,0.0,1.0,1.0,1.0,6,subject_15
-0.937410017830106,-1.0,0.0,1.0,1.0,0.0,4,subject_15
-0.937410017830106,-1.0,0.0,2.0,0.0,2.0,3,subject_15
-0.937410017830106,-1.0,0.0,2.0,0.0,1.0,1,subject_15
-0.937410017830106,-1.0,0.0,2.0,0.0,0.0,1,subject_15
-0.937410017830106,-1.0,0.0,2.0,1.0,2.0,5,subject_15
-0.937410017830106,-1.0,0.0,2.0,1.0,1.0,3,subject_15
-0.937410017830106,-1.0,0.0,2.0,1.0,0.0,1,subject_15
-0.937410017830106,-1.0,0.0,0.0,0.0,2.0,6,subject_15
-0.937410017830106,-1.0,0.0,0.0,0.0,1.0,6,subject_15
-0.937410017830106,-1.0,0.0,0.0,0.0,0.0,5,subject_15
-0.937410017830106,-1.0,0.0,0.0,1.0,2.0,6,subject_15
-0.937410017830106,-1.0,0.0,0.0,1.0,1.0,6,subject_15
-0.937410017830106,-1.0,0.0,0.0,1.0,0.0,6,subject_15
-0.937410017830106,1.0,2.0,1.0,0.0,2.0,1,subject_15
-0.937410017830106,1.0,2.0,1.0,0.0,1.0,1,subject_15
-0.937410017830106,1.0,2.0,1.0,0.0,0.0,1,subject_15
-0.937410017830106,1.0,2.0,1.0,1.0,2.0,2,subject_15
-0.937410017830106,1.0,2.0,1.0,1.0,1.0,1,subject_15
-0.937410017830106,1.0,2.0,1.0,1.0,0.0,1,subject_15
-0.937410017830106,1.0,2.0,2.0,0.0,2.0,1,subject_15
-0.937410017830106,1.0,2.0,2.0,0.0,1.0,1,subject_15
-0.937410017830106,1.0,2.0,2.0,0.0,0.0,1,subject_15
-0.937410017830106,1.0,2.0,2.0,1.0,2.0,1,subject_15
-0.937410017830106,1.0,2.0,2.0,1.0,1.0,1,subject_15
-0.937410017830106,1.0,2.0,2.0,1.0,0.0,1,subject_15
-0.937410017830106,1.0,2.0,0.0,0.0,2.0,3,subject_15
-0.937410017830106,1.0,2.0,0.0,0.0,1.0,1,subject_15
-0.937410017830106,1.0,2.0,0.0,0.0,0.0,1,subject_15
-0.937410017830106,1.0,2.0,0.0,1.0,2.0,5,subject_15
-0.937410017830106,1.0,2.0,0.0,1.0,1.0,3,subject_15
-0.937410017830106,1.0,2.0,0.0,1.0,0.0,1,subject_15
-0.937410017830106,1.0,1.0,1.0,0.0,2.0,2,subject_15
-0.937410017830106,1.0,1.0,1.0,0.0,1.0,1,subject_15
-0.937410017830106,1.0,1.0,1.0,0.0,0.0,1,subject_15
-0.937410017830106,1.0,1.0,1.0,1.0,2.0,4,subject_15
-0.937410017830106,1.0,1.0,1.0,1.0,1.0,2,subject_15
-0.937410017830106,1.0,1.0,1.0,1.0,0.0,1,subject_15
-0.937410017830106,1.0,1.0,2.0,0.0,2.0,1,subject_15
-0.937410017830106,1.0,1.0,2.0,0.0,1.0,1,subject_15
-0.937410017830106,1.0,1.0,2.0,0.0,0.0,1,subject_15
-0.937410017830106,1.0,1.0,2.0,1.0,2.0,1,subject_15
-0.937410017830106,1.0,1.0,2.0,1.0,1.0,1,subject_15
-0.937410017830106,1.0,1.0,2.0,1.0,0.0,1,subject_15
-0.937410017830106,1.0,1.0,0.0,0.0,2.0,5,subject_15
-0.937410017830106,1.0,1.0,0.0,0.0,1.0,3,subject_15
-0.937410017830106,1.0,1.0,0.0,0.0,0.0,1,subject_15
-0.937410017830106,1.0,1.0,0.0,1.0,2.0,6,subject_15
-0.937410017830106,1.0,1.0,0.0,1.0,1.0,5,subject_15
-0.937410017830106,1.0,1.0,0.0,1.0,0.0,3,subject_15
-0.937410017830106,1.0,0.0,1.0,0.0,2.0,4,subject_15
-0.937410017830106,1.0,0.0,1.0,0.0,1.0,2,subject_15
-0.937410017830106,1.0,0.0,1.0,0.0,0.0,1,subject_15
-0.937410017830106,1.0,0.0,1.0,1.0,2.0,6,subject_15
-0.937410017830106,1.0,0.0,1.0,1.0,1.0,4,subject_15
-0.937410017830106,1.0,0.0,1.0,1.0,0.0,2,subject_15
-0.937410017830106,1.0,0.0,2.0,0.0,2.0,1,subject_15
-0.937410017830106,1.0,0.0,2.0,0.0,1.0,1,subject_15
-0.937410017830106,1.0,0.0,2.0,0.0,0.0,1,subject_15
-0.937410017830106,1.0,0.0,2.0,1.0,2.0,3,subject_15
-0.937410017830106,1.0,0.0,2.0,1.0,1.0,1,subject_15
-0.937410017830106,1.0,0.0,2.0,1.0,0.0,1,subject_15
-0.937410017830106,1.0,0.0,0.0,0.0,2.0,6,subject_15
-0.937410017830106,1.0,0.0,0.0,0.0,1.0,5,subject_15
-0.937410017830106,1.0,0.0,0.0,0.0,0.0,3,subject_15
-0.937410017830106,1.0,0.0,0.0,1.0,2.0,6,subject_15
-0.937410017830106,1.0,0.0,0.0,1.0,1.0,6,subject_15
-0.937410017830106,1.0,0.0,0.0,1.0,0.0,5,subject_15
-0.4483265302665725,-1.0,2.0,1.0,0.0,2.0,1,subject_15
-0.4483265302665725,-1.0,2.0,1.0,0.0,1.0,1,subject_15
-0.4483265302665725,-1.0,2.0,1.0,0.0,0.0,1,subject_15
-0.4483265302665725,-1.0,2.0,1.0,1.0,2.0,3,subject_15
-0.4483265302665725,-1.0,2.0,1.0,1.0,1.0,1,subject_15
-0.4483265302665725,-1.0,2.0,1.0,1.0,0.0,1,subject_15
-0.4483265302665725,-1.0,2.0,2.0,0.0,2.0,1,subject_15
-0.4483265302665725,-1.0,2.0,2.0,0.0,1.0,1,subject_15
-0.4483265302665725,-1.0,2.0,2.0,0.0,0.0,1,subject_15
-0.4483265302665725,-1.0,2.0,2.0,1.0,2.0,1,subject_15
-0.4483265302665725,-1.0,2.0,2.0,1.0,1.0,1,subject_15
-0.4483265302665725,-1.0,2.0,2.0,1.0,0.0,1,subject_15
-0.4483265302665725,-1.0,2.0,0.0,0.0,2.0,4,subject_15
-0.4483265302665725,-1.0,2.0,0.0,0.0,1.0,2,subject_15
-0.4483265302665725,-1.0,2.0,0.0,0.0,0.0,1,subject_15
-0.4483265302665725,-1.0,2.0,0.0,1.0,2.0,6,subject_15
-0.4483265302665725,-1.0,2.0,0.0,1.0,1.0,4,subject_15
-0.4483265302665725,-1.0,2.0,0.0,1.0,0.0,2,subject_15
-0.4483265302665725,-1.0,1.0,1.0,0.0,2.0,3,subject_15
-0.4483265302665725,-1.0,1.0,1.0,0.0,1.0,1,subject_15
-0.4483265302665725,-1.0,1.0,1.0,0.0,0.0,1,subject_15
-0.4483265302665725,-1.0,1.0,1.0,1.0,2.0,5,subject_15
-0.4483265302665725,-1.0,1.0,1.0,1.0,1.0,3,subject_15
-0.4483265302665725,-1.0,1.0,1.0,1.0,0.0,1,subject_15
-0.4483265302665725,-1.0,1.0,2.0,0.0,2.0,1,subject_15
-0.4483265302665725,-1.0,1.0,2.0,0.0,1.0,1,subject_15
-0.4483265302665725,-1.0,1.0,2.0,0.0,0.0,1,subject_15
-0.4483265302665725,-1.0,1.0,2.0,1.0,2.0,2,subject_15
-0.4483265302665725,-1.0,1.0,2.0,1.0,1.0,1,subject_15
-0.4483265302665725,-1.0,1.0,2.0,1.0,0.0,1,subject_15
-0.4483265302665725,-1.0,1.0,0.0,0.0,2.0,6,subject_15
-0.4483265302665725,-1.0,1.0,0.0,0.0,1.0,4,subject_15
-0.4483265302665725,-1.0,1.0,0.0,0.0,0.0,2,subject_15
-0.4483265302665725,-1.0,1.0,0.0,1.0,2.0,6,subject_15
-0.4483265302665725,-1.0,1.0,0.0,1.0,1.0,6,subject_15
-0.4483265302665725,-1.0,1.0,0.0,1.0,0.0,4,subject_15
-0.4483265302665725,-1.0,0.0,1.0,0.0,2.0,5,subject_15
-0.4483265302665725,-1.0,0.0,1.0,0.0,1.0,3,subject_15
-0.4483265302665725,-1.0,0.0,1.0,0.0,0.0,1,subject_15
-0.4483265302665725,-1.0,0.0,1.0,1.0,2.0,6,subject_15
-0.4483265302665725,-1.0,0.0,1.0,1.0,1.0,5,subject_15
-0.4483265302665725,-1.0,0.0,1.0,1.0,0.0,3,subject_15
-0.4483265302665725,-1.0,0.0,2.0,0.0,2.0,2,subject_15
-0.4483265302665725,-1.0,0.0,2.0,0.0,1.0,1,subject_15
-0.4483265302665725,-1.0,0.0,2.0,0.0,0.0,1,subject_15
-0.4483265302665725,-1.0,0.0,2.0,1.0,2.0,4,subject_15
-0.4483265302665725,-1.0,0.0,2.0,1.0,1.0,2,subject_15
-0.4483265302665725,-1.0,0.0,2.0,1.0,0.0,1,subject_15
-0.4483265302665725,-1.0,0.0,0.0,0.0,2.0,6,subject_15
-0.4483265302665725,-1.0,0.0,0.0,0.0,1.0,6,subject_15
-0.4483265302665725,-1.0,0.0,0.0,0.0,0.0,4,subject_15
-0.4483265302665725,-1.0,0.0,0.0,1.0,2.0,6,subject_15
-0.4483265302665725,-1.0,0.0,0.0,1.0,1.0,6,subject_15
-0.4483265302665725,-1.0,0.0,0.0,1.0,0.0,6,subject_15
-0.4483265302665725,1.0,2.0,1.0,0.0,2.0,1,subject_15
-0.4483265302665725,1.0,2.0,1.0,0.0,1.0,1,subject_15
-0.4483265302665725,1.0,2.0,1.0,0.0,0.0,1,subject_15
-0.4483265302665725,1.0,2.0,1.0,1.0,2.0,2,subject_15
-0.4483265302665725,1.0,2.0,1.0,1.0,1.0,1,subject_15
-0.4483265302665725,1.0,2.0,1.0,1.0,0.0,1,subject_15
-0.4483265302665725,1.0,2.0,2.0,0.0,2.0,1,subject_15
-0.4483265302665725,1.0,2.0,2.0,0.0,1.0,1,subject_15
-0.4483265302665725,1.0,2.0,2.0,0.0,0.0,1,subject_15
-0.4483265302665725,1.0,2.0,2.0,1.0,2.0,1,subject_15
-0.4483265302665725,1.0,2.0,2.0,1.0,1.0,1,subject_15
-0.4483265302665725,1.0,2.0,2.0,1.0,0.0,1,subject_15
-0.4483265302665725,1.0,2.0,0.0,0.0,2.0,3,subject_15
-0.4483265302665725,1.0,2.0,0.0,0.0,1.0,1,subject_15
-0.4483265302665725,1.0,2.0,0.0,0.0,0.0,1,subject_15
-0.4483265302665725,1.0,2.0,0.0,1.0,2.0,5,subject_15
-0.4483265302665725,1.0,2.0,0.0,1.0,1.0,3,subject_15
-0.4483265302665725,1.0,2.0,0.0,1.0,0.0,1,subject_15
-0.4483265302665725,1.0,1.0,1.0,0.0,2.0,2,subject_15
-0.4483265302665725,1.0,1.0,1.0,0.0,1.0,1,subject_15
-0.4483265302665725,1.0,1.0,1.0,0.0,0.0,1,subject_15
-0.4483265302665725,1.0,1.0,1.0,1.0,2.0,4,subject_15
-0.4483265302665725,1.0,1.0,1.0,1.0,1.0,2,subject_15
-0.4483265302665725,1.0,1.0,1.0,1.0,0.0,1,subject_15
-0.4483265302665725,1.0,1.0,2.0,0.0,2.0,1,subject_15
-0.4483265302665725,1.0,1.0,2.0,0.0,1.0,1,subject_15
-0.4483265302665725,1.0,1.0,2.0,0.0,0.0,1,subject_15
-0.4483265302665725,1.0,1.0,2.0,1.0,2.0,2,subject_15
-0.4483265302665725,1.0,1.0,2.0,1.0,1.0,1,subject_15
-0.4483265302665725,1.0,1.0,2.0,1.0,0.0,1,subject_15
-0.4483265302665725,1.0,1.0,0.0,0.0,2.0,5,subject_15
-0.4483265302665725,1.0,1.0,0.0,0.0,1.0,3,subject_15
-0.4483265302665725,1.0,1.0,0.0,0.0,0.0,1,subject_15
-0.4483265302665725,1.0,1.0,0.0,1.0,2.0,6,subject_15
-0.4483265302665725,1.0,1.0,0.0,1.0,1.0,5,subject_15
-0.4483265302665725,1.0,1.0,0.0,1.0,0.0,3,subject_15
-0.4483265302665725,1.0,0.0,1.0,0.0,2.0,4,subject_15
-0.4483265302665725,1.0,0.0,1.0,0.0,1.0,2,subject_15
-0.4483265302665725,1.0,0.0,1.0,0.0,0.0,1,subject_15
-0.4483265302665725,1.0,0.0,1.0,1.0,2.0,6,subject_15
-0.4483265302665725,1.0,0.0,1.0,1.0,1.0,4,subject_15
-0.4483265302665725,1.0,0.0,1.0,1.0,0.0,2,subject_15
-0.4483265302665725,1.0,0.0,2.0,0.0,2.0,2,subject_15
-0.4483265302665725,1.0,0.0,2.0,0.0,1.0,1,subject_15
-0.4483265302665725,1.0,0.0,2.0,0.0,0.0,1,subject_15
-0.4483265302665725,1.0,0.0,2.0,1.0,2.0,3,subject_15
-0.4483265302665725,1.0,0.0,2.0,1.0,1.0,1,subject_15
-0.4483265302665725,1.0,0.0,2.0,1.0,0.0,1,subject_15
-0.4483265302665725,1.0,0.0,0.0,0.0,2.0,6,subject_15
-0.4483265302665725,1.0,0.0,0.0,0.0,1.0,5,subject_15
-0.4483265302665725,1.0,0.0,0.0,0.0,0.0,3,subject_15
-0.4483265302665725,1.0,0.0,0.0,1.0,2.0,6,subject_15
-0.4483265302665725,1.0,0.0,0.0,1.0,1.0,6,subject_15
-0.4483265302665725,1.0,0.0,0.0,1.0,0.0,5,subject_15
1.3857365480966777,-1.0,2.0,1.0,0.0,2.0,1,subject_15
1.3857365480966777,-1.0,2.0,1.0,0.0,1.0,1,subject_15
1.3857365480966777,-1.0,2.0,1.0,0.0,0.0,1,subject_15
1.3857365480966777,-1.0,2.0,1.0,1.0,2.0,1,subject_15
1.3857365480966777,-1.0,2.0,1.0,1.0,1.0,1,subject_15
1.3857365480966777,-1.0,2.0,1.0,1.0,0.0,1,subject_15
1.3857365480966777,-1.0,2.0,2.0,0.0,2.0,1,subject_15
1.3857365480966777,-1.0,2.0,2.0,0.0,1.0,1,subject_15
1.3857365480966777,-1.0,2.0,2.0,0.0,0.0,1,subject_15
1.3857365480966777,-1.0,2.0,2.0,1.0,2.0,1,subject_15
1.3857365480966777,-1.0,2.0,2.0,1.0,1.0,1,subject_15
1.3857365480966777,-1.0,2.0,2.0,1.0,0.0,1,subject_15
1.3857365480966777,-1.0,2.0,0.0,0.0,2.0,2,subject_15
1.3857365480966777,-1.0,2.0,0.0,0.0,1.0,1,subject_15
1.3857365480966777,-1.0,2.0,0.0,0.0,0.0,1,subject_15
1.3857365480966777,-1.0,2.0,0.0,1.0,2.0,4,subject_15
1.3857365480966777,-1.0,2.0,0.0,1.0,1.0,2,subject_15
1.3857365480966777,-1.0,2.0,0.0,1.0,0.0,1,subject_15
1.3857365480966777,-1.0,1.0,1.0,0.0,2.0,1,subject_15
1.3857365480966777,-1.0,1.0,1.0,0.0,1.0,1,subject_15
1.3857365480966777,-1.0,1.0,1.0,0.0,0.0,1,subject_15
1.3857365480966777,-1.0,1.0,1.0,1.0,2.0,3,subject_15
1.3857365480966777,-1.0,1.0,1.0,1.0,1.0,1,subject_15
1.3857365480966777,-1.0,1.0,1.0,1.0,0.0,1,subject_15
1.3857365480966777,-1.0,1.0,2.0,0.0,2.0,1,subject_15
1.3857365480966777,-1.0,1.0,2.0,0.0,1.0,1,subject_15
1.3857365480966777,-1.0,1.0,2.0,0.0,0.0,1,subject_15
1.3857365480966777,-1.0,1.0,2.0,1.0,2.0,1,subject_15
1.3857365480966777,-1.0,1.0,2.0,1.0,1.0,1,subject_15
1.3857365480966777,-1.0,1.0,2.0,1.0,0.0,1,subject_15
1.3857365480966777,-1.0,1.0,0.0,0.0,2.0,4,subject_15
1.3857365480966777,-1.0,1.0,0.0,0.0,1.0,2,subject_15
1.3857365480966777,-1.0,1.0,0.0,0.0,0.0,1,subject_15
1.3857365480966777,-1.0,1.0,0.0,1.0,2.0,5,subject_15
1.3857365480966777,-1.0,1.0,0.0,1.0,1.0,4,subject_15
1.3857365480966777,-1.0,1.0,0.0,1.0,0.0,2,subject_15
1.3857365480966777,-1.0,0.0,1.0,0.0,2.0,3,subject_15
1.3857365480966777,-1.0,0.0,1.0,0.0,1.0,1,subject_15
1.3857365480966777,-1.0,0.0,1.0,0.0,0.0,1,subject_15
1.3857365480966777,-1.0,0.0,1.0,1.0,2.0,5,subject_15
1.3857365480966777,-1.0,0.0,1.0,1.0,1.0,3,subject_15
1.3857365480966777,-1.0,0.0,1.0,1.0,0.0,1,subject_15
1.3857365480966777,-1.0,0.0,2.0,0.0,2.0,1,subject_15
1.3857365480966777,-1.0,0.0,2.0,0.0,1.0,1,subject_15
1.3857365480966777,-1.0,0.0,2.0,0.0,0.0,1,subject_15
1.3857365480966777,-1.0,0.0,2.0,1.0,2.0,2,subject_15
1.3857365480966777,-1.0,0.0,2.0,1.0,1.0,1,subject_15
1.3857365480966777,-1.0,0.0,2.0,1.0,0.0,1,subject_15
1.3857365480966777,-1.0,0.0,0.0,0.0,2.0,6,subject_15
1.3857365480966777,-1.0,0.0,0.0,0.0,1.0,4,subject_15
1.3857365480966777,-1.0,0.0,0.0,0.0,0.0,2,subject_15
1.3857365480966777,-1.0,0.0,0.0,1.0,2.0,6,subject_15
1.3857365480966777,-1.0,0.0,0.0,1.0,1.0,5,subject_15
1.3857365480966777,-1.0,0.0,0.0,1.0,0.0,4,subject_15
1.3857365480966777,1.0,2.0,1.0,0.0,2.0,1,subject_15
1.3857365480966777,1.0,2.0,1.0,0.0,1.0,1,subject_15
1.3857365480966777,1.0,2.0,1.0,0.0,0.0,1,subject_15
1.3857365480966777,1.0,2.0,1.0,1.0,2.0,3,subject_15
1.3857365480966777,1.0,2.0,1.0,1.0,1.0,1,subject_15
1.3857365480966777,1.0,2.0,1.0,1.0,0.0,1,subject_15
1.3857365480966777,1.0,2.0,2.0,0.0,2.0,1,subject_15
1.3857365480966777,1.0,2.0,2.0,0.0,1.0,1,subject_15
1.3857365480966777,1.0,2.0,2.0,0.0,0.0,1,subject_15
1.3857365480966777,1.0,2.0,2.0,1.0,2.0,1,subject_15
1.3857365480966777,1.0,2.0,2.0,1.0,1.0,1,subject_15
1.3857365480966777,1.0,2.0,2.0,1.0,0.0,1,subject_15
1.3857365480966777,1.0,2.0,0.0,0.0,2.0,4,subject_15
1.3857365480966777,1.0,2.0,0.0,0.0,1.0,2,subject_15
1.3857365480966777,1.0,2.0,0.0,0.0,0.0,1,subject_15
1.3857365480966777,1.0,2.0,0.0,1.0,2.0,6,subject_15
1.3857365480966777,1.0,2.0,0.0,1.0,1.0,4,subject_15
1.3857365480966777,1.0,2.0,0.0,1.0,0.0,2,subject_15
1.3857365480966777,1.0,1.0,1.0,0.0,2.0,3,subject_15
1.3857365480966777,1.0,1.0,1.0,0.0,1.0,1,subject_15
1.3857365480966777,1.0,1.0,1.0,0.0,0.0,1,subject_15
1.3857365480966777,1.0,1.0,1.0,1.0,2.0,5,subject_15
1.3857365480966777,1.0,1.0,1.0,1.0,1.0,3,subject_15
1.3857365480966777,1.0,1.0,1.0,1.0,0.0,1,subject_15
1.3857365480966777,1.0,1.0,2.0,0.0,2.0,1,subject_15
1.3857365480966777,1.0,1.0,2.0,0.0,1.0,1,subject_15
1.3857365480966777,1.0,1.0,2.0,0.0,0.0,1,subject_15
1.3857365480966777,1.0,1.0,2.0,1.0,2.0,2,subject_15
1.3857365480966777,1.0,1.0,2.0,1.0,1.0,1,subject_15
1.3857365480966777,1.0,1.0,2.0,1.0,0.0,1,subject_15
1.3857365480966777,1.0,1.0,0.0,0.0,2.0,6,subject_15
1.3857365480966777,1.0,1.0,0.0,0.0,1.0,4,subject_15
1.3857365480966777,1.0,1.0,0.0,0.0,0.0,2,subject_15
1.3857365480966777,1.0,1.0,0.0,1.0,2.0,6,subject_15
1.3857365480966777,1.0,1.0,0.0,1.0,1.0,6,subject_15
1.3857365480966777,1.0,1.0,0.0,1.0,0.0,4,subject_15
1.3857365480966777,1.0,0.0,1.0,0.0,2.0,5,subject_15
1.3857365480966777,1.0,0.0,1.0,0.0,1.0,3,subject_15
1.3857365480966777,1.0,0.0,1.0,0.0,0.0,1,subject_15
1.3857365480966777,1.0,0.0,1.0,1.0,2.0,6,subject_15
1.3857365480966777,1.0,0.0,1.0,1.0,1.0,5,subject_15
1.3857365480966777,1.0,0.0,1.0,1.0,0.0,3,subject_15
1.3857365480966777,1.0,0.0,2.0,0.0,2.0,2,subject_15
1.3857365480966777,1.0,0.0,2.0,0.0,1.0,1,subject_15
1.3857365480966777,1.0,0.0,2.0,0.0,0.0,1,subject_15
1.3857365480966777,1.0,0.0,2.0,1.0,2.0,4,subject_15
1.3857365480966777,1.0,0.0,2.0,1.0,1.0,2,subject_15
1.3857365480966777,1.0,0.0,2.0,1.0,0.0,1,subject_15
1.3857365480966777,1.0,0.0,0.0,0.0,2.0,6,subject_15
1.3857365480966777,1.0,0.0,0.0,0.0,1.0,6,subject_15
1.3857365480966777,1.0,0.0,0.0,0.0,0.0,4,subject_15
1.3857365480966777,1.0,0.0,0.0,1.0,2.0,6,subject_15
1.3857365480966777,1.0,0.0,0.0,1.0,1.0,6,subject_15
1.3857365480966777,1.0,0.0,0.0,1.0,0.0,6,subject_15
-0.937410017830106,-1.0,2.0,1.0,0.0,2.0,4,subject_16
-0.937410017830106,-1.0,2.0,1.0,0.0,1.0,1,subject_16
-0.937410017830106,-1.0,2.0,1.0,0.0,0.0,1,subject_16
-0.937410017830106,-1.0,2.0,1.0,1.0,2.0,6,subject_16
-0.937410017830106,-1.0,2.0,1.0,1.0,1.0,3,subject_16
-0.937410017830106,-1.0,2.0,1.0,1.0,0.0,1,subject_16
-0.937410017830106,-1.0,2.0,2.0,0.0,2.0,2,subject_16
-0.937410017830106,-1.0,2.0,2.0,0.0,1.0,1,subject_16
-0.937410017830106,-1.0,2.0,2.0,0.0,0.0,1,subject_16
-0.937410017830106,-1.0,2.0,2.0,1.0,2.0,4,subject_16
-0.937410017830106,-1.0,2.0,2.0,1.0,1.0,1,subject_16
-0.937410017830106,-1.0,2.0,2.0,1.0,0.0,1,subject_16
-0.937410017830106,-1.0,2.0,0.0,0.0,2.0,6,subject_16
-0.937410017830106,-1.0,2.0,0.0,0.0,1.0,3,subject_16
-0.937410017830106,-1.0,2.0,0.0,0.0,0.0,1,subject_16
-0.937410017830106,-1.0,2.0,0.0,1.0,2.0,6,subject_16
-0.937410017830106,-1.0,2.0,0.0,1.0,1.0,5,subject_16
-0.937410017830106,-1.0,2.0,0.0,1.0,0.0,3,subject_16
-0.937410017830106,-1.0,1.0,1.0,0.0,2.0,5,subject_16
-0.937410017830106,-1.0,1.0,1.0,0.0,1.0,3,subject_16
-0.937410017830106,-1.0,1.0,1.0,0.0,0.0,1,subject_16
-0.937410017830106,-1.0,1.0,1.0,1.0,2.0,6,subject_16
-0.937410017830106,-1.0,1.0,1.0,1.0,1.0,5,subject_16
-0.937410017830106,-1.0,1.0,1.0,1.0,0.0,2,subject_16
-0.937410017830106,-1.0,1.0,2.0,0.0,2.0,3,subject_16
-0.937410017830106,-1.0,1.0,2.0,0.0,1.0,1,subject_16
-0.937410017830106,-1.0,1.0,2.0,0.0,0.0,1,subject_16
-0.937410017830106,-1.0,1.0,2.0,1.0,2.0,6,subject_16
-0.937410017830106,-1.0,1.0,2.0,1.0,1.0,3,subject_16
-0.937410017830106,-1.0,1.0,2.0,1.0,0.0,1,subject_16
-0.937410017830106,-1.0,1.0,0.0,0.0,2.0,6,subject_16
-0.937410017830106,-1.0,1.0,0.0,0.0,1.0,5,subject_16
-0.937410017830106,-1.0,1.0,0.0,0.0,0.0,2,subject_16
-0.937410017830106,-1.0,1.0,0.0,1.0,2.0,6,subject_16
-0.937410017830106,-1.0,1.0,0.0,1.0,1.0,6,subject_16
-0.937410017830106,-1.0,1.0,0.0,1.0,0.0,5,subject_16
-0.937410017830106,-1.0,0.0,1.0,0.0,2.0,6,subject_16
-0.937410017830106,-1.0,0.0,1.0,0.0,1.0,5,subject_16
-0.937410017830106,-1.0,0.0,1.0,0.0,0.0,2,subject_16
-0.937410017830106,-1.0,0.0,1.0,1.0,2.0,6,subject_16
-0.937410017830106,-1.0,0.0,1.0,1.0,1.0,6,subject_16
-0.937410017830106,-1.0,0.0,1.0,1.0,0.0,5,subject_16
-0.937410017830106,-1.0,0.0,2.0,0.0,2.0,5,subject_16
-0.937410017830106,-1.0,0.0,2.0,0.0,1.0,3,subject_16
-0.937410017830106,-1.0,0.0,2.0,0.0,0.0,1,subject_16
-0.937410017830106,-1.0,0.0,2.0,1.0,2.0,6,subject_16
-0.937410017830106,-1.0,0.0,2.0,1.0,1.0,5,subject_16
-0.937410017830106,-1.0,0.0,2.0,1.0,0.0,2,subject_16
-0.937410017830106,-1.0,0.0,0.0,0.0,2.0,6,subject_16
-0.937410017830106,-1.0,0.0,0.0,0.0,1.0,6,subject_16
-0.937410017830106,-1.0,0.0,0.0,0.0,0.0,5,subject_16
-0.937410017830106,-1.0,0.0,0.0,1.0,2.0,6,subject_16
-0.937410017830106,-1.0,0.0,0.0,1.0,1.0,6,subject_16
-0.937410017830106,-1.0,0.0,0.0,1.0,0.0,6,subject_16
-0.937410017830106,1.0,2.0,1.0,0.0,2.0,2,subject_16
-0.937410017830106,1.0,2.0,1.0,0.0,1.0,1,subject_16
-0.937410017830106,1.0,2.0,1.0,0.0,0.0,1,subject_16
-0.937410017830106,1.0,2.0,1.0,1.0,2.0,5,subject_16
-0.937410017830106,1.0,2.0,1.0,1.0,1.0,2,subject_16
-0.937410017830106,1.0,2.0,1.0,1.0,0.0,1,subject_16
-0.937410017830106,1.0,2.0,2.0,0.0,2.0,1,subject_16
-0.937410017830106,1.0,2.0,2.0,0.0,1.0,1,subject_16
-0.937410017830106,1.0,2.0,2.0,0.0,0.0,1,subject_16
-0.937410017830106,1.0,2.0,2.0,1.0,2.0,2,subject_16
-0.937410017830106,1.0,2.0,2.0,1.0,1.0,1,subject_16
-0.937410017830106,1.0,2.0,2.0,1.0,0.0,1,subject_16
-0.937410017830106,1.0,2.0,0.0,0.0,2.0,5,subject_16
-0.937410017830106,1.0,2.0,0.0,0.0,1.0,2,subject_16
-0.937410017830106,1.0,2.0,0.0,0.0,0.0,1,subject_16
-0.937410017830106,1.0,2.0,0.0,1.0,2.0,6,subject_16
-0.937410017830106,1.0,2.0,0.0,1.0,1.0,4,subject_16
-0.937410017830106,1.0,2.0,0.0,1.0,0.0,1,subject_16
-0.937410017830106,1.0,1.0,1.0,0.0,2.0,4,subject_16
-0.937410017830106,1.0,1.0,1.0,0.0,1.0,2,subject_16
-0.937410017830106,1.0,1.0,1.0,0.0,0.0,1,subject_16
-0.937410017830106,1.0,1.0,1.0,1.0,2.0,6,subject_16
-0.937410017830106,1.0,1.0,1.0,1.0,1.0,4,subject_16
-0.937410017830106,1.0,1.0,1.0,1.0,0.0,1,subject_16
-0.937410017830106,1.0,1.0,2.0,0.0,2.0,2,subject_16
-0.937410017830106,1.0,1.0,2.0,0.0,1.0,1,subject_16
-0.937410017830106,1.0,1.0,2.0,0.0,0.0,1,subject_16
-0.937410017830106,1.0,1.0,2.0,1.0,2.0,5,subject_16
-0.937410017830106,1.0,1.0,2.0,1.0,1.0,2,subject_16
-0.937410017830106,1.0,1.0,2.0,1.0,0.0,1,subject_16
-0.937410017830106,1.0,1.0,0.0,0.0,2.0,6,subject_16
-0.937410017830106,1.0,1.0,0.0,0.0,1.0,4,subject_16
-0.937410017830106,1.0,1.0,0.0,0.0,0.0,1,subject_16
-0.937410017830106,1.0,1.0,0.0,1.0,2.0,6,subject_16
-0.937410017830106,1.0,1.0,0.0,1.0,1.0,6,subject_16
-0.937410017830106,1.0,1.0,0.0,1.0,0.0,3,subject_16
-0.937410017830106,1.0,0.0,1.0,0.0,2.0,6,subject_16
-0.937410017830106,1.0,0.0,1.0,0.0,1.0,3,subject_16
-0.937410017830106,1.0,0.0,1.0,0.0,0.0,1,subject_16
-0.937410017830106,1.0,0.0,1.0,1.0,2.0,6,subject_16
-0.937410017830106,1.0,0.0,1.0,1.0,1.0,6,subject_16
-0.937410017830106,1.0,0.0,1.0,1.0,0.0,3,subject_16
-0.937410017830106,1.0,0.0,2.0,0.0,2.0,4,subject_16
-0.937410017830106,1.0,0.0,2.0,0.0,1.0,1,subject_16
-0.937410017830106,1.0,0.0,2.0,0.0,0.0,1,subject_16
-0.937410017830106,1.0,0.0,2.0,1.0,2.0,6,subject_16
-0.937410017830106,1.0,0.0,2.0,1.0,1.0,4,subject_16
-0.937410017830106,1.0,0.0,2.0,1.0,0.0,1,subject_16
-0.937410017830106,1.0,0.0,0.0,0.0,2.0,6,subject_16
-0.937410017830106,1.0,0.0,0.0,0.0,1.0,5,subject_16
-0.937410017830106,1.0,0.0,0.0,0.0,0.0,3,subject_16
-0.937410017830106,1.0,0.0,0.0,1.0,2.0,6,subject_16
-0.937410017830106,1.0,0.0,0.0,1.0,1.0,6,subject_16
-0.937410017830106,1.0,0.0,0.0,1.0,0.0,5,subject_16
-0.4483265302665725,-1.0,2.0,1.0,0.0,2.0,3,subject_16
-0.4483265302665725,-1.0,2.0,1.0,0.0,1.0,1,subject_16
-0.4483265302665725,-1.0,2.0,1.0,0.0,0.0,1,subject_16
-0.4483265302665725,-1.0,2.0,1.0,1.0,2.0,5,subject_16
-0.4483265302665725,-1.0,2.0,1.0,1.0,1.0,3,subject_16
-0.4483265302665725,-1.0,2.0,1.0,1.0,0.0,1,subject_16
-0.4483265302665725,-1.0,2.0,2.0,0.0,2.0,1,subject_16
-0.4483265302665725,-1.0,2.0,2.0,0.0,1.0,1,subject_16
-0.4483265302665725,-1.0,2.0,2.0,0.0,0.0,1,subject_16
-0.4483265302665725,-1.0,2.0,2.0,1.0,2.0,3,subject_16
-0.4483265302665725,-1.0,2.0,2.0,1.0,1.0,1,subject_16
-0.4483265302665725,-1.0,2.0,2.0,1.0,0.0,1,subject_16
-0.4483265302665725,-1.0,2.0,0.0,0.0,2.0,5,subject_16
-0.4483265302665725,-1.0,2.0,0.0,0.0,1.0,3,subject_16
-0.4483265302665725,-1.0,2.0,0.0,0.0,0.0,1,subject_16
-0.4483265302665725,-1.0,2.0,0.0,1.0,2.0,6,subject_16
-0.4483265302665725,-1.0,2.0,0.0,1.0,1.0,5,subject_16
-0.4483265302665725,-1.0,2.0,0.0,1.0,0.0,2,subject_16
-0.4483265302665725,-1.0,1.0,1.0,0.0,2.0,5,subject_16
-0.4483265302665725,-1.0,1.0,1.0,0.0,1.0,2,subject_16
-0.4483265302665725,-1.0,1.0,1.0,0.0,0.0,1,subject_16
-0.4483265302665725,-1.0,1.0,1.0,1.0,2.0,6,subject_16
-0.4483265302665725,-1.0,1.0,1.0,1.0,1.0,5,subject_16
-0.4483265302665725,-1.0,1.0,1.0,1.0,0.0,2,subject_16
-0.4483265302665725,-1.0,1.0,2.0,0.0,2.0,3,subject_16
-0.4483265302665725,-1.0,1.0,2.0,0.0,1.0,1,subject_16
-0.4483265302665725,-1.0,1.0,2.0,0.0,0.0,1,subject_16
-0.4483265302665725,-1.0,1.0,2.0,1.0,2.0,5,subject_16
-0.4483265302665725,-1.0,1.0,2.0,1.0,1.0,2,subject_16
-0.4483265302665725,-1.0,1.0,2.0,1.0,0.0,1,subject_16
-0.4483265302665725,-1.0,1.0,0.0,0.0,2.0,6,subject_16
-0.4483265302665725,-1.0,1.0,0.0,0.0,1.0,5,subject_16
-0.4483265302665725,-1.0,1.0,0.0,0.0,0.0,2,subject_16
-0.4483265302665725,-1.0,1.0,0.0,1.0,2.0,6,subject_16
-0.4483265302665725,-1.0,1.0,0.0,1.0,1.0,6,subject_16
-0.4483265302665725,-1.0,1.0,0.0,1.0,0.0,4,subject_16
-0.4483265302665725,-1.0,0.0,1.0,0.0,2.0,6,subject_16
-0.4483265302665725,-1.0,0.0,1.0,0.0,1.0,5,subject_16
-0.4483265302665725,-1.0,0.0,1.0,0.0,0.0,2,subject_16
-0.4483265302665725,-1.0,0.0,1.0,1.0,2.0,6,subject_16
-0.4483265302665725,-1.0,0.0,1.0,1.0,1.0,6,subject_16
-0.4483265302665725,-1.0,0.0,1.0,1.0,0.0,4,subject_16
-0.4483265302665725,-1.0,0.0,2.0,0.0,2.0,5,subject_16
-0.4483265302665725,-1.0,0.0,2.0,0.0,1.0,2,subject_16
-0.4483265302665725,-1.0,0.0,2.0,0.0,0.0,1,subject_16
-0.4483265302665725,-1.0,0.0,2.0,1.0,2.0,6,subject_16
-0.4483265302665725,-1.0,0.0,2.0,1.0,1.0,5,subject_16
-0.4483265302665725,-1.0,0.0,2.0,1.0,0.0,2,subject_16
-0.4483265302665725,-1.0,0.0,0.0,0.0,2.0,6,subject_16
-0.4483265302665725,-1.0,0.0,0.0,0.0,1.0,6,subject_16
-0.4483265302665725,-1.0,0.0,0.0,0.0,0.0,4,subject_16
-0.4483265302665725,-1.0,0.0,0.0,1.0,2.0,6,subject_16
-0.4483265302665725,-1.0,0.0,0.0,1.0,1.0,6,subject_16
-0.4483265302665725,-1.0,0.0,0.0,1.0,0.0,6,subject_16
-0.4483265302665725,1.0,2.0,1.0,0.0,2.0,2,subject_16
-0.4483265302665725,1.0,2.0,1.0,0.0,1.0,1,subject_16
-0.4483265302665725,1.0,2.0,1.0,0.0,0.0,1,subject_16
-0.4483265302665725,1.0,2.0,1.0,1.0,2.0,5,subject_16
-0.4483265302665725,1.0,2.0,1.0,1.0,1.0,2,subject_16
-0.4483265302665725,1.0,2.0,1.0,1.0,0.0,1,subject_16
-0.4483265302665725,1.0,2.0,2.0,0.0,2.0,1,subject_16
-0.4483265302665725,1.0,2.0,2.0,0.0,1.0,1,subject_16
-0.4483265302665725,1.0,2.0,2.0,0.0,0.0,1,subject_16
-0.4483265302665725,1.0,2.0,2.0,1.0,2.0,3,subject_16
-0.4483265302665725,1.0,2.0,2.0,1.0,1.0,1,subject_16
-0.4483265302665725,1.0,2.0,2.0,1.0,0.0,1,subject_16
-0.4483265302665725,1.0,2.0,0.0,0.0,2.0,5,subject_16
-0.4483265302665725,1.0,2.0,0.0,0.0,1.0,2,subject_16
-0.4483265302665725,1.0,2.0,0.0,0.0,0.0,1,subject_16
-0.4483265302665725,1.0,2.0,0.0,1.0,2.0,6,subject_16
-0.4483265302665725,1.0,2.0,0.0,1.0,1.0,4,subject_16
-0.4483265302665725,1.0,2.0,0.0,1.0,0.0,2,subject_16
-0.4483265302665725,1.0,1.0,1.0,0.0,2.0,5,subject_16
-0.4483265302665725,1.0,1.0,1.0,0.0,1.0,2,subject_16
-0.4483265302665725,1.0,1.0,1.0,0.0,0.0,1,subject_16
-0.4483265302665725,1.0,1.0,1.0,1.0,2.0,6,subject_16
-0.4483265302665725,1.0,1.0,1.0,1.0,1.0,4,subject_16
-0.4483265302665725,1.0,1.0,1.0,1.0,0.0,2,subject_16
-0.4483265302665725,1.0,1.0,2.0,0.0,2.0,2,subject_16
-0.4483265302665725,1.0,1.0,2.0,0.0,1.0,1,subject_16
-0.4483265302665725,1.0,1.0,2.0,0.0,0.0,1,subject_16
-0.4483265302665725,1.0,1.0,2.0,1.0,2.0,5,subject_16
-0.4483265302665725,1.0,1.0,2.0,1.0,1.0,2,subject_16
-0.4483265302665725,1.0,1.0,2.0,1.0,0.0,1,subject_16
-0.4483265302665725,1.0,1.0,0.0,0.0,2.0,6,subject_16
-0.4483265302665725,1.0,1.0,0.0,0.0,1.0,4,subject_16
-0.4483265302665725,1.0,1.0,0.0,0.0,0.0,2,subject_16
-0.4483265302665725,1.0,1.0,0.0,1.0,2.0,6,subject_16
-0.4483265302665725,1.0,1.0,0.0,1.0,1.0,6,subject_16
-0.4483265302665725,1.0,1.0,0.0,1.0,0.0,4,subject_16
-0.4483265302665725,1.0,0.0,1.0,0.0,2.0,6,subject_16
-0.4483265302665725,1.0,0.0,1.0,0.0,1.0,4,subject_16
-0.4483265302665725,1.0,0.0,1.0,0.0,0.0,1,subject_16
-0.4483265302665725,1.0,0.0,1.0,1.0,2.0,6,subject_16
-0.4483265302665725,1.0,0.0,1.0,1.0,1.0,6,subject_16
-0.4483265302665725,1.0,0.0,1.0,1.0,0.0,3,subject_16
-0.4483265302665725,1.0,0.0,2.0,0.0,2.0,4,subject_16
-0.4483265302665725,1.0,0.0,2.0,0.0,1.0,2,subject_16
-0.4483265302665725,1.0,0.0,2.0,0.0,0.0,1,subject_16
-0.4483265302665725,1.0,0.0,2.0,1.0,2.0,6,subject_16
-0.4483265302665725,1.0,0.0,2.0,1.0,1.0,4,subject_16
-0.4483265302665725,1.0,0.0,2.0,1.0,0.0,1,subject_16
-0.4483265302665725,1.0,0.0,0.0,0.0,2.0,6,subject_16
-0.4483265302665725,1.0,0.0,0.0,0.0,1.0,6,subject_16
-0.4483265302665725,1.0,0.0,0.0,0.0,0.0,3,subject_16
-0.4483265302665725,1.0,0.0,0.0,1.0,2.0,6,subject_16
-0.4483265302665725,1.0,0.0,0.0,1.0,1.0,6,subject_16
-0.4483265302665725,1.0,0.0,0.0,1.0,0.0,5,subject_16
1.3857365480966777,-1.0,2.0,1.0,0.0,2.0,1,subject_16
1.3857365480966777,-1.0,2.0,1.0,0.0,1.0,1,subject_16
1.3857365480966777,-1.0,2.0,1.0,0.0,0.0,1,subject_16
1.3857365480966777,-1.0,2.0,1.0,1.0,2.0,3,subject_16
1.3857365480966777,-1.0,2.0,1.0,1.0,1.0,1,subject_16
1.3857365480966777,-1.0,2.0,1.0,1.0,0.0,1,subject_16
1.3857365480966777,-1.0,2.0,2.0,0.0,2.0,1,subject_16
1.3857365480966777,-1.0,2.0,2.0,0.0,1.0,1,subject_16
1.3857365480966777,-1.0,2.0,2.0,0.0,0.0,1,subject_16
1.3857365480966777,-1.0,2.0,2.0,1.0,2.0,1,subject_16
1.3857365480966777,-1.0,2.0,2.0,1.0,1.0,1,subject_16
1.3857365480966777,-1.0,2.0,2.0,1.0,0.0,1,subject_16
1.3857365480966777,-1.0,2.0,0.0,0.0,2.0,3,subject_16
1.3857365480966777,-1.0,2.0,0.0,0.0,1.0,1,subject_16
1.3857365480966777,-1.0,2.0,0.0,0.0,0.0,1,subject_16
1.3857365480966777,-1.0,2.0,0.0,1.0,2.0,5,subject_16
1.3857365480966777,-1.0,2.0,0.0,1.0,1.0,3,subject_16
1.3857365480966777,-1.0,2.0,0.0,1.0,0.0,1,subject_16
1.3857365480966777,-1.0,1.0,1.0,0.0,2.0,3,subject_16
1.3857365480966777,-1.0,1.0,1.0,0.0,1.0,1,subject_16
1.3857365480966777,-1.0,1.0,1.0,0.0,0.0,1,subject_16
1.3857365480966777,-1.0,1.0,1.0,1.0,2.0,5,subject_16
1.3857365480966777,-1.0,1.0,1.0,1.0,1.0,3,subject_16
1.3857365480966777,-1.0,1.0,1.0,1.0,0.0,1,subject_16
1.3857365480966777,-1.0,1.0,2.0,0.0,2.0,1,subject_16
1.3857365480966777,-1.0,1.0,2.0,0.0,1.0,1,subject_16
1.3857365480966777,-1.0,1.0,2.0,0.0,0.0,1,subject_16
1.3857365480966777,-1.0,1.0,2.0,1.0,2.0,3,subject_16
1.3857365480966777,-1.0,1.0,2.0,1.0,1.0,1,subject_16
1.3857365480966777,-1.0,1.0,2.0,1.0,0.0,1,subject_16
1.3857365480966777,-1.0,1.0,0.0,0.0,2.0,5,subject_16
1.3857365480966777,-1.0,1.0,0.0,0.0,1.0,2,subject_16
1.3857365480966777,-1.0,1.0,0.0,0.0,0.0,1,subject_16
1.3857365480966777,-1.0,1.0,0.0,1.0,2.0,6,subject_16
1.3857365480966777,-1.0,1.0,0.0,1.0,1.0,5,subject_16
1.3857365480966777,-1.0,1.0,0.0,1.0,0.0,2,subject_16
1.3857365480966777,-1.0,0.0,1.0,0.0,2.0,5,subject_16
1.3857365480966777,-1.0,0.0,1.0,0.0,1.0,2,subject_16
1.3857365480966777,-1.0,0.0,1.0,0.0,0.0,1,subject_16
1.3857365480966777,-1.0,0.0,1.0,1.0,2.0,6,subject_16
1.3857365480966777,-1.0,0.0,1.0,1.0,1.0,5,subject_16
1.3857365480966777,-1.0,0.0,1.0,1.0,0.0,2,subject_16
1.3857365480966777,-1.0,0.0,2.0,0.0,2.0,3,subject_16
1.3857365480966777,-1.0,0.0,2.0,0.0,1.0,1,subject_16
1.3857365480966777,-1.0,0.0,2.0,0.0,0.0,1,subject_16
1.3857365480966777,-1.0,0.0,2.0,1.0,2.0,5,subject_16
1.3857365480966777,-1.0,0.0,2.0,1.0,1.0,2,subject_16
1.3857365480966777,-1.0,0.0,2.0,1.0,0.0,1,subject_16
1.3857365480966777,-1.0,0.0,0.0,0.0,2.0,6,subject_16
1.3857365480966777,-1.0,0.0,0.0,0.0,1.0,5,subject_16
1.3857365480966777,-1.0,0.0,0.0,0.0,0.0,2,subject_16
1.3857365480966777,-1.0,0.0,0.0,1.0,2.0,6,subject_16
1.3857365480966777,-1.0,0.0,0.0,1.0,1.0,6,subject_16
1.3857365480966777,-1.0,0.0,0.0,1.0,0.0,4,subject_16
1.3857365480966777,1.0,2.0,1.0,0.0,2.0,4,subject_16
1.3857365480966777,1.0,2.0,1.0,0.0,1.0,1,subject_16
1.3857365480966777,1.0,2.0,1.0,0.0,0.0,1,subject_16
1.3857365480966777,1.0,2.0,1.0,1.0,2.0,6,subject_16
1.3857365480966777,1.0,2.0,1.0,1.0,1.0,3,subject_16
1.3857365480966777,1.0,2.0,1.0,1.0,0.0,1,subject_16
1.3857365480966777,1.0,2.0,2.0,0.0,2.0,2,subject_16
1.3857365480966777,1.0,2.0,2.0,0.0,1.0,1,subject_16
1.3857365480966777,1.0,2.0,2.0,0.0,0.0,1,subject_16
1.3857365480966777,1.0,2.0,2.0,1.0,2.0,4,subject_16
1.3857365480966777,1.0,2.0,2.0,1.0,1.0,1,subject_16
1.3857365480966777,1.0,2.0,2.0,1.0,0.0,1,subject_16
1.3857365480966777,1.0,2.0,0.0,0.0,2.0,6,subject_16
1.3857365480966777,1.0,2.0,0.0,0.0,1.0,3,subject_16
1.3857365480966777,1.0,2.0,0.0,0.0,0.0,1,subject_16
1.3857365480966777,1.0,2.0,0.0,1.0,2.0,6,subject_16
1.3857365480966777,1.0,2.0,0.0,1.0,1.0,5,subject_16
1.3857365480966777,1.0,2.0,0.0,1.0,0.0,3,subject_16
1.3857365480966777,1.0,1.0,1.0,0.0,2.0,5,subject_16
1.3857365480966777,1.0,1.0,1.0,0.0,1.0,3,subject_16
1.3857365480966777,1.0,1.0,1.0,0.0,0.0,1,subject_16
1.3857365480966777,1.0,1.0,1.0,1.0,2.0,6,subject_16
1.3857365480966777,1.0,1.0,1.0,1.0,1.0,5,subject_16
1.3857365480966777,1.0,1.0,1.0,1.0,0.0,2,subject_16
1.3857365480966777,1.0,1.0,2.0,0.0,2.0,3,subject_16
1.3857365480966777,1.0,1.0,2.0,0.0,1.0,1,subject_16
1.3857365480966777,1.0,1.0,2.0,0.0,0.0,1,subject_16
1.3857365480966777,1.0,1.0,2.0,1.0,2.0,6,subject_16
1.3857365480966777,1.0,1.0,2.0,1.0,1.0,3,subject_16
1.3857365480966777,1.0,1.0,2.0,1.0,0.0,1,subject_16
1.3857365480966777,1.0,1.0,0.0,0.0,2.0,6,subject_16
1.3857365480966777,1.0,1.0,0.0,0.0,1.0,5,subject_16
1.3857365480966777,1.0,1.0,0.0,0.0,0.0,2,subject_16
1.3857365480966777,1.0,1.0,0.0,1.0,2.0,6,subject_16
1.3857365480966777,1.0,1.0,0.0,1.0,1.0,6,subject_16
1.3857365480966777,1.0,1.0,0.0,1.0,0.0,5,subject_16
1.3857365480966777,1.0,0.0,1.0,0.0,2.0,6,subject_16
1.3857365480966777,1.0,0.0,1.0,0.0,1.0,5,subject_16
1.3857365480966777,1.0,0.0,1.0,0.0,0.0,2,subject_16
1.3857365480966777,1.0,0.0,1.0,1.0,2.0,6,subject_16
1.3857365480966777,1.0,0.0,1.0,1.0,1.0,6,subject_16
1.3857365480966777,1.0,0.0,1.0,1.0,0.0,5,subject_16
1.3857365480966777,1.0,0.0,2.0,0.0,2.0,5,subject_16
1.3857365480966777,1.0,0.0,2.0,0.0,1.0,2,subject_16
1.3857365480966777,1.0,0.0,2.0,0.0,0.0,1,subject_16
1.3857365480966777,1.0,0.0,2.0,1.0,2.0,6,subject_16
1.3857365480966777,1.0,0.0,2.0,1.0,1.0,5,subject_16
1.3857365480966777,1.0,0.0,2.0,1.0,0.0,2,subject_16
1.3857365480966777,1.0,0.0,0.0,0.0,2.0,6,subject_16
1.3857365480966777,1.0,0.0,0.0,0.0,1.0,6,subject_16
1.3857365480966777,1.0,0.0,0.0,0.0,0.0,5,subject_16
1.3857365480966777,1.0,0.0,0.0,1.0,2.0,6,subject_16
1.3857365480966777,1.0,0.0,0.0,1.0,1.0,6,subject_16
1.3857365480966777,1.0,0.0,0.0,1.0,0.0,6,subject_16
-0.937410017830106,-1.0,2.0,1.0,0.0,2.0,1,subject_17
-0.937410017830106,-1.0,2.0,1.0,0.0,1.0,1,subject_17
-0.937410017830106,-1.0,2.0,1.0,0.0,0.0,1,subject_17
-0.937410017830106,-1.0,2.0,1.0,1.0,2.0,2,subject_17
-0.937410017830106,-1.0,2.0,1.0,1.0,1.0,1,subject_17
-0.937410017830106,-1.0,2.0,1.0,1.0,0.0,1,subject_17
-0.937410017830106,-1.0,2.0,2.0,0.0,2.0,1,subject_17
-0.937410017830106,-1.0,2.0,2.0,0.0,1.0,1,subject_17
-0.937410017830106,-1.0,2.0,2.0,0.0,0.0,1,subject_17
-0.937410017830106,-1.0,2.0,2.0,1.0,2.0,1,subject_17
-0.937410017830106,-1.0,2.0,2.0,1.0,1.0,1,subject_17
-0.937410017830106,-1.0,2.0,2.0,1.0,0.0,1,subject_17
-0.937410017830106,-1.0,2.0,0.0,0.0,2.0,3,subject_17
-0.937410017830106,-1.0,2.0,0.0,0.0,1.0,2,subject_17
-0.937410017830106,-1.0,2.0,0.0,0.0,0.0,1,subject_17
-0.937410017830106,-1.0,2.0,0.0,1.0,2.0,5,subject_17
-0.937410017830106,-1.0,2.0,0.0,1.0,1.0,4,subject_17
-0.937410017830106,-1.0,2.0,0.0,1.0,0.0,2,subject_17
-0.937410017830106,-1.0,1.0,1.0,0.0,2.0,2,subject_17
-0.937410017830106,-1.0,1.0,1.0,0.0,1.0,1,subject_17
-0.937410017830106,-1.0,1.0,1.0,0.0,0.0,1,subject_17
-0.937410017830106,-1.0,1.0,1.0,1.0,2.0,5,subject_17
-0.937410017830106,-1.0,1.0,1.0,1.0,1.0,3,subject_17
-0.937410017830106,-1.0,1.0,1.0,1.0,0.0,2,subject_17
-0.937410017830106,-1.0,1.0,2.0,0.0,2.0,1,subject_17
-0.937410017830106,-1.0,1.0,2.0,0.0,1.0,1,subject_17
-0.937410017830106,-1.0,1.0,2.0,0.0,0.0,1,subject_17
-0.937410017830106,-1.0,1.0,2.0,1.0,2.0,2,subject_17
-0.937410017830106,-1.0,1.0,2.0,1.0,1.0,1,subject_17
-0.937410017830106,-1.0,1.0,2.0,1.0,0.0,1,subject_17
-0.937410017830106,-1.0,1.0,0.0,0.0,2.0,5,subject_17
-0.937410017830106,-1.0,1.0,0.0,0.0,1.0,4,subject_17
-0.937410017830106,-1.0,1.0,0.0,0.0,0.0,2,subject_17
-0.937410017830106,-1.0,1.0,0.0,1.0,2.0,6,subject_17
-0.937410017830106,-1.0,1.0,0.0,1.0,1.0,6,subject_17
-0.937410017830106,-1.0,1.0,0.0,1.0,0.0,5,subject_17
-0.937410017830106,-1.0,0.0,1.0,0.0,2.0,4,subject_17
-0.937410017830106,-1.0,0.0,1.0,0.0,1.0,3,subject_17
-0.937410017830106,-1.0,0.0,1.0,0.0,0.0,2,subject_17
-0.937410017830106,-1.0,0.0,1.0,1.0,2.0,6,subject_17
-0.937410017830106,-1.0,0.0,1.0,1.0,1.0,5,subject_17
-0.937410017830106,-1.0,0.0,1.0,1.0,0.0,4,subject_17
-0.937410017830106,-1.0,0.0,2.0,0.0,2.0,2,subject_17
-0.937410017830106,-1.0,0.0,2.0,0.0,1.0,1,subject_17
-0.937410017830106,-1.0,0.0,2.0,0.0,0.0,1,subject_17
-0.937410017830106,-1.0,0.0,2.0,1.0,2.0,4,subject_17
-0.937410017830106,-1.0,0.0,2.0,1.0,1.0,2,subject_17
-0.937410017830106,-1.0,0.0,2.0,1.0,0.0,1,subject_17
-0.937410017830106,-1.0,0.0,0.0,0.0,2.0,6,subject_17
-0.937410017830106,-1.0,0.0,0.0,0.0,1.0,6,subject_17
-0.937410017830106,-1.0,0.0,0.0,0.0,0.0,5,subject_17
-0.937410017830106,-1.0,0.0,0.0,1.0,2.0,6,subject_17
-0.937410017830106,-1.0,0.0,0.0,1.0,1.0,6,subject_17
-0.937410017830106,-1.0,0.0,0.0,1.0,0.0,6,subject_17
-0.937410017830106,1.0,2.0,1.0,0.0,2.0,1,subject_17
-0.937410017830106,1.0,2.0,1.0,0.0,1.0,1,subject_17
-0.937410017830106,1.0,2.0,1.0,0.0,0.0,1,subject_17
-0.937410017830106,1.0,2.0,1.0,1.0,2.0,2,subject_17
-0.937410017830106,1.0,2.0,1.0,1.0,1.0,1,subject_17
-0.937410017830106,1.0,2.0,1.0,1.0,0.0,1,subject_17
-0.937410017830106,1.0,2.0,2.0,0.0,2.0,1,subject_17
-0.937410017830106,1.0,2.0,2.0,0.0,1.0,1,subject_17
-0.937410017830106,1.0,2.0,2.0,0.0,0.0,1,subject_17
-0.937410017830106,1.0,2.0,2.0,1.0,2.0,1,subject_17
-0.937410017830106,1.0,2.0,2.0,1.0,1.0,1,subject_17
-0.937410017830106,1.0,2.0,2.0,1.0,0.0,1,subject_17
-0.937410017830106,1.0,2.0,0.0,0.0,2.0,2,subject_17
-0.937410017830106,1.0,2.0,0.0,0.0,1.0,1,subject_17
-0.937410017830106,1.0,2.0,0.0,0.0,0.0,1,subject_17
-0.937410017830106,1.0,2.0,0.0,1.0,2.0,4,subject_17
-0.937410017830106,1.0,2.0,0.0,1.0,1.0,3,subject_17
-0.937410017830106,1.0,2.0,0.0,1.0,0.0,2,subject_17
-0.937410017830106,1.0,1.0,1.0,0.0,2.0,2,subject_17
-0.937410017830106,1.0,1.0,1.0,0.0,1.0,1,subject_17
-0.937410017830106,1.0,1.0,1.0,0.0,0.0,1,subject_17
-0.937410017830106,1.0,1.0,1.0,1.0,2.0,4,subject_17
-0.937410017830106,1.0,1.0,1.0,1.0,1.0,2,subject_17
-0.937410017830106,1.0,1.0,1.0,1.0,0.0,1,subject_17
-0.937410017830106,1.0,1.0,2.0,0.0,2.0,1,subject_17
-0.937410017830106,1.0,1.0,2.0,0.0,1.0,1,subject_17
-0.937410017830106,1.0,1.0,2.0,0.0,0.0,1,subject_17
-0.937410017830106,1.0,1.0,2.0,1.0,2.0,1,subject_17
-0.937410017830106,1.0,1.0,2.0,1.0,1.0,1,subject_17
-0.937410017830106,1.0,1.0,2.0,1.0,0.0,1,subject_17
-0.937410017830106,1.0,1.0,0.0,0.0,2.0,4,subject_17
-0.937410017830106,1.0,1.0,0.0,0.0,1.0,3,subject_17
-0.937410017830106,1.0,1.0,0.0,0.0,0.0,2,subject_17
-0.937410017830106,1.0,1.0,0.0,1.0,2.0,6,subject_17
-0.937410017830106,1.0,1.0,0.0,1.0,1.0,5,subject_17
-0.937410017830106,1.0,1.0,0.0,1.0,0.0,4,subject_17
-0.937410017830106,1.0,0.0,1.0,0.0,2.0,3,subject_17
-0.937410017830106,1.0,0.0,1.0,0.0,1.0,2,subject_17
-0.937410017830106,1.0,0.0,1.0,0.0,0.0,1,subject_17
-0.937410017830106,1.0,0.0,1.0,1.0,2.0,5,subject_17
-0.937410017830106,1.0,0.0,1.0,1.0,1.0,4,subject_17
-0.937410017830106,1.0,0.0,1.0,1.0,0.0,3,subject_17
-0.937410017830106,1.0,0.0,2.0,0.0,2.0,1,subject_17
-0.937410017830106,1.0,0.0,2.0,0.0,1.0,1,subject_17
-0.937410017830106,1.0,0.0,2.0,0.0,0.0,1,subject_17
-0.937410017830106,1.0,0.0,2.0,1.0,2.0,3,subject_17
-0.937410017830106,1.0,0.0,2.0,1.0,1.0,2,subject_17
-0.937410017830106,1.0,0.0,2.0,1.0,0.0,1,subject_17
-0.937410017830106,1.0,0.0,0.0,0.0,2.0,6,subject_17
-0.937410017830106,1.0,0.0,0.0,0.0,1.0,5,subject_17
-0.937410017830106,1.0,0.0,0.0,0.0,0.0,4,subject_17
-0.937410017830106,1.0,0.0,0.0,1.0,2.0,6,subject_17
-0.937410017830106,1.0,0.0,0.0,1.0,1.0,6,subject_17
-0.937410017830106,1.0,0.0,0.0,1.0,0.0,5,subject_17
-0.4483265302665725,-1.0,2.0,1.0,0.0,2.0,1,subject_17
-0.4483265302665725,-1.0,2.0,1.0,0.0,1.0,1,subject_17
-0.4483265302665725,-1.0,2.0,1.0,0.0,0.0,1,subject_17
-0.4483265302665725,-1.0,2.0,1.0,1.0,2.0,2,subject_17
-0.4483265302665725,-1.0,2.0,1.0,1.0,1.0,1,subject_17
-0.4483265302665725,-1.0,2.0,1.0,1.0,0.0,1,subject_17
-0.4483265302665725,-1.0,2.0,2.0,0.0,2.0,1,subject_17
-0.4483265302665725,-1.0,2.0,2.0,0.0,1.0,1,subject_17
-0.4483265302665725,-1.0,2.0,2.0,0.0,0.0,1,subject_17
-0.4483265302665725,-1.0,2.0,2.0,1.0,2.0,1,subject_17
-0.4483265302665725,-1.0,2.0,2.0,1.0,1.0,1,subject_17
-0.4483265302665725,-1.0,2.0,2.0,1.0,0.0,1,subject_17
-0.4483265302665725,-1.0,2.0,0.0,0.0,2.0,2,subject_17
-0.4483265302665725,-1.0,2.0,0.0,0.0,1.0,1,subject_17
-0.4483265302665725,-1.0,2.0,0.0,0.0,0.0,1,subject_17
-0.4483265302665725,-1.0,2.0,0.0,1.0,2.0,5,subject_17
-0.4483265302665725,-1.0,2.0,0.0,1.0,1.0,3,subject_17
-0.4483265302665725,-1.0,2.0,0.0,1.0,0.0,2,subject_17
-0.4483265302665725,-1.0,1.0,1.0,0.0,2.0,2,subject_17
-0.4483265302665725,-1.0,1.0,1.0,0.0,1.0,1,subject_17
-0.4483265302665725,-1.0,1.0,1.0,0.0,0.0,1,subject_17
-0.4483265302665725,-1.0,1.0,1.0,1.0,2.0,4,subject_17
-0.4483265302665725,-1.0,1.0,1.0,1.0,1.0,2,subject_17
-0.4483265302665725,-1.0,1.0,1.0,1.0,0.0,1,subject_17
-0.4483265302665725,-1.0,1.0,2.0,0.0,2.0,1,subject_17
-0.4483265302665725,-1.0,1.0,2.0,0.0,1.0,1,subject_17
-0.4483265302665725,-1.0,1.0,2.0,0.0,0.0,1,subject_17
-0.4483265302665725,-1.0,1.0,2.0,1.0,2.0,1,subject_17
-0.4483265302665725,-1.0,1.0,2.0,1.0,1.0,1,subject_17
-0.4483265302665725,-1.0,1.0,2.0,1.0,0.0,1,subject_17
-0.4483265302665725,-1.0,1.0,0.0,0.0,2.0,5,subject_17
-0.4483265302665725,-1.0,1.0,0.0,0.0,1.0,3,subject_17
-0.4483265302665725,-1.0,1.0,0.0,0.0,0.0,2,subject_17
-0.4483265302665725,-1.0,1.0,0.0,1.0,2.0,6,subject_17
-0.4483265302665725,-1.0,1.0,0.0,1.0,1.0,5,subject_17
-0.4483265302665725,-1.0,1.0,0.0,1.0,0.0,4,subject_17
-0.4483265302665725,-1.0,0.0,1.0,0.0,2.0,4,subject_17
-0.4483265302665725,-1.0,0.0,1.0,0.0,1.0,2,subject_17
-0.4483265302665725,-1.0,0.0,1.0,0.0,0.0,1,subject_17
-0.4483265302665725,-1.0,0.0,1.0,1.0,2.0,6,subject_17
-0.4483265302665725,-1.0,0.0,1.0,1.0,1.0,5,subject_17
-0.4483265302665725,-1.0,0.0,1.0,1.0,0.0,3,subject_17
-0.4483265302665725,-1.0,0.0,2.0,0.0,2.0,1,subject_17
-0.4483265302665725,-1.0,0.0,2.0,0.0,1.0,1,subject_17
-0.4483265302665725,-1.0,0.0,2.0,0.0,0.0,1,subject_17
-0.4483265302665725,-1.0,0.0,2.0,1.0,2.0,3,subject_17
-0.4483265302665725,-1.0,0.0,2.0,1.0,1.0,2,subject_17
-0.4483265302665725,-1.0,0.0,2.0,1.0,0.0,1,subject_17
-0.4483265302665725,-1.0,0.0,0.0,0.0,2.0,6,subject_17
-0.4483265302665725,-1.0,0.0,0.0,0.0,1.0,5,subject_17
-0.4483265302665725,-1.0,0.0,0.0,0.0,0.0,4,subject_17
-0.4483265302665725,-1.0,0.0,0.0,1.0,2.0,6,subject_17
-0.4483265302665725,-1.0,0.0,0.0,1.0,1.0,6,subject_17
-0.4483265302665725,-1.0,0.0,0.0,1.0,0.0,6,subject_17
-0.4483265302665725,1.0,2.0,1.0,0.0,2.0,1,subject_17
-0.4483265302665725,1.0,2.0,1.0,0.0,1.0,1,subject_17
-0.4483265302665725,1.0,2.0,1.0,0.0,0.0,1,subject_17
-0.4483265302665725,1.0,2.0,1.0,1.0,2.0,2,subject_17
-0.4483265302665725,1.0,2.0,1.0,1.0,1.0,1,subject_17
-0.4483265302665725,1.0,2.0,1.0,1.0,0.0,1,subject_17
-0.4483265302665725,1.0,2.0,2.0,0.0,2.0,1,subject_17
-0.4483265302665725,1.0,2.0,2.0,0.0,1.0,1,subject_17
-0.4483265302665725,1.0,2.0,2.0,0.0,0.0,1,subject_17
-0.4483265302665725,1.0,2.0,2.0,1.0,2.0,1,subject_17
-0.4483265302665725,1.0,2.0,2.0,1.0,1.0,1,subject_17
-0.4483265302665725,1.0,2.0,2.0,1.0,0.0,1,subject_17
-0.4483265302665725,1.0,2.0,0.0,0.0,2.0,2,subject_17
-0.4483265302665725,1.0,2.0,0.0,0.0,1.0,1,subject_17
-0.4483265302665725,1.0,2.0,0.0,0.0,0.0,1,subject_17
-0.4483265302665725,1.0,2.0,0.0,1.0,2.0,5,subject_17
-0.4483265302665725,1.0,2.0,0.0,1.0,1.0,3,subject_17
-0.4483265302665725,1.0,2.0,0.0,1.0,0.0,2,subject_17
-0.4483265302665725,1.0,1.0,1.0,0.0,2.0,2,subject_17
-0.4483265302665725,1.0,1.0,1.0,0.0,1.0,1,subject_17
-0.4483265302665725,1.0,1.0,1.0,0.0,0.0,1,subject_17
-0.4483265302665725,1.0,1.0,1.0,1.0,2.0,4,subject_17
-0.4483265302665725,1.0,1.0,1.0,1.0,1.0,2,subject_17
-0.4483265302665725,1.0,1.0,1.0,1.0,0.0,1,subject_17
-0.4483265302665725,1.0,1.0,2.0,0.0,2.0,1,subject_17
-0.4483265302665725,1.0,1.0,2.0,0.0,1.0,1,subject_17
-0.4483265302665725,1.0,1.0,2.0,0.0,0.0,1,subject_17
-0.4483265302665725,1.0,1.0,2.0,1.0,2.0,1,subject_17
-0.4483265302665725,1.0,1.0,2.0,1.0,1.0,1,subject_17
-0.4483265302665725,1.0,1.0,2.0,1.0,0.0,1,subject_17
-0.4483265302665725,1.0,1.0,0.0,0.0,2.0,5,subject_17
-0.4483265302665725,1.0,1.0,0.0,0.0,1.0,3,subject_17
-0.4483265302665725,1.0,1.0,0.0,0.0,0.0,2,subject_17
-0.4483265302665725,1.0,1.0,0.0,1.0,2.0,6,subject_17
-0.4483265302665725,1.0,1.0,0.0,1.0,1.0,5,subject_17
-0.4483265302665725,1.0,1.0,0.0,1.0,0.0,4,subject_17
-0.4483265302665725,1.0,0.0,1.0,0.0,2.0,4,subject_17
-0.4483265302665725,1.0,0.0,1.0,0.0,1.0,2,subject_17
-0.4483265302665725,1.0,0.0,1.0,0.0,0.0,1,subject_17
-0.4483265302665725,1.0,0.0,1.0,1.0,2.0,6,subject_17
-0.4483265302665725,1.0,0.0,1.0,1.0,1.0,5,subject_17
-0.4483265302665725,1.0,0.0,1.0,1.0,0.0,3,subject_17
-0.4483265302665725,1.0,0.0,2.0,0.0,2.0,1,subject_17
-0.4483265302665725,1.0,0.0,2.0,0.0,1.0,1,subject_17
-0.4483265302665725,1.0,0.0,2.0,0.0,0.0,1,subject_17
-0.4483265302665725,1.0,0.0,2.0,1.0,2.0,3,subject_17
-0.4483265302665725,1.0,0.0,2.0,1.0,1.0,2,subject_17
-0.4483265302665725,1.0,0.0,2.0,1.0,0.0,1,subject_17
-0.4483265302665725,1.0,0.0,0.0,0.0,2.0,6,subject_17
-0.4483265302665725,1.0,0.0,0.0,0.0,1.0,5,subject_17
-0.4483265302665725,1.0,0.0,0.0,0.0,0.0,4,subject_17
-0.4483265302665725,1.0,0.0,0.0,1.0,2.0,6,subject_17
-0.4483265302665725,1.0,0.0,0.0,1.0,1.0,6,subject_17
-0.4483265302665725,1.0,0.0,0.0,1.0,0.0,6,subject_17
1.3857365480966777,-1.0,2.0,1.0,0.0,2.0,1,subject_17
1.3857365480966777,-1.0,2.0,1.0,0.0,1.0,1,subject_17
1.3857365480966777,-1.0,2.0,1.0,0.0,0.0,1,subject_17
1.3857365480966777,-1.0,2.0,1.0,1.0,2.0,1,subject_17
1.3857365480966777,-1.0,2.0,1.0,1.0,1.0,1,subject_17
1.3857365480966777,-1.0,2.0,1.0,1.0,0.0,1,subject_17
1.3857365480966777,-1.0,2.0,2.0,0.0,2.0,1,subject_17
1.3857365480966777,-1.0,2.0,2.0,0.0,1.0,1,subject_17
1.3857365480966777,-1.0,2.0,2.0,0.0,0.0,1,subject_17
1.3857365480966777,-1.0,2.0,2.0,1.0,2.0,1,subject_17
1.3857365480966777,-1.0,2.0,2.0,1.0,1.0,1,subject_17
1.3857365480966777,-1.0,2.0,2.0,1.0,0.0,1,subject_17
1.3857365480966777,-1.0,2.0,0.0,0.0,2.0,1,subject_17
1.3857365480966777,-1.0,2.0,0.0,0.0,1.0,1,subject_17
1.3857365480966777,-1.0,2.0,0.0,0.0,0.0,1,subject_17
1.3857365480966777,-1.0,2.0,0.0,1.0,2.0,2,subject_17
1.3857365480966777,-1.0,2.0,0.0,1.0,1.0,1,subject_17
1.3857365480966777,-1.0,2.0,0.0,1.0,0.0,1,subject_17
1.3857365480966777,-1.0,1.0,1.0,0.0,2.0,1,subject_17
1.3857365480966777,-1.0,1.0,1.0,0.0,1.0,1,subject_17
1.3857365480966777,-1.0,1.0,1.0,0.0,0.0,1,subject_17
1.3857365480966777,-1.0,1.0,1.0,1.0,2.0,1,subject_17
1.3857365480966777,-1.0,1.0,1.0,1.0,1.0,1,subject_17
1.3857365480966777,-1.0,1.0,1.0,1.0,0.0,1,subject_17
1.3857365480966777,-1.0,1.0,2.0,0.0,2.0,1,subject_17
1.3857365480966777,-1.0,1.0,2.0,0.0,1.0,1,subject_17
1.3857365480966777,-1.0,1.0,2.0,0.0,0.0,1,subject_17
1.3857365480966777,-1.0,1.0,2.0,1.0,2.0,1,subject_17
1.3857365480966777,-1.0,1.0,2.0,1.0,1.0,1,subject_17
1.3857365480966777,-1.0,1.0,2.0,1.0,0.0,1,subject_17
1.3857365480966777,-1.0,1.0,0.0,0.0,2.0,2,subject_17
1.3857365480966777,-1.0,1.0,0.0,0.0,1.0,1,subject_17
1.3857365480966777,-1.0,1.0,0.0,0.0,0.0,1,subject_17
1.3857365480966777,-1.0,1.0,0.0,1.0,2.0,4,subject_17
1.3857365480966777,-1.0,1.0,0.0,1.0,1.0,2,subject_17
1.3857365480966777,-1.0,1.0,0.0,1.0,0.0,1,subject_17
1.3857365480966777,-1.0,0.0,1.0,0.0,2.0,1,subject_17
1.3857365480966777,-1.0,0.0,1.0,0.0,1.0,1,subject_17
1.3857365480966777,-1.0,0.0,1.0,0.0,0.0,1,subject_17
1.3857365480966777,-1.0,0.0,1.0,1.0,2.0,3,subject_17
1.3857365480966777,-1.0,0.0,1.0,1.0,1.0,2,subject_17
1.3857365480966777,-1.0,0.0,1.0,1.0,0.0,1,subject_17
1.3857365480966777,-1.0,0.0,2.0,0.0,2.0,1,subject_17
1.3857365480966777,-1.0,0.0,2.0,0.0,1.0,1,subject_17
1.3857365480966777,-1.0,0.0,2.0,0.0,0.0,1,subject_17
1.3857365480966777,-1.0,0.0,2.0,1.0,2.0,1,subject_17
1.3857365480966777,-1.0,0.0,2.0,1.0,1.0,1,subject_17
1.3857365480966777,-1.0,0.0,2.0,1.0,0.0,1,subject_17
1.3857365480966777,-1.0,0.0,0.0,0.0,2.0,4,subject_17
1.3857365480966777,-1.0,0.0,0.0,0.0,1.0,2,subject_17
1.3857365480966777,-1.0,0.0,0.0,0.0,0.0,1,subject_17
1.3857365480966777,-1.0,0.0,0.0,1.0,2.0,6,subject_17
1.3857365480966777,-1.0,0.0,0.0,1.0,1.0,5,subject_17
1.3857365480966777,-1.0,0.0,0.0,1.0,0.0,3,subject_17
1.3857365480966777,1.0,2.0,1.0,0.0,2.0,1,subject_17
1.3857365480966777,1.0,2.0,1.0,0.0,1.0,1,subject_17
1.3857365480966777,1.0,2.0,1.0,0.0,0.0,1,subject_17
1.3857365480966777,1.0,2.0,1.0,1.0,2.0,2,subject_17
1.3857365480966777,1.0,2.0,1.0,1.0,1.0,1,subject_17
1.3857365480966777,1.0,2.0,1.0,1.0,0.0,1,subject_17
1.3857365480966777,1.0,2.0,2.0,0.0,2.0,1,subject_17
1.3857365480966777,1.0,2.0,2.0,0.0,1.0,1,subject_17
1.3857365480966777,1.0,2.0,2.0,0.0,0.0,1,subject_17
1.3857365480966777,1.0,2.0,2.0,1.0,2.0,1,subject_17
1.3857365480966777,1.0,2.0,2.0,1.0,1.0,1,subject_17
1.3857365480966777,1.0,2.0,2.0,1.0,0.0,1,subject_17
1.3857365480966777,1.0,2.0,0.0,0.0,2.0,3,subject_17
1.3857365480966777,1.0,2.0,0.0,0.0,1.0,2,subject_17
1.3857365480966777,1.0,2.0,0.0,0.0,0.0,1,subject_17
1.3857365480966777,1.0,2.0,0.0,1.0,2.0,5,subject_17
1.3857365480966777,1.0,2.0,0.0,1.0,1.0,4,subject_17
1.3857365480966777,1.0,2.0,0.0,1.0,0.0,2,subject_17
1.3857365480966777,1.0,1.0,1.0,0.0,2.0,2,subject_17
1.3857365480966777,1.0,1.0,1.0,0.0,1.0,1,subject_17
1.3857365480966777,1.0,1.0,1.0,0.0,0.0,1,subject_17
1.3857365480966777,1.0,1.0,1.0,1.0,2.0,5,subject_17
1.3857365480966777,1.0,1.0,1.0,1.0,1.0,3,subject_17
1.3857365480966777,1.0,1.0,1.0,1.0,0.0,2,subject_17
1.3857365480966777,1.0,1.0,2.0,0.0,2.0,1,subject_17
1.3857365480966777,1.0,1.0,2.0,0.0,1.0,1,subject_17
1.3857365480966777,1.0,1.0,2.0,0.0,0.0,1,subject_17
1.3857365480966777,1.0,1.0,2.0,1.0,2.0,2,subject_17
1.3857365480966777,1.0,1.0,2.0,1.0,1.0,1,subject_17
1.3857365480966777,1.0,1.0,2.0,1.0,0.0,1,subject_17
1.3857365480966777,1.0,1.0,0.0,0.0,2.0,5,subject_17
1.3857365480966777,1.0,1.0,0.0,0.0,1.0,4,subject_17
1.3857365480966777,1.0,1.0,0.0,0.0,0.0,2,subject_17
1.3857365480966777,1.0,1.0,0.0,1.0,2.0,6,subject_17
1.3857365480966777,1.0,1.0,0.0,1.0,1.0,6,subject_17
1.3857365480966777,1.0,1.0,0.0,1.0,0.0,5,subject_17
1.3857365480966777,1.0,0.0,1.0,0.0,2.0,4,subject_17
1.3857365480966777,1.0,0.0,1.0,0.0,1.0,3,subject_17
1.3857365480966777,1.0,0.0,1.0,0.0,0.0,2,subject_17
1.3857365480966777,1.0,0.0,1.0,1.0,2.0,6,subject_17
1.3857365480966777,1.0,0.0,1.0,1.0,1.0,5,subject_17
1.3857365480966777,1.0,0.0,1.0,1.0,0.0,4,subject_17
1.3857365480966777,1.0,0.0,2.0,0.0,2.0,2,subject_17
1.3857365480966777,1.0,0.0,2.0,0.0,1.0,1,subject_17
1.3857365480966777,1.0,0.0,2.0,0.0,0.0,1,subject_17
1.3857365480966777,1.0,0.0,2.0,1.0,2.0,4,subject_17
1.3857365480966777,1.0,0.0,2.0,1.0,1.0,2,subject_17
1.3857365480966777,1.0,0.0,2.0,1.0,0.0,1,subject_17
1.3857365480966777,1.0,0.0,0.0,0.0,2.0,6,subject_17
1.3857365480966777,1.0,0.0,0.0,0.0,1.0,6,subject_17
1.3857365480966777,1.0,0.0,0.0,0.0,0.0,5,subject_17
1.3857365480966777,1.0,0.0,0.0,1.0,2.0,6,subject_17
1.3857365480966777,1.0,0.0,0.0,1.0,1.0,6,subject_17
1.3857365480966777,1.0,0.0,0.0,1.0,0.0,6,subject_17
-0.937410017830106,-1.0,2.0,1.0,0.0,2.0,1,subject_18
-0.937410017830106,-1.0,2.0,1.0,0.0,1.0,1,subject_18
-0.937410017830106,-1.0,2.0,1.0,0.0,0.0,1,subject_18
-0.937410017830106,-1.0,2.0,1.0,1.0,2.0,3,subject_18
-0.937410017830106,-1.0,2.0,1.0,1.0,1.0,1,subject_18
-0.937410017830106,-1.0,2.0,1.0,1.0,0.0,1,subject_18
-0.937410017830106,-1.0,2.0,2.0,0.0,2.0,1,subject_18
-0.937410017830106,-1.0,2.0,2.0,0.0,1.0,1,subject_18
-0.937410017830106,-1.0,2.0,2.0,0.0,0.0,1,subject_18
-0.937410017830106,-1.0,2.0,2.0,1.0,2.0,1,subject_18
-0.937410017830106,-1.0,2.0,2.0,1.0,1.0,1,subject_18
-0.937410017830106,-1.0,2.0,2.0,1.0,0.0,1,subject_18
-0.937410017830106,-1.0,2.0,0.0,0.0,2.0,3,subject_18
-0.937410017830106,-1.0,2.0,0.0,0.0,1.0,1,subject_18
-0.937410017830106,-1.0,2.0,0.0,0.0,0.0,1,subject_18
-0.937410017830106,-1.0,2.0,0.0,1.0,2.0,5,subject_18
-0.937410017830106,-1.0,2.0,0.0,1.0,1.0,3,subject_18
-0.937410017830106,-1.0,2.0,0.0,1.0,0.0,2,subject_18
-0.937410017830106,-1.0,1.0,1.0,0.0,2.0,3,subject_18
-0.937410017830106,-1.0,1.0,1.0,0.0,1.0,2,subject_18
-0.937410017830106,-1.0,1.0,1.0,0.0,0.0,1,subject_18
-0.937410017830106,-1.0,1.0,1.0,1.0,2.0,6,subject_18
-0.937410017830106,-1.0,1.0,1.0,1.0,1.0,4,subject_18
-0.937410017830106,-1.0,1.0,1.0,1.0,0.0,2,subject_18
-0.937410017830106,-1.0,1.0,2.0,0.0,2.0,1,subject_18
-0.937410017830106,-1.0,1.0,2.0,0.0,1.0,1,subject_18
-0.937410017830106,-1.0,1.0,2.0,0.0,0.0,1,subject_18
-0.937410017830106,-1.0,1.0,2.0,1.0,2.0,3,subject_18
-0.937410017830106,-1.0,1.0,2.0,1.0,1.0,2,subject_18
-0.937410017830106,-1.0,1.0,2.0,1.0,0.0,1,subject_18
-0.937410017830106,-1.0,1.0,0.0,0.0,2.0,6,subject_18
-0.937410017830106,-1.0,1.0,0.0,0.0,1.0,4,subject_18
-0.937410017830106,-1.0,1.0,0.0,0.0,0.0,2,subject_18
-0.937410017830106,-1.0,1.0,0.0,1.0,2.0,6,subject_18
-0.937410017830106,-1.0,1.0,0.0,1.0,1.0,6,subject_18
-0.937410017830106,-1.0,1.0,0.0,1.0,0.0,5,subject_18
-0.937410017830106,-1.0,0.0,1.0,0.0,2.0,6,subject_18
-0.937410017830106,-1.0,0.0,1.0,0.0,1.0,5,subject_18
-0.937410017830106,-1.0,0.0,1.0,0.0,0.0,3,subject_18
-0.937410017830106,-1.0,0.0,1.0,1.0,2.0,6,subject_18
-0.937410017830106,-1.0,0.0,1.0,1.0,1.0,6,subject_18
-0.937410017830106,-1.0,0.0,1.0,1.0,0.0,5,subject_18
-0.937410017830106,-1.0,0.0,2.0,0.0,2.0,4,subject_18
-0.937410017830106,-1.0,0.0,2.0,0.0,1.0,2,subject_18
-0.937410017830106,-1.0,0.0,2.0,0.0,0.0,1,subject_18
-0.937410017830106,-1.0,0.0,2.0,1.0,2.0,6,subject_18
-0.937410017830106,-1.0,0.0,2.0,1.0,1.0,5,subject_18
-0.937410017830106,-1.0,0.0,2.0,1.0,0.0,3,subject_18
-0.937410017830106,-1.0,0.0,0.0,0.0,2.0,6,subject_18
-0.937410017830106,-1.0,0.0,0.0,0.0,1.0,6,subject_18
-0.937410017830106,-1.0,0.0,0.0,0.0,0.0,5,subject_18
-0.937410017830106,-1.0,0.0,0.0,1.0,2.0,6,subject_18
-0.937410017830106,-1.0,0.0,0.0,1.0,1.0,6,subject_18
-0.937410017830106,-1.0,0.0,0.0,1.0,0.0,6,subject_18
-0.937410017830106,1.0,2.0,1.0,0.0,2.0,1,subject_18
-0.937410017830106,1.0,2.0,1.0,0.0,1.0,1,subject_18
-0.937410017830106,1.0,2.0,1.0,0.0,0.0,1,subject_18
-0.937410017830106,1.0,2.0,1.0,1.0,2.0,1,subject_18
-0.937410017830106,1.0,2.0,1.0,1.0,1.0,1,subject_18
-0.937410017830106,1.0,2.0,1.0,1.0,0.0,1,subject_18
-0.937410017830106,1.0,2.0,2.0,0.0,2.0,1,subject_18
-0.937410017830106,1.0,2.0,2.0,0.0,1.0,1,subject_18
-0.937410017830106,1.0,2.0,2.0,0.0,0.0,1,subject_18
-0.937410017830106,1.0,2.0,2.0,1.0,2.0,1,subject_18
-0.937410017830106,1.0,2.0,2.0,1.0,1.0,1,subject_18
-0.937410017830106,1.0,2.0,2.0,1.0,0.0,1,subject_18
-0.937410017830106,1.0,2.0,0.0,0.0,2.0,1,subject_18
-0.937410017830106,1.0,2.0,0.0,0.0,1.0,1,subject_18
-0.937410017830106,1.0,2.0,0.0,0.0,0.0,1,subject_18
-0.937410017830106,1.0,2.0,0.0,1.0,2.0,3,subject_18
-0.937410017830106,1.0,2.0,0.0,1.0,1.0,1,subject_18
-0.937410017830106,1.0,2.0,0.0,1.0,0.0,1,subject_18
-0.937410017830106,1.0,1.0,1.0,0.0,2.0,1,subject_18
-0.937410017830106,1.0,1.0,1.0,0.0,1.0,1,subject_18
-0.937410017830106,1.0,1.0,1.0,0.0,0.0,1,subject_18
-0.937410017830106,1.0,1.0,1.0,1.0,2.0,3,subject_18
-0.937410017830106,1.0,1.0,1.0,1.0,1.0,2,subject_18
-0.937410017830106,1.0,1.0,1.0,1.0,0.0,1,subject_18
-0.937410017830106,1.0,1.0,2.0,0.0,2.0,1,subject_18
-0.937410017830106,1.0,1.0,2.0,0.0,1.0,1,subject_18
-0.937410017830106,1.0,1.0,2.0,0.0,0.0,1,subject_18
-0.937410017830106,1.0,1.0,2.0,1.0,2.0,1,subject_18
-0.937410017830106,1.0,1.0,2.0,1.0,1.0,1,subject_18
-0.937410017830106,1.0,1.0,2.0,1.0,0.0,1,subject_18
-0.937410017830106,1.0,1.0,0.0,0.0,2.0,4,subject_18
-0.937410017830106,1.0,1.0,0.0,0.0,1.0,2,subject_18
-0.937410017830106,1.0,1.0,0.0,0.0,0.0,1,subject_18
-0.937410017830106,1.0,1.0,0.0,1.0,2.0,6,subject_18
-0.937410017830106,1.0,1.0,0.0,1.0,1.0,4,subject_18
-0.937410017830106,1.0,1.0,0.0,1.0,0.0,2,subject_18
-0.937410017830106,1.0,0.0,1.0,0.0,2.0,4,subject_18
-0.937410017830106,1.0,0.0,1.0,0.0,1.0,2,subject_18
-0.937410017830106,1.0,0.0,1.0,0.0,0.0,1,subject_18
-0.937410017830106,1.0,0.0,1.0,1.0,2.0,6,subject_18
-0.937410017830106,1.0,0.0,1.0,1.0,1.0,5,subject_18
-0.937410017830106,1.0,0.0,1.0,1.0,0.0,3,subject_18
-0.937410017830106,1.0,0.0,2.0,0.0,2.0,2,subject_18
-0.937410017830106,1.0,0.0,2.0,0.0,1.0,1,subject_18
-0.937410017830106,1.0,0.0,2.0,0.0,0.0,1,subject_18
-0.937410017830106,1.0,0.0,2.0,1.0,2.0,4,subject_18
-0.937410017830106,1.0,0.0,2.0,1.0,1.0,2,subject_18
-0.937410017830106,1.0,0.0,2.0,1.0,0.0,1,subject_18
-0.937410017830106,1.0,0.0,0.0,0.0,2.0,6,subject_18
-0.937410017830106,1.0,0.0,0.0,0.0,1.0,5,subject_18
-0.937410017830106,1.0,0.0,0.0,0.0,0.0,3,subject_18
-0.937410017830106,1.0,0.0,0.0,1.0,2.0,6,subject_18
-0.937410017830106,1.0,0.0,0.0,1.0,1.0,6,subject_18
-0.937410017830106,1.0,0.0,0.0,1.0,0.0,5,subject_18
-0.4483265302665725,-1.0,2.0,1.0,0.0,2.0,1,subject_18
-0.4483265302665725,-1.0,2.0,1.0,0.0,1.0,1,subject_18
-0.4483265302665725,-1.0,2.0,1.0,0.0,0.0,1,subject_18
-0.4483265302665725,-1.0,2.0,1.0,1.0,2.0,2,subject_18
-0.4483265302665725,-1.0,2.0,1.0,1.0,1.0,1,subject_18
-0.4483265302665725,-1.0,2.0,1.0,1.0,0.0,1,subject_18
-0.4483265302665725,-1.0,2.0,2.0,0.0,2.0,1,subject_18
-0.4483265302665725,-1.0,2.0,2.0,0.0,1.0,1,subject_18
-0.4483265302665725,-1.0,2.0,2.0,0.0,0.0,1,subject_18
-0.4483265302665725,-1.0,2.0,2.0,1.0,2.0,1,subject_18
-0.4483265302665725,-1.0,2.0,2.0,1.0,1.0,1,subject_18
-0.4483265302665725,-1.0,2.0,2.0,1.0,0.0,1,subject_18
-0.4483265302665725,-1.0,2.0,0.0,0.0,2.0,2,subject_18
-0.4483265302665725,-1.0,2.0,0.0,0.0,1.0,1,subject_18
-0.4483265302665725,-1.0,2.0,0.0,0.0,0.0,1,subject_18
-0.4483265302665725,-1.0,2.0,0.0,1.0,2.0,5,subject_18
-0.4483265302665725,-1.0,2.0,0.0,1.0,1.0,2,subject_18
-0.4483265302665725,-1.0,2.0,0.0,1.0,0.0,1,subject_18
-0.4483265302665725,-1.0,1.0,1.0,0.0,2.0,2,subject_18
-0.4483265302665725,-1.0,1.0,1.0,0.0,1.0,1,subject_18
-0.4483265302665725,-1.0,1.0,1.0,0.0,0.0,1,subject_18
-0.4483265302665725,-1.0,1.0,1.0,1.0,2.0,5,subject_18
-0.4483265302665725,-1.0,1.0,1.0,1.0,1.0,3,subject_18
-0.4483265302665725,-1.0,1.0,1.0,1.0,0.0,2,subject_18
-0.4483265302665725,-1.0,1.0,2.0,0.0,2.0,1,subject_18
-0.4483265302665725,-1.0,1.0,2.0,0.0,1.0,1,subject_18
-0.4483265302665725,-1.0,1.0,2.0,0.0,0.0,1,subject_18
-0.4483265302665725,-1.0,1.0,2.0,1.0,2.0,2,subject_18
-0.4483265302665725,-1.0,1.0,2.0,1.0,1.0,1,subject_18
-0.4483265302665725,-1.0,1.0,2.0,1.0,0.0,1,subject_18
-0.4483265302665725,-1.0,1.0,0.0,0.0,2.0,5,subject_18
-0.4483265302665725,-1.0,1.0,0.0,0.0,1.0,3,subject_18
-0.4483265302665725,-1.0,1.0,0.0,0.0,0.0,2,subject_18
-0.4483265302665725,-1.0,1.0,0.0,1.0,2.0,6,subject_18
-0.4483265302665725,-1.0,1.0,0.0,1.0,1.0,6,subject_18
-0.4483265302665725,-1.0,1.0,0.0,1.0,0.0,4,subject_18
-0.4483265302665725,-1.0,0.0,1.0,0.0,2.0,5,subject_18
-0.4483265302665725,-1.0,0.0,1.0,0.0,1.0,4,subject_18
-0.4483265302665725,-1.0,0.0,1.0,0.0,0.0,2,subject_18
-0.4483265302665725,-1.0,0.0,1.0,1.0,2.0,6,subject_18
-0.4483265302665725,-1.0,0.0,1.0,1.0,1.0,6,subject_18
-0.4483265302665725,-1.0,0.0,1.0,1.0,0.0,5,subject_18
-0.4483265302665725,-1.0,0.0,2.0,0.0,2.0,3,subject_18
-0.4483265302665725,-1.0,0.0,2.0,0.0,1.0,1,subject_18
-0.4483265302665725,-1.0,0.0,2.0,0.0,0.0,1,subject_18
-0.4483265302665725,-1.0,0.0,2.0,1.0,2.0,5,subject_18
-0.4483265302665725,-1.0,0.0,2.0,1.0,1.0,4,subject_18
-0.4483265302665725,-1.0,0.0,2.0,1.0,0.0,2,subject_18
-0.4483265302665725,-1.0,0.0,0.0,0.0,2.0,6,subject_18
-0.4483265302665725,-1.0,0.0,0.0,0.0,1.0,6,subject_18
-0.4483265302665725,-1.0,0.0,0.0,0.0,0.0,5,subject_18
-0.4483265302665725,-1.0,0.0,0.0,1.0,2.0,6,subject_18
-0.4483265302665725,-1.0,0.0,0.0,1.0,1.0,6,subject_18
-0.4483265302665725,-1.0,0.0,0.0,1.0,0.0,6,subject_18
-0.4483265302665725,1.0,2.0,1.0,0.0,2.0,1,subject_18
-0.4483265302665725,1.0,2.0,1.0,0.0,1.0,1,subject_18
-0.4483265302665725,1.0,2.0,1.0,0.0,0.0,1,subject_18
-0.4483265302665725,1.0,2.0,1.0,1.0,2.0,1,subject_18
-0.4483265302665725,1.0,2.0,1.0,1.0,1.0,1,subject_18
-0.4483265302665725,1.0,2.0,1.0,1.0,0.0,1,subject_18
-0.4483265302665725,1.0,2.0,2.0,0.0,2.0,1,subject_18
-0.4483265302665725,1.0,2.0,2.0,0.0,1.0,1,subject_18
-0.4483265302665725,1.0,2.0,2.0,0.0,0.0,1,subject_18
-0.4483265302665725,1.0,2.0,2.0,1.0,2.0,1,subject_18
-0.4483265302665725,1.0,2.0,2.0,1.0,1.0,1,subject_18
-0.4483265302665725,1.0,2.0,2.0,1.0,0.0,1,subject_18
-0.4483265302665725,1.0,2.0,0.0,0.0,2.0,1,subject_18
-0.4483265302665725,1.0,2.0,0.0,0.0,1.0,1,subject_18
-0.4483265302665725,1.0,2.0,0.0,0.0,0.0,1,subject_18
-0.4483265302665725,1.0,2.0,0.0,1.0,2.0,3,subject_18
-0.4483265302665725,1.0,2.0,0.0,1.0,1.0,1,subject_18
-0.4483265302665725,1.0,2.0,0.0,1.0,0.0,1,subject_18
-0.4483265302665725,1.0,1.0,1.0,0.0,2.0,1,subject_18
-0.4483265302665725,1.0,1.0,1.0,0.0,1.0,1,subject_18
-0.4483265302665725,1.0,1.0,1.0,0.0,0.0,1,subject_18
-0.4483265302665725,1.0,1.0,1.0,1.0,2.0,4,subject_18
-0.4483265302665725,1.0,1.0,1.0,1.0,1.0,2,subject_18
-0.4483265302665725,1.0,1.0,1.0,1.0,0.0,1,subject_18
-0.4483265302665725,1.0,1.0,2.0,0.0,2.0,1,subject_18
-0.4483265302665725,1.0,1.0,2.0,0.0,1.0,1,subject_18
-0.4483265302665725,1.0,1.0,2.0,0.0,0.0,1,subject_18
-0.4483265302665725,1.0,1.0,2.0,1.0,2.0,1,subject_18
-0.4483265302665725,1.0,1.0,2.0,1.0,1.0,1,subject_18
-0.4483265302665725,1.0,1.0,2.0,1.0,0.0,1,subject_18
-0.4483265302665725,1.0,1.0,0.0,0.0,2.0,4,subject_18
-0.4483265302665725,1.0,1.0,0.0,0.0,1.0,2,subject_18
-0.4483265302665725,1.0,1.0,0.0,0.0,0.0,1,subject_18
-0.4483265302665725,1.0,1.0,0.0,1.0,2.0,6,subject_18
-0.4483265302665725,1.0,1.0,0.0,1.0,1.0,4,subject_18
-0.4483265302665725,1.0,1.0,0.0,1.0,0.0,2,subject_18
-0.4483265302665725,1.0,0.0,1.0,0.0,2.0,4,subject_18
-0.4483265302665725,1.0,0.0,1.0,0.0,1.0,2,subject_18
-0.4483265302665725,1.0,0.0,1.0,0.0,0.0,1,subject_18
-0.4483265302665725,1.0,0.0,1.0,1.0,2.0,6,subject_18
-0.4483265302665725,1.0,0.0,1.0,1.0,1.0,5,subject_18
-0.4483265302665725,1.0,0.0,1.0,1.0,0.0,3,subject_18
-0.4483265302665725,1.0,0.0,2.0,0.0,2.0,2,subject_18
-0.4483265302665725,1.0,0.0,2.0,0.0,1.0,1,subject_18
-0.4483265302665725,1.0,0.0,2.0,0.0,0.0,1,subject_18
-0.4483265302665725,1.0,0.0,2.0,1.0,2.0,4,subject_18
-0.4483265302665725,1.0,0.0,2.0,1.0,1.0,2,subject_18
-0.4483265302665725,1.0,0.0,2.0,1.0,0.0,1,subject_18
-0.4483265302665725,1.0,0.0,0.0,0.0,2.0,6,subject_18
-0.4483265302665725,1.0,0.0,0.0,0.0,1.0,5,subject_18
-0.4483265302665725,1.0,0.0,0.0,0.0,0.0,3,subject_18
-0.4483265302665725,1.0,0.0,0.0,1.0,2.0,6,subject_18
-0.4483265302665725,1.0,0.0,0.0,1.0,1.0,6,subject_18
-0.4483265302665725,1.0,0.0,0.0,1.0,0.0,5,subject_18
1.3857365480966777,-1.0,2.0,1.0,0.0,2.0,1,subject_18
1.3857365480966777,-1.0,2.0,1.0,0.0,1.0,1,subject_18
1.3857365480966777,-1.0,2.0,1.0,0.0,0.0,1,subject_18
1.3857365480966777,-1.0,2.0,1.0,1.0,2.0,1,subject_18
1.3857365480966777,-1.0,2.0,1.0,1.0,1.0,1,subject_18
1.3857365480966777,-1.0,2.0,1.0,1.0,0.0,1,subject_18
1.3857365480966777,-1.0,2.0,2.0,0.0,2.0,1,subject_18
1.3857365480966777,-1.0,2.0,2.0,0.0,1.0,1,subject_18
1.3857365480966777,-1.0,2.0,2.0,0.0,0.0,1,subject_18
1.3857365480966777,-1.0,2.0,2.0,1.0,2.0,1,subject_18
1.3857365480966777,-1.0,2.0,2.0,1.0,1.0,1,subject_18
1.3857365480966777,-1.0,2.0,2.0,1.0,0.0,1,subject_18
1.3857365480966777,-1.0,2.0,0.0,0.0,2.0,1,subject_18
1.3857365480966777,-1.0,2.0,0.0,0.0,1.0,1,subject_18
1.3857365480966777,-1.0,2.0,0.0,0.0,0.0,1,subject_18
1.3857365480966777,-1.0,2.0,0.0,1.0,2.0,2,subject_18
1.3857365480966777,-1.0,2.0,0.0,1.0,1.0,1,subject_18
1.3857365480966777,-1.0,2.0,0.0,1.0,0.0,1,subject_18
1.3857365480966777,-1.0,1.0,1.0,0.0,2.0,1,subject_18
1.3857365480966777,-1.0,1.0,1.0,0.0,1.0,1,subject_18
1.3857365480966777,-1.0,1.0,1.0,0.0,0.0,1,subject_18
1.3857365480966777,-1.0,1.0,1.0,1.0,2.0,2,subject_18
1.3857365480966777,-1.0,1.0,1.0,1.0,1.0,1,subject_18
1.3857365480966777,-1.0,1.0,1.0,1.0,0.0,1,subject_18
1.3857365480966777,-1.0,1.0,2.0,0.0,2.0,1,subject_18
1.3857365480966777,-1.0,1.0,2.0,0.0,1.0,1,subject_18
1.3857365480966777,-1.0,1.0,2.0,0.0,0.0,1,subject_18
1.3857365480966777,-1.0,1.0,2.0,1.0,2.0,1,subject_18
1.3857365480966777,-1.0,1.0,2.0,1.0,1.0,1,subject_18
1.3857365480966777,-1.0,1.0,2.0,1.0,0.0,1,subject_18
1.3857365480966777,-1.0,1.0,0.0,0.0,2.0,2,subject_18
1.3857365480966777,-1.0,1.0,0.0,0.0,1.0,1,subject_18
1.3857365480966777,-1.0,1.0,0.0,0.0,0.0,1,subject_18
1.3857365480966777,-1.0,1.0,0.0,1.0,2.0,5,subject_18
1.3857365480966777,-1.0,1.0,0.0,1.0,1.0,3,subject_18
1.3857365480966777,-1.0,1.0,0.0,1.0,0.0,1,subject_18
1.3857365480966777,-1.0,0.0,1.0,0.0,2.0,2,subject_18
1.3857365480966777,-1.0,0.0,1.0,0.0,1.0,1,subject_18
1.3857365480966777,-1.0,0.0,1.0,0.0,0.0,1,subject_18
1.3857365480966777,-1.0,0.0,1.0,1.0,2.0,5,subject_18
1.3857365480966777,-1.0,0.0,1.0,1.0,1.0,3,subject_18
1.3857365480966777,-1.0,0.0,1.0,1.0,0.0,2,subject_18
1.3857365480966777,-1.0,0.0,2.0,0.0,2.0,1,subject_18
1.3857365480966777,-1.0,0.0,2.0,0.0,1.0,1,subject_18
1.3857365480966777,-1.0,0.0,2.0,0.0,0.0,1,subject_18
1.3857365480966777,-1.0,0.0,2.0,1.0,2.0,2,subject_18
1.3857365480966777,-1.0,0.0,2.0,1.0,1.0,1,subject_18
1.3857365480966777,-1.0,0.0,2.0,1.0,0.0,1,subject_18
1.3857365480966777,-1.0,0.0,0.0,0.0,2.0,5,subject_18
1.3857365480966777,-1.0,0.0,0.0,0.0,1.0,3,subject_18
1.3857365480966777,-1.0,0.0,0.0,0.0,0.0,2,subject_18
1.3857365480966777,-1.0,0.0,0.0,1.0,2.0,6,subject_18
1.3857365480966777,-1.0,0.0,0.0,1.0,1.0,6,subject_18
1.3857365480966777,-1.0,0.0,0.0,1.0,0.0,4,subject_18
1.3857365480966777,1.0,2.0,1.0,0.0,2.0,1,subject_18
1.3857365480966777,1.0,2.0,1.0,0.0,1.0,1,subject_18
1.3857365480966777,1.0,2.0,1.0,0.0,0.0,1,subject_18
1.3857365480966777,1.0,2.0,1.0,1.0,2.0,1,subject_18
1.3857365480966777,1.0,2.0,1.0,1.0,1.0,1,subject_18
1.3857365480966777,1.0,2.0,1.0,1.0,0.0,1,subject_18
1.3857365480966777,1.0,2.0,2.0,0.0,2.0,1,subject_18
1.3857365480966777,1.0,2.0,2.0,0.0,1.0,1,subject_18
1.3857365480966777,1.0,2.0,2.0,0.0,0.0,1,subject_18
1.3857365480966777,1.0,2.0,2.0,1.0,2.0,1,subject_18
1.3857365480966777,1.0,2.0,2.0,1.0,1.0,1,subject_18
1.3857365480966777,1.0,2.0,2.0,1.0,0.0,1,subject_18
1.3857365480966777,1.0,2.0,0.0,0.0,2.0,1,subject_18
1.3857365480966777,1.0,2.0,0.0,0.0,1.0,1,subject_18
1.3857365480966777,1.0,2.0,0.0,0.0,0.0,1,subject_18
1.3857365480966777,1.0,2.0,0.0,1.0,2.0,3,subject_18
1.3857365480966777,1.0,2.0,0.0,1.0,1.0,2,subject_18
1.3857365480966777,1.0,2.0,0.0,1.0,0.0,1,subject_18
1.3857365480966777,1.0,1.0,1.0,0.0,2.0,1,subject_18
1.3857365480966777,1.0,1.0,1.0,0.0,1.0,1,subject_18
1.3857365480966777,1.0,1.0,1.0,0.0,0.0,1,subject_18
1.3857365480966777,1.0,1.0,1.0,1.0,2.0,4,subject_18
1.3857365480966777,1.0,1.0,1.0,1.0,1.0,2,subject_18
1.3857365480966777,1.0,1.0,1.0,1.0,0.0,1,subject_18
1.3857365480966777,1.0,1.0,2.0,0.0,2.0,1,subject_18
1.3857365480966777,1.0,1.0,2.0,0.0,1.0,1,subject_18
1.3857365480966777,1.0,1.0,2.0,0.0,0.0,1,subject_18
1.3857365480966777,1.0,1.0,2.0,1.0,2.0,1,subject_18
1.3857365480966777,1.0,1.0,2.0,1.0,1.0,1,subject_18
1.3857365480966777,1.0,1.0,2.0,1.0,0.0,1,subject_18
1.3857365480966777,1.0,1.0,0.0,0.0,2.0,4,subject_18
1.3857365480966777,1.0,1.0,0.0,0.0,1.0,2,subject_18
1.3857365480966777,1.0,1.0,0.0,0.0,0.0,1,subject_18
1.3857365480966777,1.0,1.0,0.0,1.0,2.0,6,subject_18
1.3857365480966777,1.0,1.0,0.0,1.0,1.0,5,subject_18
1.3857365480966777,1.0,1.0,0.0,1.0,0.0,2,subject_18
1.3857365480966777,1.0,0.0,1.0,0.0,2.0,4,subject_18
1.3857365480966777,1.0,0.0,1.0,0.0,1.0,2,subject_18
1.3857365480966777,1.0,0.0,1.0,0.0,0.0,1,subject_18
1.3857365480966777,1.0,0.0,1.0,1.0,2.0,6,subject_18
1.3857365480966777,1.0,0.0,1.0,1.0,1.0,5,subject_18
1.3857365480966777,1.0,0.0,1.0,1.0,0.0,3,subject_18
1.3857365480966777,1.0,0.0,2.0,0.0,2.0,2,subject_18
1.3857365480966777,1.0,0.0,2.0,0.0,1.0,1,subject_18
1.3857365480966777,1.0,0.0,2.0,0.0,0.0,1,subject_18
1.3857365480966777,1.0,0.0,2.0,1.0,2.0,4,subject_18
1.3857365480966777,1.0,0.0,2.0,1.0,1.0,2,subject_18
1.3857365480966777,1.0,0.0,2.0,1.0,0.0,1,subject_18
1.3857365480966777,1.0,0.0,0.0,0.0,2.0,6,subject_18
1.3857365480966777,1.0,0.0,0.0,0.0,1.0,5,subject_18
1.3857365480966777,1.0,0.0,0.0,0.0,0.0,3,subject_18
1.3857365480966777,1.0,0.0,0.0,1.0,2.0,6,subject_18
1.3857365480966777,1.0,0.0,0.0,1.0,1.0,6,subject_18
1.3857365480966777,1.0,0.0,0.0,1.0,0.0,6,subject_18
-0.937410017830106,-1.0,2.0,1.0,0.0,2.0,1,subject_19
-0.937410017830106,-1.0,2.0,1.0,0.0,1.0,1,subject_19
-0.937410017830106,-1.0,2.0,1.0,0.0,0.0,1,subject_19
-0.937410017830106,-1.0,2.0,1.0,1.0,2.0,2,subject_19
-0.937410017830106,-1.0,2.0,1.0,1.0,1.0,1,subject_19
-0.937410017830106,-1.0,2.0,1.0,1.0,0.0,1,subject_19
-0.937410017830106,-1.0,2.0,2.0,0.0,2.0,1,subject_19
-0.937410017830106,-1.0,2.0,2.0,0.0,1.0,1,subject_19
-0.937410017830106,-1.0,2.0,2.0,0.0,0.0,1,subject_19
-0.937410017830106,-1.0,2.0,2.0,1.0,2.0,1,subject_19
-0.937410017830106,-1.0,2.0,2.0,1.0,1.0,1,subject_19
-0.937410017830106,-1.0,2.0,2.0,1.0,0.0,1,subject_19
-0.937410017830106,-1.0,2.0,0.0,0.0,2.0,2,subject_19
-0.937410017830106,-1.0,2.0,0.0,0.0,1.0,1,subject_19
-0.937410017830106,-1.0,2.0,0.0,0.0,0.0,1,subject_19
-0.937410017830106,-1.0,2.0,0.0,1.0,2.0,5,subject_19
-0.937410017830106,-1.0,2.0,0.0,1.0,1.0,3,subject_19
-0.937410017830106,-1.0,2.0,0.0,1.0,0.0,1,subject_19
-0.937410017830106,-1.0,1.0,1.0,0.0,2.0,2,subject_19
-0.937410017830106,-1.0,1.0,1.0,0.0,1.0,1,subject_19
-0.937410017830106,-1.0,1.0,1.0,0.0,0.0,1,subject_19
-0.937410017830106,-1.0,1.0,1.0,1.0,2.0,5,subject_19
-0.937410017830106,-1.0,1.0,1.0,1.0,1.0,3,subject_19
-0.937410017830106,-1.0,1.0,1.0,1.0,0.0,1,subject_19
-0.937410017830106,-1.0,1.0,2.0,0.0,2.0,1,subject_19
-0.937410017830106,-1.0,1.0,2.0,0.0,1.0,1,subject_19
-0.937410017830106,-1.0,1.0,2.0,0.0,0.0,1,subject_19
-0.937410017830106,-1.0,1.0,2.0,1.0,2.0,2,subject_19
-0.937410017830106,-1.0,1.0,2.0,1.0,1.0,1,subject_19
-0.937410017830106,-1.0,1.0,2.0,1.0,0.0,1,subject_19
-0.937410017830106,-1.0,1.0,0.0,0.0,2.0,5,subject_19
-0.937410017830106,-1.0,1.0,0.0,0.0,1.0,3,subject_19
-0.937410017830106,-1.0,1.0,0.0,0.0,0.0,1,subject_19
-0.937410017830106,-1.0,1.0,0.0,1.0,2.0,6,subject_19
-0.937410017830106,-1.0,1.0,0.0,1.0,1.0,6,subject_19
-0.937410017830106,-1.0,1.0,0.0,1.0,0.0,5,subject_19
-0.937410017830106,-1.0,0.0,1.0,0.0,2.0,5,subject_19
-0.937410017830106,-1.0,0.0,1.0,0.0,1.0,3,subject_19
-0.937410017830106,-1.0,0.0,1.0,0.0,0.0,1,subject_19
-0.937410017830106,-1.0,0.0,1.0,1.0,2.0,6,subject_19
-0.937410017830106,-1.0,0.0,1.0,1.0,1.0,6,subject_19
-0.937410017830106,-1.0,0.0,1.0,1.0,0.0,5,subject_19
-0.937410017830106,-1.0,0.0,2.0,0.0,2.0,1,subject_19
-0.937410017830106,-1.0,0.0,2.0,0.0,1.0,1,subject_19
-0.937410017830106,-1.0,0.0,2.0,0.0,0.0,1,subject_19
-0.937410017830106,-1.0,0.0,2.0,1.0,2.0,5,subject_19
-0.937410017830106,-1.0,0.0,2.0,1.0,1.0,3,subject_19
-0.937410017830106,-1.0,0.0,2.0,1.0,0.0,1,subject_19
-0.937410017830106,-1.0,0.0,0.0,0.0,2.0,6,subject_19
-0.937410017830106,-1.0,0.0,0.0,0.0,1.0,6,subject_19
-0.937410017830106,-1.0,0.0,0.0,0.0,0.0,5,subject_19
-0.937410017830106,-1.0,0.0,0.0,1.0,2.0,6,subject_19
-0.937410017830106,-1.0,0.0,0.0,1.0,1.0,6,subject_19
-0.937410017830106,-1.0,0.0,0.0,1.0,0.0,6,subject_19
-0.937410017830106,1.0,2.0,1.0,0.0,2.0,1,subject_19
-0.937410017830106,1.0,2.0,1.0,0.0,1.0,1,subject_19
-0.937410017830106,1.0,2.0,1.0,0.0,0.0,1,subject_19
-0.937410017830106,1.0,2.0,1.0,1.0,2.0,1,subject_19
-0.937410017830106,1.0,2.0,1.0,1.0,1.0,1,subject_19
-0.937410017830106,1.0,2.0,1.0,1.0,0.0,1,subject_19
-0.937410017830106,1.0,2.0,2.0,0.0,2.0,1,subject_19
-0.937410017830106,1.0,2.0,2.0,0.0,1.0,1,subject_19
-0.937410017830106,1.0,2.0,2.0,0.0,0.0,1,subject_19
-0.937410017830106,1.0,2.0,2.0,1.0,2.0,1,subject_19
-0.937410017830106,1.0,2.0,2.0,1.0,1.0,1,subject_19
-0.937410017830106,1.0,2.0,2.0,1.0,0.0,1,subject_19
-0.937410017830106,1.0,2.0,0.0,0.0,2.0,1,subject_19
-0.937410017830106,1.0,2.0,0.0,0.0,1.0,1,subject_19
-0.937410017830106,1.0,2.0,0.0,0.0,0.0,1,subject_19
-0.937410017830106,1.0,2.0,0.0,1.0,2.0,3,subject_19
-0.937410017830106,1.0,2.0,0.0,1.0,1.0,1,subject_19
-0.937410017830106,1.0,2.0,0.0,1.0,0.0,1,subject_19
-0.937410017830106,1.0,1.0,1.0,0.0,2.0,1,subject_19
-0.937410017830106,1.0,1.0,1.0,0.0,1.0,1,subject_19
-0.937410017830106,1.0,1.0,1.0,0.0,0.0,1,subject_19
-0.937410017830106,1.0,1.0,1.0,1.0,2.0,2,subject_19
-0.937410017830106,1.0,1.0,1.0,1.0,1.0,1,subject_19
-0.937410017830106,1.0,1.0,1.0,1.0,0.0,1,subject_19
-0.937410017830106,1.0,1.0,2.0,0.0,2.0,1,subject_19
-0.937410017830106,1.0,1.0,2.0,0.0,1.0,1,subject_19
-0.937410017830106,1.0,1.0,2.0,0.0,0.0,1,subject_19
-0.937410017830106,1.0,1.0,2.0,1.0,2.0,1,subject_19
-0.937410017830106,1.0,1.0,2.0,1.0,1.0,1,subject_19
-0.937410017830106,1.0,1.0,2.0,1.0,0.0,1,subject_19
-0.937410017830106,1.0,1.0,0.0,0.0,2.0,3,subject_19
-0.937410017830106,1.0,1.0,0.0,0.0,1.0,1,subject_19
-0.937410017830106,1.0,1.0,0.0,0.0,0.0,1,subject_19
-0.937410017830106,1.0,1.0,0.0,1.0,2.0,6,subject_19
-0.937410017830106,1.0,1.0,0.0,1.0,1.0,4,subject_19
-0.937410017830106,1.0,1.0,0.0,1.0,0.0,2,subject_19
-0.937410017830106,1.0,0.0,1.0,0.0,2.0,2,subject_19
-0.937410017830106,1.0,0.0,1.0,0.0,1.0,1,subject_19
-0.937410017830106,1.0,0.0,1.0,0.0,0.0,1,subject_19
-0.937410017830106,1.0,0.0,1.0,1.0,2.0,6,subject_19
-0.937410017830106,1.0,0.0,1.0,1.0,1.0,4,subject_19
-0.937410017830106,1.0,0.0,1.0,1.0,0.0,2,subject_19
-0.937410017830106,1.0,0.0,2.0,0.0,2.0,1,subject_19
-0.937410017830106,1.0,0.0,2.0,0.0,1.0,1,subject_19
-0.937410017830106,1.0,0.0,2.0,0.0,0.0,1,subject_19
-0.937410017830106,1.0,0.0,2.0,1.0,2.0,2,subject_19
-0.937410017830106,1.0,0.0,2.0,1.0,1.0,1,subject_19
-0.937410017830106,1.0,0.0,2.0,1.0,0.0,1,subject_19
-0.937410017830106,1.0,0.0,0.0,0.0,2.0,6,subject_19
-0.937410017830106,1.0,0.0,0.0,0.0,1.0,4,subject_19
-0.937410017830106,1.0,0.0,0.0,0.0,0.0,2,subject_19
-0.937410017830106,1.0,0.0,0.0,1.0,2.0,6,subject_19
-0.937410017830106,1.0,0.0,0.0,1.0,1.0,6,subject_19
-0.937410017830106,1.0,0.0,0.0,1.0,0.0,5,subject_19
-0.4483265302665725,-1.0,2.0,1.0,0.0,2.0,1,subject_19
-0.4483265302665725,-1.0,2.0,1.0,0.0,1.0,1,subject_19
-0.4483265302665725,-1.0,2.0,1.0,0.0,0.0,1,subject_19
-0.4483265302665725,-1.0,2.0,1.0,1.0,2.0,1,subject_19
-0.4483265302665725,-1.0,2.0,1.0,1.0,1.0,1,subject_19
-0.4483265302665725,-1.0,2.0,1.0,1.0,0.0,1,subject_19
-0.4483265302665725,-1.0,2.0,2.0,0.0,2.0,1,subject_19
-0.4483265302665725,-1.0,2.0,2.0,0.0,1.0,1,subject_19
-0.4483265302665725,-1.0,2.0,2.0,0.0,0.0,1,subject_19
-0.4483265302665725,-1.0,2.0,2.0,1.0,2.0,1,subject_19
-0.4483265302665725,-1.0,2.0,2.0,1.0,1.0,1,subject_19
-0.4483265302665725,-1.0,2.0,2.0,1.0,0.0,1,subject_19
-0.4483265302665725,-1.0,2.0,0.0,0.0,2.0,1,subject_19
-0.4483265302665725,-1.0,2.0,0.0,0.0,1.0,1,subject_19
-0.4483265302665725,-1.0,2.0,0.0,0.0,0.0,1,subject_19
-0.4483265302665725,-1.0,2.0,0.0,1.0,2.0,4,subject_19
-0.4483265302665725,-1.0,2.0,0.0,1.0,1.0,2,subject_19
-0.4483265302665725,-1.0,2.0,0.0,1.0,0.0,1,subject_19
-0.4483265302665725,-1.0,1.0,1.0,0.0,2.0,1,subject_19
-0.4483265302665725,-1.0,1.0,1.0,0.0,1.0,1,subject_19
-0.4483265302665725,-1.0,1.0,1.0,0.0,0.0,1,subject_19
-0.4483265302665725,-1.0,1.0,1.0,1.0,2.0,4,subject_19
-0.4483265302665725,-1.0,1.0,1.0,1.0,1.0,2,subject_19
-0.4483265302665725,-1.0,1.0,1.0,1.0,0.0,1,subject_19
-0.4483265302665725,-1.0,1.0,2.0,0.0,2.0,1,subject_19
-0.4483265302665725,-1.0,1.0,2.0,0.0,1.0,1,subject_19
-0.4483265302665725,-1.0,1.0,2.0,0.0,0.0,1,subject_19
-0.4483265302665725,-1.0,1.0,2.0,1.0,2.0,1,subject_19
-0.4483265302665725,-1.0,1.0,2.0,1.0,1.0,1,subject_19
-0.4483265302665725,-1.0,1.0,2.0,1.0,0.0,1,subject_19
-0.4483265302665725,-1.0,1.0,0.0,0.0,2.0,4,subject_19
-0.4483265302665725,-1.0,1.0,0.0,0.0,1.0,2,subject_19
-0.4483265302665725,-1.0,1.0,0.0,0.0,0.0,1,subject_19
-0.4483265302665725,-1.0,1.0,0.0,1.0,2.0,6,subject_19
-0.4483265302665725,-1.0,1.0,0.0,1.0,1.0,6,subject_19
-0.4483265302665725,-1.0,1.0,0.0,1.0,0.0,4,subject_19
-0.4483265302665725,-1.0,0.0,1.0,0.0,2.0,4,subject_19
-0.4483265302665725,-1.0,0.0,1.0,0.0,1.0,2,subject_19
-0.4483265302665725,-1.0,0.0,1.0,0.0,0.0,1,subject_19
-0.4483265302665725,-1.0,0.0,1.0,1.0,2.0,6,subject_19
-0.4483265302665725,-1.0,0.0,1.0,1.0,1.0,6,subject_19
-0.4483265302665725,-1.0,0.0,1.0,1.0,0.0,4,subject_19
-0.4483265302665725,-1.0,0.0,2.0,0.0,2.0,1,subject_19
-0.4483265302665725,-1.0,0.0,2.0,0.0,1.0,1,subject_19
-0.4483265302665725,-1.0,0.0,2.0,0.0,0.0,1,subject_19
-0.4483265302665725,-1.0,0.0,2.0,1.0,2.0,4,subject_19
-0.4483265302665725,-1.0,0.0,2.0,1.0,1.0,2,subject_19
-0.4483265302665725,-1.0,0.0,2.0,1.0,0.0,1,subject_19
-0.4483265302665725,-1.0,0.0,0.0,0.0,2.0,6,subject_19
-0.4483265302665725,-1.0,0.0,0.0,0.0,1.0,6,subject_19
-0.4483265302665725,-1.0,0.0,0.0,0.0,0.0,4,subject_19
-0.4483265302665725,-1.0,0.0,0.0,1.0,2.0,6,subject_19
-0.4483265302665725,-1.0,0.0,0.0,1.0,1.0,6,subject_19
-0.4483265302665725,-1.0,0.0,0.0,1.0,0.0,6,subject_19
-0.4483265302665725,1.0,2.0,1.0,0.0,2.0,1,subject_19
-0.4483265302665725,1.0,2.0,1.0,0.0,1.0,1,subject_19
-0.4483265302665725,1.0,2.0,1.0,0.0,0.0,1,subject_19
-0.4483265302665725,1.0,2.0,1.0,1.0,2.0,1,subject_19
-0.4483265302665725,1.0,2.0,1.0,1.0,1.0,1,subject_19
-0.4483265302665725,1.0,2.0,1.0,1.0,0.0,1,subject_19
-0.4483265302665725,1.0,2.0,2.0,0.0,2.0,1,subject_19
-0.4483265302665725,1.0,2.0,2.0,0.0,1.0,1,subject_19
-0.4483265302665725,1.0,2.0,2.0,0.0,0.0,1,subject_19
-0.4483265302665725,1.0,2.0,2.0,1.0,2.0,1,subject_19
-0.4483265302665725,1.0,2.0,2.0,1.0,1.0,1,subject_19
-0.4483265302665725,1.0,2.0,2.0,1.0,0.0,1,subject_19
-0.4483265302665725,1.0,2.0,0.0,0.0,2.0,1,subject_19
-0.4483265302665725,1.0,2.0,0.0,0.0,1.0,1,subject_19
-0.4483265302665725,1.0,2.0,0.0,0.0,0.0,1,subject_19
-0.4483265302665725,1.0,2.0,0.0,1.0,2.0,3,subject_19
-0.4483265302665725,1.0,2.0,0.0,1.0,1.0,2,subject_19
-0.4483265302665725,1.0,2.0,0.0,1.0,0.0,1,subject_19
-0.4483265302665725,1.0,1.0,1.0,0.0,2.0,1,subject_19
-0.4483265302665725,1.0,1.0,1.0,0.0,1.0,1,subject_19
-0.4483265302665725,1.0,1.0,1.0,0.0,0.0,1,subject_19
-0.4483265302665725,1.0,1.0,1.0,1.0,2.0,3,subject_19
-0.4483265302665725,1.0,1.0,1.0,1.0,1.0,2,subject_19
-0.4483265302665725,1.0,1.0,1.0,1.0,0.0,1,subject_19
-0.4483265302665725,1.0,1.0,2.0,0.0,2.0,1,subject_19
-0.4483265302665725,1.0,1.0,2.0,0.0,1.0,1,subject_19
-0.4483265302665725,1.0,1.0,2.0,0.0,0.0,1,subject_19
-0.4483265302665725,1.0,1.0,2.0,1.0,2.0,1,subject_19
-0.4483265302665725,1.0,1.0,2.0,1.0,1.0,1,subject_19
-0.4483265302665725,1.0,1.0,2.0,1.0,0.0,1,subject_19
-0.4483265302665725,1.0,1.0,0.0,0.0,2.0,3,subject_19
-0.4483265302665725,1.0,1.0,0.0,0.0,1.0,2,subject_19
-0.4483265302665725,1.0,1.0,0.0,0.0,0.0,1,subject_19
-0.4483265302665725,1.0,1.0,0.0,1.0,2.0,6,subject_19
-0.4483265302665725,1.0,1.0,0.0,1.0,1.0,5,subject_19
-0.4483265302665725,1.0,1.0,0.0,1.0,0.0,3,subject_19
-0.4483265302665725,1.0,0.0,1.0,0.0,2.0,3,subject_19
-0.4483265302665725,1.0,0.0,1.0,0.0,1.0,1,subject_19
-0.4483265302665725,1.0,0.0,1.0,0.0,0.0,1,subject_19
-0.4483265302665725,1.0,0.0,1.0,1.0,2.0,6,subject_19
-0.4483265302665725,1.0,0.0,1.0,1.0,1.0,5,subject_19
-0.4483265302665725,1.0,0.0,1.0,1.0,0.0,3,subject_19
-0.4483265302665725,1.0,0.0,2.0,0.0,2.0,1,subject_19
-0.4483265302665725,1.0,0.0,2.0,0.0,1.0,1,subject_19
-0.4483265302665725,1.0,0.0,2.0,0.0,0.0,1,subject_19
-0.4483265302665725,1.0,0.0,2.0,1.0,2.0,3,subject_19
-0.4483265302665725,1.0,0.0,2.0,1.0,1.0,2,subject_19
-0.4483265302665725,1.0,0.0,2.0,1.0,0.0,1,subject_19
-0.4483265302665725,1.0,0.0,0.0,0.0,2.0,6,subject_19
-0.4483265302665725,1.0,0.0,0.0,0.0,1.0,5,subject_19
-0.4483265302665725,1.0,0.0,0.0,0.0,0.0,3,subject_19
-0.4483265302665725,1.0,0.0,0.0,1.0,2.0,6,subject_19
-0.4483265302665725,1.0,0.0,0.0,1.0,1.0,6,subject_19
-0.4483265302665725,1.0,0.0,0.0,1.0,0.0,6,subject_19
1.3857365480966777,-1.0,2.0,1.0,0.0,2.0,1,subject_19
1.3857365480966777,-1.0,2.0,1.0,0.0,1.0,1,subject_19
1.3857365480966777,-1.0,2.0,1.0,0.0,0.0,1,subject_19
1.3857365480966777,-1.0,2.0,1.0,1.0,2.0,1,subject_19
1.3857365480966777,-1.0,2.0,1.0,1.0,1.0,1,subject_19
1.3857365480966777,-1.0,2.0,1.0,1.0,0.0,1,subject_19
1.3857365480966777,-1.0,2.0,2.0,0.0,2.0,1,subject_19
1.3857365480966777,-1.0,2.0,2.0,0.0,1.0,1,subject_19
1.3857365480966777,-1.0,2.0,2.0,0.0,0.0,1,subject_19
1.3857365480966777,-1.0,2.0,2.0,1.0,2.0,1,subject_19
1.3857365480966777,-1.0,2.0,2.0,1.0,1.0,1,subject_19
1.3857365480966777,-1.0,2.0,2.0,1.0,0.0,1,subject_19
1.3857365480966777,-1.0,2.0,0.0,0.0,2.0,1,subject_19
1.3857365480966777,-1.0,2.0,0.0,0.0,1.0,1,subject_19
1.3857365480966777,-1.0,2.0,0.0,0.0,0.0,1,subject_19
1.3857365480966777,-1.0,2.0,0.0,1.0,2.0,3,subject_19
1.3857365480966777,-1.0,2.0,0.0,1.0,1.0,1,subject_19
1.3857365480966777,-1.0,2.0,0.0,1.0,0.0,1,subject_19
1.3857365480966777,-1.0,1.0,1.0,0.0,2.0,1,subject_19
1.3857365480966777,-1.0,1.0,1.0,0.0,1.0,1,subject_19
1.3857365480966777,-1.0,1.0,1.0,0.0,0.0,1,subject_19
1.3857365480966777,-1.0,1.0,1.0,1.0,2.0,3,subject_19
1.3857365480966777,-1.0,1.0,1.0,1.0,1.0,1,subject_19
1.3857365480966777,-1.0,1.0,1.0,1.0,0.0,1,subject_19
1.3857365480966777,-1.0,1.0,2.0,0.0,2.0,1,subject_19
1.3857365480966777,-1.0,1.0,2.0,0.0,1.0,1,subject_19
1.3857365480966777,-1.0,1.0,2.0,0.0,0.0,1,subject_19
1.3857365480966777,-1.0,1.0,2.0,1.0,2.0,1,subject_19
1.3857365480966777,-1.0,1.0,2.0,1.0,1.0,1,subject_19
1.3857365480966777,-1.0,1.0,2.0,1.0,0.0,1,subject_19
1.3857365480966777,-1.0,1.0,0.0,0.0,2.0,3,subject_19
1.3857365480966777,-1.0,1.0,0.0,0.0,1.0,1,subject_19
1.3857365480966777,-1.0,1.0,0.0,0.0,0.0,1,subject_19
1.3857365480966777,-1.0,1.0,0.0,1.0,2.0,6,subject_19
1.3857365480966777,-1.0,1.0,0.0,1.0,1.0,4,subject_19
1.3857365480966777,-1.0,1.0,0.0,1.0,0.0,2,subject_19
1.3857365480966777,-1.0,0.0,1.0,0.0,2.0,3,subject_19
1.3857365480966777,-1.0,0.0,1.0,0.0,1.0,1,subject_19
1.3857365480966777,-1.0,0.0,1.0,0.0,0.0,1,subject_19
1.3857365480966777,-1.0,0.0,1.0,1.0,2.0,6,subject_19
1.3857365480966777,-1.0,0.0,1.0,1.0,1.0,4,subject_19
1.3857365480966777,-1.0,0.0,1.0,1.0,0.0,2,subject_19
1.3857365480966777,-1.0,0.0,2.0,0.0,2.0,1,subject_19
1.3857365480966777,-1.0,0.0,2.0,0.0,1.0,1,subject_19
1.3857365480966777,-1.0,0.0,2.0,0.0,0.0,1,subject_19
1.3857365480966777,-1.0,0.0,2.0,1.0,2.0,3,subject_19
1.3857365480966777,-1.0,0.0,2.0,1.0,1.0,1,subject_19
1.3857365480966777,-1.0,0.0,2.0,1.0,0.0,1,subject_19
1.3857365480966777,-1.0,0.0,0.0,0.0,2.0,6,subject_19
1.3857365480966777,-1.0,0.0,0.0,0.0,1.0,4,subject_19
1.3857365480966777,-1.0,0.0,0.0,0.0,0.0,2,subject_19
1.3857365480966777,-1.0,0.0,0.0,1.0,2.0,6,subject_19
1.3857365480966777,-1.0,0.0,0.0,1.0,1.0,6,subject_19
1.3857365480966777,-1.0,0.0,0.0,1.0,0.0,6,subject_19
1.3857365480966777,1.0,2.0,1.0,0.0,2.0,1,subject_19
1.3857365480966777,1.0,2.0,1.0,0.0,1.0,1,subject_19
1.3857365480966777,1.0,2.0,1.0,0.0,0.0,1,subject_19
1.3857365480966777,1.0,2.0,1.0,1.0,2.0,2,subject_19
1.3857365480966777,1.0,2.0,1.0,1.0,1.0,1,subject_19
1.3857365480966777,1.0,2.0,1.0,1.0,0.0,1,subject_19
1.3857365480966777,1.0,2.0,2.0,0.0,2.0,1,subject_19
1.3857365480966777,1.0,2.0,2.0,0.0,1.0,1,subject_19
1.3857365480966777,1.0,2.0,2.0,0.0,0.0,1,subject_19
1.3857365480966777,1.0,2.0,2.0,1.0,2.0,1,subject_19
1.3857365480966777,1.0,2.0,2.0,1.0,1.0,1,subject_19
1.3857365480966777,1.0,2.0,2.0,1.0,0.0,1,subject_19
1.3857365480966777,1.0,2.0,0.0,0.0,2.0,2,subject_19
1.3857365480966777,1.0,2.0,0.0,0.0,1.0,1,subject_19
1.3857365480966777,1.0,2.0,0.0,0.0,0.0,1,subject_19
1.3857365480966777,1.0,2.0,0.0,1.0,2.0,5,subject_19
1.3857365480966777,1.0,2.0,0.0,1.0,1.0,3,subject_19
1.3857365480966777,1.0,2.0,0.0,1.0,0.0,2,subject_19
1.3857365480966777,1.0,1.0,1.0,0.0,2.0,2,subject_19
1.3857365480966777,1.0,1.0,1.0,0.0,1.0,1,subject_19
1.3857365480966777,1.0,1.0,1.0,0.0,0.0,1,subject_19
1.3857365480966777,1.0,1.0,1.0,1.0,2.0,5,subject_19
1.3857365480966777,1.0,1.0,1.0,1.0,1.0,3,subject_19
1.3857365480966777,1.0,1.0,1.0,1.0,0.0,2,subject_19
1.3857365480966777,1.0,1.0,2.0,0.0,2.0,1,subject_19
1.3857365480966777,1.0,1.0,2.0,0.0,1.0,1,subject_19
1.3857365480966777,1.0,1.0,2.0,0.0,0.0,1,subject_19
1.3857365480966777,1.0,1.0,2.0,1.0,2.0,2,subject_19
1.3857365480966777,1.0,1.0,2.0,1.0,1.0,1,subject_19
1.3857365480966777,1.0,1.0,2.0,1.0,0.0,1,subject_19
1.3857365480966777,1.0,1.0,0.0,0.0,2.0,5,subject_19
1.3857365480966777,1.0,1.0,0.0,0.0,1.0,3,subject_19
1.3857365480966777,1.0,1.0,0.0,0.0,0.0,2,subject_19
1.3857365480966777,1.0,1.0,0.0,1.0,2.0,6,subject_19
1.3857365480966777,1.0,1.0,0.0,1.0,1.0,6,subject_19
1.3857365480966777,1.0,1.0,0.0,1.0,0.0,5,subject_19
1.3857365480966777,1.0,0.0,1.0,0.0,2.0,5,subject_19
1.3857365480966777,1.0,0.0,1.0,0.0,1.0,3,subject_19
1.3857365480966777,1.0,0.0,1.0,0.0,0.0,2,subject_19
1.3857365480966777,1.0,0.0,1.0,1.0,2.0,6,subject_19
1.3857365480966777,1.0,0.0,1.0,1.0,1.0,6,subject_19
1.3857365480966777,1.0,0.0,1.0,1.0,0.0,5,subject_19
1.3857365480966777,1.0,0.0,2.0,0.0,2.0,2,subject_19
1.3857365480966777,1.0,0.0,2.0,0.0,1.0,1,subject_19
1.3857365480966777,1.0,0.0,2.0,0.0,0.0,1,subject_19
1.3857365480966777,1.0,0.0,2.0,1.0,2.0,5,subject_19
1.3857365480966777,1.0,0.0,2.0,1.0,1.0,3,subject_19
1.3857365480966777,1.0,0.0,2.0,1.0,0.0,2,subject_19
1.3857365480966777,1.0,0.0,0.0,0.0,2.0,6,subject_19
1.3857365480966777,1.0,0.0,0.0,0.0,1.0,6,subject_19
1.3857365480966777,1.0,0.0,0.0,0.0,0.0,5,subject_19
1.3857365480966777,1.0,0.0,0.0,1.0,2.0,6,subject_19
1.3857365480966777,1.0,0.0,0.0,1.0,1.0,6,subject_19
1.3857365480966777,1.0,0.0,0.0,1.0,0.0,6,subject_19
-0.937410017830106,-1.0,2.0,1.0,0.0,2.0,1,subject_20
-0.937410017830106,-1.0,2.0,1.0,0.0,1.0,1,subject_20
-0.937410017830106,-1.0,2.0,1.0,0.0,0.0,1,subject_20
-0.937410017830106,-1.0,2.0,1.0,1.0,2.0,2,subject_20
-0.937410017830106,-1.0,2.0,1.0,1.0,1.0,1,subject_20
-0.937410017830106,-1.0,2.0,1.0,1.0,0.0,1,subject_20
-0.937410017830106,-1.0,2.0,2.0,0.0,2.0,1,subject_20
-0.937410017830106,-1.0,2.0,2.0,0.0,1.0,1,subject_20
-0.937410017830106,-1.0,2.0,2.0,0.0,0.0,1,subject_20
-0.937410017830106,-1.0,2.0,2.0,1.0,2.0,1,subject_20
-0.937410017830106,-1.0,2.0,2.0,1.0,1.0,1,subject_20
-0.937410017830106,-1.0,2.0,2.0,1.0,0.0,1,subject_20
-0.937410017830106,-1.0,2.0,0.0,0.0,2.0,2,subject_20
-0.937410017830106,-1.0,2.0,0.0,0.0,1.0,1,subject_20
-0.937410017830106,-1.0,2.0,0.0,0.0,0.0,1,subject_20
-0.937410017830106,-1.0,2.0,0.0,1.0,2.0,5,subject_20
-0.937410017830106,-1.0,2.0,0.0,1.0,1.0,2,subject_20
-0.937410017830106,-1.0,2.0,0.0,1.0,0.0,1,subject_20
-0.937410017830106,-1.0,1.0,1.0,0.0,2.0,2,subject_20
-0.937410017830106,-1.0,1.0,1.0,0.0,1.0,1,subject_20
-0.937410017830106,-1.0,1.0,1.0,0.0,0.0,1,subject_20
-0.937410017830106,-1.0,1.0,1.0,1.0,2.0,5,subject_20
-0.937410017830106,-1.0,1.0,1.0,1.0,1.0,3,subject_20
-0.937410017830106,-1.0,1.0,1.0,1.0,0.0,1,subject_20
-0.937410017830106,-1.0,1.0,2.0,0.0,2.0,1,subject_20
-0.937410017830106,-1.0,1.0,2.0,0.0,1.0,1,subject_20
-0.937410017830106,-1.0,1.0,2.0,0.0,0.0,1,subject_20
-0.937410017830106,-1.0,1.0,2.0,1.0,2.0,2,subject_20
-0.937410017830106,-1.0,1.0,2.0,1.0,1.0,1,subject_20
-0.937410017830106,-1.0,1.0,2.0,1.0,0.0,1,subject_20
-0.937410017830106,-1.0,1.0,0.0,0.0,2.0,5,subject_20
-0.937410017830106,-1.0,1.0,0.0,0.0,1.0,3,subject_20
-0.937410017830106,-1.0,1.0,0.0,0.0,0.0,1,subject_20
-0.937410017830106,-1.0,1.0,0.0,1.0,2.0,6,subject_20
-0.937410017830106,-1.0,1.0,0.0,1.0,1.0,6,subject_20
-0.937410017830106,-1.0,1.0,0.0,1.0,0.0,4,subject_20
-0.937410017830106,-1.0,0.0,1.0,0.0,2.0,6,subject_20
-0.937410017830106,-1.0,0.0,1.0,0.0,1.0,4,subject_20
-0.937410017830106,-1.0,0.0,1.0,0.0,0.0,2,subject_20
-0.937410017830106,-1.0,0.0,1.0,1.0,2.0,6,subject_20
-0.937410017830106,-1.0,0.0,1.0,1.0,1.0,6,subject_20
-0.937410017830106,-1.0,0.0,1.0,1.0,0.0,5,subject_20
-0.937410017830106,-1.0,0.0,2.0,0.0,2.0,3,subject_20
-0.937410017830106,-1.0,0.0,2.0,0.0,1.0,1,subject_20
-0.937410017830106,-1.0,0.0,2.0,0.0,0.0,1,subject_20
-0.937410017830106,-1.0,0.0,2.0,1.0,2.0,6,subject_20
-0.937410017830106,-1.0,0.0,2.0,1.0,1.0,4,subject_20
-0.937410017830106,-1.0,0.0,2.0,1.0,0.0,2,subject_20
-0.937410017830106,-1.0,0.0,0.0,0.0,2.0,6,subject_20
-0.937410017830106,-1.0,0.0,0.0,0.0,1.0,6,subject_20
-0.937410017830106,-1.0,0.0,0.0,0.0,0.0,5,subject_20
-0.937410017830106,-1.0,0.0,0.0,1.0,2.0,6,subject_20
-0.937410017830106,-1.0,0.0,0.0,1.0,1.0,6,subject_20
-0.937410017830106,-1.0,0.0,0.0,1.0,0.0,6,subject_20
-0.937410017830106,1.0,2.0,1.0,0.0,2.0,1,subject_20
-0.937410017830106,1.0,2.0,1.0,0.0,1.0,1,subject_20
-0.937410017830106,1.0,2.0,1.0,0.0,0.0,1,subject_20
-0.937410017830106,1.0,2.0,1.0,1.0,2.0,1,subject_20
-0.937410017830106,1.0,2.0,1.0,1.0,1.0,1,subject_20
-0.937410017830106,1.0,2.0,1.0,1.0,0.0,1,subject_20
-0.937410017830106,1.0,2.0,2.0,0.0,2.0,1,subject_20
-0.937410017830106,1.0,2.0,2.0,0.0,1.0,1,subject_20
-0.937410017830106,1.0,2.0,2.0,0.0,0.0,1,subject_20
-0.937410017830106,1.0,2.0,2.0,1.0,2.0,1,subject_20
-0.937410017830106,1.0,2.0,2.0,1.0,1.0,1,subject_20
-0.937410017830106,1.0,2.0,2.0,1.0,0.0,1,subject_20
-0.937410017830106,1.0,2.0,0.0,0.0,2.0,1,subject_20
-0.937410017830106,1.0,2.0,0.0,0.0,1.0,1,subject_20
-0.937410017830106,1.0,2.0,0.0,0.0,0.0,1,subject_20
-0.937410017830106,1.0,2.0,0.0,1.0,2.0,2,subject_20
-0.937410017830106,1.0,2.0,0.0,1.0,1.0,1,subject_20
-0.937410017830106,1.0,2.0,0.0,1.0,0.0,1,subject_20
-0.937410017830106,1.0,1.0,1.0,0.0,2.0,1,subject_20
-0.937410017830106,1.0,1.0,1.0,0.0,1.0,1,subject_20
-0.937410017830106,1.0,1.0,1.0,0.0,0.0,1,subject_20
-0.937410017830106,1.0,1.0,1.0,1.0,2.0,3,subject_20
-0.937410017830106,1.0,1.0,1.0,1.0,1.0,1,subject_20
-0.937410017830106,1.0,1.0,1.0,1.0,0.0,1,subject_20
-0.937410017830106,1.0,1.0,2.0,0.0,2.0,1,subject_20
-0.937410017830106,1.0,1.0,2.0,0.0,1.0,1,subject_20
-0.937410017830106,1.0,1.0,2.0,0.0,0.0,1,subject_20
-0.937410017830106,1.0,1.0,2.0,1.0,2.0,1,subject_20
-0.937410017830106,1.0,1.0,2.0,1.0,1.0,1,subject_20
-0.937410017830106,1.0,1.0,2.0,1.0,0.0,1,subject_20
-0.937410017830106,1.0,1.0,0.0,0.0,2.0,3,subject_20
-0.937410017830106,1.0,1.0,0.0,0.0,1.0,1,subject_20
-0.937410017830106,1.0,1.0,0.0,0.0,0.0,1,subject_20
-0.937410017830106,1.0,1.0,0.0,1.0,2.0,6,subject_20
-0.937410017830106,1.0,1.0,0.0,1.0,1.0,4,subject_20
-0.937410017830106,1.0,1.0,0.0,1.0,0.0,1,subject_20
-0.937410017830106,1.0,0.0,1.0,0.0,2.0,3,subject_20
-0.937410017830106,1.0,0.0,1.0,0.0,1.0,1,subject_20
-0.937410017830106,1.0,0.0,1.0,0.0,0.0,1,subject_20
-0.937410017830106,1.0,0.0,1.0,1.0,2.0,6,subject_20
-0.937410017830106,1.0,0.0,1.0,1.0,1.0,4,subject_20
-0.937410017830106,1.0,0.0,1.0,1.0,0.0,2,subject_20
-0.937410017830106,1.0,0.0,2.0,0.0,2.0,1,subject_20
-0.937410017830106,1.0,0.0,2.0,0.0,1.0,1,subject_20
-0.937410017830106,1.0,0.0,2.0,0.0,0.0,1,subject_20
-0.937410017830106,1.0,0.0,2.0,1.0,2.0,3,subject_20
-0.937410017830106,1.0,0.0,2.0,1.0,1.0,1,subject_20
-0.937410017830106,1.0,0.0,2.0,1.0,0.0,1,subject_20
-0.937410017830106,1.0,0.0,0.0,0.0,2.0,6,subject_20
-0.937410017830106,1.0,0.0,0.0,0.0,1.0,4,subject_20
-0.937410017830106,1.0,0.0,0.0,0.0,0.0,2,subject_20
-0.937410017830106,1.0,0.0,0.0,1.0,2.0,6,subject_20
-0.937410017830106,1.0,0.0,0.0,1.0,1.0,6,subject_20
-0.937410017830106,1.0,0.0,0.0,1.0,0.0,5,subject_20
-0.4483265302665725,-1.0,2.0,1.0,0.0,2.0,1,subject_20
-0.4483265302665725,-1.0,2.0,1.0,0.0,1.0,1,subject_20
-0.4483265302665725,-1.0,2.0,1.0,0.0,0.0,1,subject_20
-0.4483265302665725,-1.0,2.0,1.0,1.0,2.0,1,subject_20
-0.4483265302665725,-1.0,2.0,1.0,1.0,1.0,1,subject_20
-0.4483265302665725,-1.0,2.0,1.0,1.0,0.0,1,subject_20
-0.4483265302665725,-1.0,2.0,2.0,0.0,2.0,1,subject_20
-0.4483265302665725,-1.0,2.0,2.0,0.0,1.0,1,subject_20
-0.4483265302665725,-1.0,2.0,2.0,0.0,0.0,1,subject_20
-0.4483265302665725,-1.0,2.0,2.0,1.0,2.0,1,subject_20
-0.4483265302665725,-1.0,2.0,2.0,1.0,1.0,1,subject_20
-0.4483265302665725,-1.0,2.0,2.0,1.0,0.0,1,subject_20
-0.4483265302665725,-1.0,2.0,0.0,0.0,2.0,1,subject_20
-0.4483265302665725,-1.0,2.0,0.0,0.0,1.0,1,subject_20
-0.4483265302665725,-1.0,2.0,0.0,0.0,0.0,1,subject_20
-0.4483265302665725,-1.0,2.0,0.0,1.0,2.0,4,subject_20
-0.4483265302665725,-1.0,2.0,0.0,1.0,1.0,2,subject_20
-0.4483265302665725,-1.0,2.0,0.0,1.0,0.0,1,subject_20
-0.4483265302665725,-1.0,1.0,1.0,0.0,2.0,2,subject_20
-0.4483265302665725,-1.0,1.0,1.0,0.0,1.0,1,subject_20
-0.4483265302665725,-1.0,1.0,1.0,0.0,0.0,1,subject_20
-0.4483265302665725,-1.0,1.0,1.0,1.0,2.0,5,subject_20
-0.4483265302665725,-1.0,1.0,1.0,1.0,1.0,3,subject_20
-0.4483265302665725,-1.0,1.0,1.0,1.0,0.0,1,subject_20
-0.4483265302665725,-1.0,1.0,2.0,0.0,2.0,1,subject_20
-0.4483265302665725,-1.0,1.0,2.0,0.0,1.0,1,subject_20
-0.4483265302665725,-1.0,1.0,2.0,0.0,0.0,1,subject_20
-0.4483265302665725,-1.0,1.0,2.0,1.0,2.0,2,subject_20
-0.4483265302665725,-1.0,1.0,2.0,1.0,1.0,1,subject_20
-0.4483265302665725,-1.0,1.0,2.0,1.0,0.0,1,subject_20
-0.4483265302665725,-1.0,1.0,0.0,0.0,2.0,5,subject_20
-0.4483265302665725,-1.0,1.0,0.0,0.0,1.0,3,subject_20
-0.4483265302665725,-1.0,1.0,0.0,0.0,0.0,1,subject_20
-0.4483265302665725,-1.0,1.0,0.0,1.0,2.0,6,subject_20
-0.4483265302665725,-1.0,1.0,0.0,1.0,1.0,6,subject_20
-0.4483265302665725,-1.0,1.0,0.0,1.0,0.0,4,subject_20
-0.4483265302665725,-1.0,0.0,1.0,0.0,2.0,5,subject_20
-0.4483265302665725,-1.0,0.0,1.0,0.0,1.0,3,subject_20
-0.4483265302665725,-1.0,0.0,1.0,0.0,0.0,1,subject_20
-0.4483265302665725,-1.0,0.0,1.0,1.0,2.0,6,subject_20
-0.4483265302665725,-1.0,0.0,1.0,1.0,1.0,6,subject_20
-0.4483265302665725,-1.0,0.0,1.0,1.0,0.0,4,subject_20
-0.4483265302665725,-1.0,0.0,2.0,0.0,2.0,2,subject_20
-0.4483265302665725,-1.0,0.0,2.0,0.0,1.0,1,subject_20
-0.4483265302665725,-1.0,0.0,2.0,0.0,0.0,1,subject_20
-0.4483265302665725,-1.0,0.0,2.0,1.0,2.0,5,subject_20
-0.4483265302665725,-1.0,0.0,2.0,1.0,1.0,3,subject_20
-0.4483265302665725,-1.0,0.0,2.0,1.0,0.0,1,subject_20
-0.4483265302665725,-1.0,0.0,0.0,0.0,2.0,6,subject_20
-0.4483265302665725,-1.0,0.0,0.0,0.0,1.0,6,subject_20
-0.4483265302665725,-1.0,0.0,0.0,0.0,0.0,4,subject_20
-0.4483265302665725,-1.0,0.0,0.0,1.0,2.0,6,subject_20
-0.4483265302665725,-1.0,0.0,0.0,1.0,1.0,6,subject_20
-0.4483265302665725,-1.0,0.0,0.0,1.0,0.0,6,subject_20
-0.4483265302665725,1.0,2.0,1.0,0.0,2.0,1,subject_20
-0.4483265302665725,1.0,2.0,1.0,0.0,1.0,1,subject_20
-0.4483265302665725,1.0,2.0,1.0,0.0,0.0,1,subject_20
-0.4483265302665725,1.0,2.0,1.0,1.0,2.0,1,subject_20
-0.4483265302665725,1.0,2.0,1.0,1.0,1.0,1,subject_20
-0.4483265302665725,1.0,2.0,1.0,1.0,0.0,1,subject_20
-0.4483265302665725,1.0,2.0,2.0,0.0,2.0,1,subject_20
-0.4483265302665725,1.0,2.0,2.0,0.0,1.0,1,subject_20
-0.4483265302665725,1.0,2.0,2.0,0.0,0.0,1,subject_20
-0.4483265302665725,1.0,2.0,2.0,1.0,2.0,1,subject_20
-0.4483265302665725,1.0,2.0,2.0,1.0,1.0,1,subject_20
-0.4483265302665725,1.0,2.0,2.0,1.0,0.0,1,subject_20
-0.4483265302665725,1.0,2.0,0.0,0.0,2.0,1,subject_20
-0.4483265302665725,1.0,2.0,0.0,0.0,1.0,1,subject_20
-0.4483265302665725,1.0,2.0,0.0,0.0,0.0,1,subject_20
-0.4483265302665725,1.0,2.0,0.0,1.0,2.0,2,subject_20
-0.4483265302665725,1.0,2.0,0.0,1.0,1.0,1,subject_20
-0.4483265302665725,1.0,2.0,0.0,1.0,0.0,1,subject_20
-0.4483265302665725,1.0,1.0,1.0,0.0,2.0,1,subject_20
-0.4483265302665725,1.0,1.0,1.0,0.0,1.0,1,subject_20
-0.4483265302665725,1.0,1.0,1.0,0.0,0.0,1,subject_20
-0.4483265302665725,1.0,1.0,1.0,1.0,2.0,3,subject_20
-0.4483265302665725,1.0,1.0,1.0,1.0,1.0,1,subject_20
-0.4483265302665725,1.0,1.0,1.0,1.0,0.0,1,subject_20
-0.4483265302665725,1.0,1.0,2.0,0.0,2.0,1,subject_20
-0.4483265302665725,1.0,1.0,2.0,0.0,1.0,1,subject_20
-0.4483265302665725,1.0,1.0,2.0,0.0,0.0,1,subject_20
-0.4483265302665725,1.0,1.0,2.0,1.0,2.0,1,subject_20
-0.4483265302665725,1.0,1.0,2.0,1.0,1.0,1,subject_20
-0.4483265302665725,1.0,1.0,2.0,1.0,0.0,1,subject_20
-0.4483265302665725,1.0,1.0,0.0,0.0,2.0,3,subject_20
-0.4483265302665725,1.0,1.0,0.0,0.0,1.0,1,subject_20
-0.4483265302665725,1.0,1.0,0.0,0.0,0.0,1,subject_20
-0.4483265302665725,1.0,1.0,0.0,1.0,2.0,6,subject_20
-0.4483265302665725,1.0,1.0,0.0,1.0,1.0,4,subject_20
-0.4483265302665725,1.0,1.0,0.0,1.0,0.0,2,subject_20
-0.4483265302665725,1.0,0.0,1.0,0.0,2.0,4,subject_20
-0.4483265302665725,1.0,0.0,1.0,0.0,1.0,2,subject_20
-0.4483265302665725,1.0,0.0,1.0,0.0,0.0,1,subject_20
-0.4483265302665725,1.0,0.0,1.0,1.0,2.0,6,subject_20
-0.4483265302665725,1.0,0.0,1.0,1.0,1.0,5,subject_20
-0.4483265302665725,1.0,0.0,1.0,1.0,0.0,2,subject_20
-0.4483265302665725,1.0,0.0,2.0,0.0,2.0,1,subject_20
-0.4483265302665725,1.0,0.0,2.0,0.0,1.0,1,subject_20
-0.4483265302665725,1.0,0.0,2.0,0.0,0.0,1,subject_20
-0.4483265302665725,1.0,0.0,2.0,1.0,2.0,4,subject_20
-0.4483265302665725,1.0,0.0,2.0,1.0,1.0,2,subject_20
-0.4483265302665725,1.0,0.0,2.0,1.0,0.0,1,subject_20
-0.4483265302665725,1.0,0.0,0.0,0.0,2.0,6,subject_20
-0.4483265302665725,1.0,0.0,0.0,0.0,1.0,5,subject_20
-0.4483265302665725,1.0,0.0,0.0,0.0,0.0,2,subject_20
-0.4483265302665725,1.0,0.0,0.0,1.0,2.0,6,subject_20
-0.4483265302665725,1.0,0.0,0.0,1.0,1.0,6,subject_20
-0.4483265302665725,1.0,0.0,0.0,1.0,0.0,5,subject_20
1.3857365480966777,-1.0,2.0,1.0,0.0,2.0,1,subject_20
1.3857365480966777,-1.0,2.0,1.0,0.0,1.0,1,subject_20
1.3857365480966777,-1.0,2.0,1.0,0.0,0.0,1,subject_20
1.3857365480966777,-1.0,2.0,1.0,1.0,2.0,1,subject_20
1.3857365480966777,-1.0,2.0,1.0,1.0,1.0,1,subject_20
1.3857365480966777,-1.0,2.0,1.0,1.0,0.0,1,subject_20
1.3857365480966777,-1.0,2.0,2.0,0.0,2.0,1,subject_20
1.3857365480966777,-1.0,2.0,2.0,0.0,1.0,1,subject_20
1.3857365480966777,-1.0,2.0,2.0,0.0,0.0,1,subject_20
1.3857365480966777,-1.0,2.0,2.0,1.0,2.0,1,subject_20
1.3857365480966777,-1.0,2.0,2.0,1.0,1.0,1,subject_20
1.3857365480966777,-1.0,2.0,2.0,1.0,0.0,1,subject_20
1.3857365480966777,-1.0,2.0,0.0,0.0,2.0,1,subject_20
1.3857365480966777,-1.0,2.0,0.0,0.0,1.0,1,subject_20
1.3857365480966777,-1.0,2.0,0.0,0.0,0.0,1,subject_20
1.3857365480966777,-1.0,2.0,0.0,1.0,2.0,3,subject_20
1.3857365480966777,-1.0,2.0,0.0,1.0,1.0,1,subject_20
1.3857365480966777,-1.0,2.0,0.0,1.0,0.0,1,subject_20
1.3857365480966777,-1.0,1.0,1.0,0.0,2.0,1,subject_20
1.3857365480966777,-1.0,1.0,1.0,0.0,1.0,1,subject_20
1.3857365480966777,-1.0,1.0,1.0,0.0,0.0,1,subject_20
1.3857365480966777,-1.0,1.0,1.0,1.0,2.0,4,subject_20
1.3857365480966777,-1.0,1.0,1.0,1.0,1.0,2,subject_20
1.3857365480966777,-1.0,1.0,1.0,1.0,0.0,1,subject_20
1.3857365480966777,-1.0,1.0,2.0,0.0,2.0,1,subject_20
1.3857365480966777,-1.0,1.0,2.0,0.0,1.0,1,subject_20
1.3857365480966777,-1.0,1.0,2.0,0.0,0.0,1,subject_20
1.3857365480966777,-1.0,1.0,2.0,1.0,2.0,1,subject_20
1.3857365480966777,-1.0,1.0,2.0,1.0,1.0,1,subject_20
1.3857365480966777,-1.0,1.0,2.0,1.0,0.0,1,subject_20
1.3857365480966777,-1.0,1.0,0.0,0.0,2.0,4,subject_20
1.3857365480966777,-1.0,1.0,0.0,0.0,1.0,2,subject_20
1.3857365480966777,-1.0,1.0,0.0,0.0,0.0,1,subject_20
1.3857365480966777,-1.0,1.0,0.0,1.0,2.0,6,subject_20
1.3857365480966777,-1.0,1.0,0.0,1.0,1.0,5,subject_20
1.3857365480966777,-1.0,1.0,0.0,1.0,0.0,2,subject_20
1.3857365480966777,-1.0,0.0,1.0,0.0,2.0,4,subject_20
1.3857365480966777,-1.0,0.0,1.0,0.0,1.0,2,subject_20
1.3857365480966777,-1.0,0.0,1.0,0.0,0.0,1,subject_20
1.3857365480966777,-1.0,0.0,1.0,1.0,2.0,6,subject_20
1.3857365480966777,-1.0,0.0,1.0,1.0,1.0,5,subject_20
1.3857365480966777,-1.0,0.0,1.0,1.0,0.0,3,subject_20
1.3857365480966777,-1.0,0.0,2.0,0.0,2.0,1,subject_20
1.3857365480966777,-1.0,0.0,2.0,0.0,1.0,1,subject_20
1.3857365480966777,-1.0,0.0,2.0,0.0,0.0,1,subject_20
1.3857365480966777,-1.0,0.0,2.0,1.0,2.0,4,subject_20
1.3857365480966777,-1.0,0.0,2.0,1.0,1.0,2,subject_20
1.3857365480966777,-1.0,0.0,2.0,1.0,0.0,1,subject_20
1.3857365480966777,-1.0,0.0,0.0,0.0,2.0,6,subject_20
1.3857365480966777,-1.0,0.0,0.0,0.0,1.0,5,subject_20
1.3857365480966777,-1.0,0.0,0.0,0.0,0.0,3,subject_20
1.3857365480966777,-1.0,0.0,0.0,1.0,2.0,6,subject_20
1.3857365480966777,-1.0,0.0,0.0,1.0,1.0,6,subject_20
1.3857365480966777,-1.0,0.0,0.0,1.0,0.0,6,subject_20
1.3857365480966777,1.0,2.0,1.0,0.0,2.0,1,subject_20
1.3857365480966777,1.0,2.0,1.0,0.0,1.0,1,subject_20
1.3857365480966777,1.0,2.0,1.0,0.0,0.0,1,subject_20
1.3857365480966777,1.0,2.0,1.0,1.0,2.0,2,subject_20
1.3857365480966777,1.0,2.0,1.0,1.0,1.0,1,subject_20
1.3857365480966777,1.0,2.0,1.0,1.0,0.0,1,subject_20
1.3857365480966777,1.0,2.0,2.0,0.0,2.0,1,subject_20
1.3857365480966777,1.0,2.0,2.0,0.0,1.0,1,subject_20
1.3857365480966777,1.0,2.0,2.0,0.0,0.0,1,subject_20
1.3857365480966777,1.0,2.0,2.0,1.0,2.0,1,subject_20
1.3857365480966777,1.0,2.0,2.0,1.0,1.0,1,subject_20
1.3857365480966777,1.0,2.0,2.0,1.0,0.0,1,subject_20
1.3857365480966777,1.0,2.0,0.0,0.0,2.0,2,subject_20
1.3857365480966777,1.0,2.0,0.0,0.0,1.0,1,subject_20
1.3857365480966777,1.0,2.0,0.0,0.0,0.0,1,subject_20
1.3857365480966777,1.0,2.0,0.0,1.0,2.0,5,subject_20
1.3857365480966777,1.0,2.0,0.0,1.0,1.0,2,subject_20
1.3857365480966777,1.0,2.0,0.0,1.0,0.0,1,subject_20
1.3857365480966777,1.0,1.0,1.0,0.0,2.0,2,subject_20
1.3857365480966777,1.0,1.0,1.0,0.0,1.0,1,subject_20
1.3857365480966777,1.0,1.0,1.0,0.0,0.0,1,subject_20
1.3857365480966777,1.0,1.0,1.0,1.0,2.0,5,subject_20
1.3857365480966777,1.0,1.0,1.0,1.0,1.0,3,subject_20
1.3857365480966777,1.0,1.0,1.0,1.0,0.0,1,subject_20
1.3857365480966777,1.0,1.0,2.0,0.0,2.0,1,subject_20
1.3857365480966777,1.0,1.0,2.0,0.0,1.0,1,subject_20
1.3857365480966777,1.0,1.0,2.0,0.0,0.0,1,subject_20
1.3857365480966777,1.0,1.0,2.0,1.0,2.0,2,subject_20
1.3857365480966777,1.0,1.0,2.0,1.0,1.0,1,subject_20
1.3857365480966777,1.0,1.0,2.0,1.0,0.0,1,subject_20
1.3857365480966777,1.0,1.0,0.0,0.0,2.0,5,subject_20
1.3857365480966777,1.0,1.0,0.0,0.0,1.0,3,subject_20
1.3857365480966777,1.0,1.0,0.0,0.0,0.0,1,subject_20
1.3857365480966777,1.0,1.0,0.0,1.0,2.0,6,subject_20
1.3857365480966777,1.0,1.0,0.0,1.0,1.0,6,subject_20
1.3857365480966777,1.0,1.0,0.0,1.0,0.0,4,subject_20
1.3857365480966777,1.0,0.0,1.0,0.0,2.0,6,subject_20
1.3857365480966777,1.0,0.0,1.0,0.0,1.0,3,subject_20
1.3857365480966777,1.0,0.0,1.0,0.0,0.0,1,subject_20
1.3857365480966777,1.0,0.0,1.0,1.0,2.0,6,subject_20
1.3857365480966777,1.0,0.0,1.0,1.0,1.0,6,subject_20
1.3857365480966777,1.0,0.0,1.0,1.0,0.0,5,subject_20
1.3857365480966777,1.0,0.0,2.0,0.0,2.0,2,subject_20
1.3857365480966777,1.0,0.0,2.0,0.0,1.0,1,subject_20
1.3857365480966777,1.0,0.0,2.0,0.0,0.0,1,subject_20
1.3857365480966777,1.0,0.0,2.0,1.0,2.0,6,subject_20
1.3857365480966777,1.0,0.0,2.0,1.0,1.0,4,subject_20
1.3857365480966777,1.0,0.0,2.0,1.0,0.0,1,subject_20
1.3857365480966777,1.0,0.0,0.0,0.0,2.0,6,subject_20
1.3857365480966777,1.0,0.0,0.0,0.0,1.0,6,subject_20
1.3857365480966777,1.0,0.0,0.0,0.0,0.0,5,subject_20
1.3857365480966777,1.0,0.0,0.0,1.0,2.0,6,subject_20
1.3857365480966777,1.0,0.0,0.0,1.0,1.0,6,subject_20
1.3857365480966777,1.0,0.0,0.0,1.0,0.0,6,subject_20
-0.937410017830106,-1.0,2.0,1.0,0.0,2.0,1,subject_21
-0.937410017830106,-1.0,2.0,1.0,0.0,1.0,1,subject_21
-0.937410017830106,-1.0,2.0,1.0,0.0,0.0,1,subject_21
-0.937410017830106,-1.0,2.0,1.0,1.0,2.0,4,subject_21
-0.937410017830106,-1.0,2.0,1.0,1.0,1.0,1,subject_21
-0.937410017830106,-1.0,2.0,1.0,1.0,0.0,1,subject_21
-0.937410017830106,-1.0,2.0,2.0,0.0,2.0,1,subject_21
-0.937410017830106,-1.0,2.0,2.0,0.0,1.0,1,subject_21
-0.937410017830106,-1.0,2.0,2.0,0.0,0.0,1,subject_21
-0.937410017830106,-1.0,2.0,2.0,1.0,2.0,1,subject_21
-0.937410017830106,-1.0,2.0,2.0,1.0,1.0,1,subject_21
-0.937410017830106,-1.0,2.0,2.0,1.0,0.0,1,subject_21
-0.937410017830106,-1.0,2.0,0.0,0.0,2.0,4,subject_21
-0.937410017830106,-1.0,2.0,0.0,0.0,1.0,1,subject_21
-0.937410017830106,-1.0,2.0,0.0,0.0,0.0,1,subject_21
-0.937410017830106,-1.0,2.0,0.0,1.0,2.0,6,subject_21
-0.937410017830106,-1.0,2.0,0.0,1.0,1.0,3,subject_21
-0.937410017830106,-1.0,2.0,0.0,1.0,0.0,1,subject_21
-0.937410017830106,-1.0,1.0,1.0,0.0,2.0,4,subject_21
-0.937410017830106,-1.0,1.0,1.0,0.0,1.0,1,subject_21
-0.937410017830106,-1.0,1.0,1.0,0.0,0.0,1,subject_21
-0.937410017830106,-1.0,1.0,1.0,1.0,2.0,6,subject_21
-0.937410017830106,-1.0,1.0,1.0,1.0,1.0,4,subject_21
-0.937410017830106,-1.0,1.0,1.0,1.0,0.0,1,subject_21
-0.937410017830106,-1.0,1.0,2.0,0.0,2.0,1,subject_21
-0.937410017830106,-1.0,1.0,2.0,0.0,1.0,1,subject_21
-0.937410017830106,-1.0,1.0,2.0,0.0,0.0,1,subject_21
-0.937410017830106,-1.0,1.0,2.0,1.0,2.0,4,subject_21
-0.937410017830106,-1.0,1.0,2.0,1.0,1.0,1,subject_21
-0.937410017830106,-1.0,1.0,2.0,1.0,0.0,1,subject_21
-0.937410017830106,-1.0,1.0,0.0,0.0,2.0,6,subject_21
-0.937410017830106,-1.0,1.0,0.0,0.0,1.0,4,subject_21
-0.937410017830106,-1.0,1.0,0.0,0.0,0.0,1,subject_21
-0.937410017830106,-1.0,1.0,0.0,1.0,2.0,6,subject_21
-0.937410017830106,-1.0,1.0,0.0,1.0,1.0,6,subject_21
-0.937410017830106,-1.0,1.0,0.0,1.0,0.0,3,subject_21
-0.937410017830106,-1.0,0.0,1.0,0.0,2.0,6,subject_21
-0.937410017830106,-1.0,0.0,1.0,0.0,1.0,4,subject_21
-0.937410017830106,-1.0,0.0,1.0,0.0,0.0,1,subject_21
-0.937410017830106,-1.0,0.0,1.0,1.0,2.0,6,subject_21
-0.937410017830106,-1.0,0.0,1.0,1.0,1.0,6,subject_21
-0.937410017830106,-1.0,0.0,1.0,1.0,0.0,3,subject_21
-0.937410017830106,-1.0,0.0,2.0,0.0,2.0,4,subject_21
-0.937410017830106,-1.0,0.0,2.0,0.0,1.0,1,subject_21
-0.937410017830106,-1.0,0.0,2.0,0.0,0.0,1,subject_21
-0.937410017830106,-1.0,0.0,2.0,1.0,2.0,6,subject_21
-0.937410017830106,-1.0,0.0,2.0,1.0,1.0,4,subject_21
-0.937410017830106,-1.0,0.0,2.0,1.0,0.0,1,subject_21
-0.937410017830106,-1.0,0.0,0.0,0.0,2.0,6,subject_21
-0.937410017830106,-1.0,0.0,0.0,0.0,1.0,6,subject_21
-0.937410017830106,-1.0,0.0,0.0,0.0,0.0,4,subject_21
-0.937410017830106,-1.0,0.0,0.0,1.0,2.0,6,subject_21
-0.937410017830106,-1.0,0.0,0.0,1.0,1.0,6,subject_21
-0.937410017830106,-1.0,0.0,0.0,1.0,0.0,6,subject_21
-0.937410017830106,1.0,2.0,1.0,0.0,2.0,3,subject_21
-0.937410017830106,1.0,2.0,1.0,0.0,1.0,1,subject_21
-0.937410017830106,1.0,2.0,1.0,0.0,0.0,1,subject_21
-0.937410017830106,1.0,2.0,1.0,1.0,2.0,5,subject_21
-0.937410017830106,1.0,2.0,1.0,1.0,1.0,2,subject_21
-0.937410017830106,1.0,2.0,1.0,1.0,0.0,1,subject_21
-0.937410017830106,1.0,2.0,2.0,0.0,2.0,1,subject_21
-0.937410017830106,1.0,2.0,2.0,0.0,1.0,1,subject_21
-0.937410017830106,1.0,2.0,2.0,0.0,0.0,1,subject_21
-0.937410017830106,1.0,2.0,2.0,1.0,2.0,3,subject_21
-0.937410017830106,1.0,2.0,2.0,1.0,1.0,1,subject_21
-0.937410017830106,1.0,2.0,2.0,1.0,0.0,1,subject_21
-0.937410017830106,1.0,2.0,0.0,0.0,2.0,5,subject_21
-0.937410017830106,1.0,2.0,0.0,0.0,1.0,3,subject_21
-0.937410017830106,1.0,2.0,0.0,0.0,0.0,1,subject_21
-0.937410017830106,1.0,2.0,0.0,1.0,2.0,6,subject_21
-0.937410017830106,1.0,2.0,0.0,1.0,1.0,5,subject_21
-0.937410017830106,1.0,2.0,0.0,1.0,0.0,2,subject_21
-0.937410017830106,1.0,1.0,1.0,0.0,2.0,5,subject_21
-0.937410017830106,1.0,1.0,1.0,0.0,1.0,2,subject_21
-0.937410017830106,1.0,1.0,1.0,0.0,0.0,1,subject_21
-0.937410017830106,1.0,1.0,1.0,1.0,2.0,6,subject_21
-0.937410017830106,1.0,1.0,1.0,1.0,1.0,5,subject_21
-0.937410017830106,1.0,1.0,1.0,1.0,0.0,2,subject_21
-0.937410017830106,1.0,1.0,2.0,0.0,2.0,2,subject_21
-0.937410017830106,1.0,1.0,2.0,0.0,1.0,1,subject_21
-0.937410017830106,1.0,1.0,2.0,0.0,0.0,1,subject_21
-0.937410017830106,1.0,1.0,2.0,1.0,2.0,5,subject_21
-0.937410017830106,1.0,1.0,2.0,1.0,1.0,3,subject_21
-0.937410017830106,1.0,1.0,2.0,1.0,0.0,1,subject_21
-0.937410017830106,1.0,1.0,0.0,0.0,2.0,6,subject_21
-0.937410017830106,1.0,1.0,0.0,0.0,1.0,5,subject_21
-0.937410017830106,1.0,1.0,0.0,0.0,0.0,2,subject_21
-0.937410017830106,1.0,1.0,0.0,1.0,2.0,6,subject_21
-0.937410017830106,1.0,1.0,0.0,1.0,1.0,6,subject_21
-0.937410017830106,1.0,1.0,0.0,1.0,0.0,5,subject_21
-0.937410017830106,1.0,0.0,1.0,0.0,2.0,6,subject_21
-0.937410017830106,1.0,0.0,1.0,0.0,1.0,5,subject_21
-0.937410017830106,1.0,0.0,1.0,0.0,0.0,2,subject_21
-0.937410017830106,1.0,0.0,1.0,1.0,2.0,6,subject_21
-0.937410017830106,1.0,0.0,1.0,1.0,1.0,6,subject_21
-0.937410017830106,1.0,0.0,1.0,1.0,0.0,5,subject_21
-0.937410017830106,1.0,0.0,2.0,0.0,2.0,5,subject_21
-0.937410017830106,1.0,0.0,2.0,0.0,1.0,2,subject_21
-0.937410017830106,1.0,0.0,2.0,0.0,0.0,1,subject_21
-0.937410017830106,1.0,0.0,2.0,1.0,2.0,6,subject_21
-0.937410017830106,1.0,0.0,2.0,1.0,1.0,5,subject_21
-0.937410017830106,1.0,0.0,2.0,1.0,0.0,3,subject_21
-0.937410017830106,1.0,0.0,0.0,0.0,2.0,6,subject_21
-0.937410017830106,1.0,0.0,0.0,0.0,1.0,6,subject_21
-0.937410017830106,1.0,0.0,0.0,0.0,0.0,5,subject_21
-0.937410017830106,1.0,0.0,0.0,1.0,2.0,6,subject_21
-0.937410017830106,1.0,0.0,0.0,1.0,1.0,6,subject_21
-0.937410017830106,1.0,0.0,0.0,1.0,0.0,6,subject_21
-0.4483265302665725,-1.0,2.0,1.0,0.0,2.0,1,subject_21
-0.4483265302665725,-1.0,2.0,1.0,0.0,1.0,1,subject_21
-0.4483265302665725,-1.0,2.0,1.0,0.0,0.0,1,subject_21
-0.4483265302665725,-1.0,2.0,1.0,1.0,2.0,3,subject_21
-0.4483265302665725,-1.0,2.0,1.0,1.0,1.0,1,subject_21
-0.4483265302665725,-1.0,2.0,1.0,1.0,0.0,1,subject_21
-0.4483265302665725,-1.0,2.0,2.0,0.0,2.0,1,subject_21
-0.4483265302665725,-1.0,2.0,2.0,0.0,1.0,1,subject_21
-0.4483265302665725,-1.0,2.0,2.0,0.0,0.0,1,subject_21
-0.4483265302665725,-1.0,2.0,2.0,1.0,2.0,1,subject_21
-0.4483265302665725,-1.0,2.0,2.0,1.0,1.0,1,subject_21
-0.4483265302665725,-1.0,2.0,2.0,1.0,0.0,1,subject_21
-0.4483265302665725,-1.0,2.0,0.0,0.0,2.0,3,subject_21
-0.4483265302665725,-1.0,2.0,0.0,0.0,1.0,1,subject_21
-0.4483265302665725,-1.0,2.0,0.0,0.0,0.0,1,subject_21
-0.4483265302665725,-1.0,2.0,0.0,1.0,2.0,5,subject_21
-0.4483265302665725,-1.0,2.0,0.0,1.0,1.0,2,subject_21
-0.4483265302665725,-1.0,2.0,0.0,1.0,0.0,1,subject_21
-0.4483265302665725,-1.0,1.0,1.0,0.0,2.0,3,subject_21
-0.4483265302665725,-1.0,1.0,1.0,0.0,1.0,1,subject_21
-0.4483265302665725,-1.0,1.0,1.0,0.0,0.0,1,subject_21
-0.4483265302665725,-1.0,1.0,1.0,1.0,2.0,5,subject_21
-0.4483265302665725,-1.0,1.0,1.0,1.0,1.0,3,subject_21
-0.4483265302665725,-1.0,1.0,1.0,1.0,0.0,1,subject_21
-0.4483265302665725,-1.0,1.0,2.0,0.0,2.0,1,subject_21
-0.4483265302665725,-1.0,1.0,2.0,0.0,1.0,1,subject_21
-0.4483265302665725,-1.0,1.0,2.0,0.0,0.0,1,subject_21
-0.4483265302665725,-1.0,1.0,2.0,1.0,2.0,3,subject_21
-0.4483265302665725,-1.0,1.0,2.0,1.0,1.0,1,subject_21
-0.4483265302665725,-1.0,1.0,2.0,1.0,0.0,1,subject_21
-0.4483265302665725,-1.0,1.0,0.0,0.0,2.0,5,subject_21
-0.4483265302665725,-1.0,1.0,0.0,0.0,1.0,3,subject_21
-0.4483265302665725,-1.0,1.0,0.0,0.0,0.0,1,subject_21
-0.4483265302665725,-1.0,1.0,0.0,1.0,2.0,6,subject_21
-0.4483265302665725,-1.0,1.0,0.0,1.0,1.0,5,subject_21
-0.4483265302665725,-1.0,1.0,0.0,1.0,0.0,2,subject_21
-0.4483265302665725,-1.0,0.0,1.0,0.0,2.0,5,subject_21
-0.4483265302665725,-1.0,0.0,1.0,0.0,1.0,2,subject_21
-0.4483265302665725,-1.0,0.0,1.0,0.0,0.0,1,subject_21
-0.4483265302665725,-1.0,0.0,1.0,1.0,2.0,6,subject_21
-0.4483265302665725,-1.0,0.0,1.0,1.0,1.0,5,subject_21
-0.4483265302665725,-1.0,0.0,1.0,1.0,0.0,2,subject_21
-0.4483265302665725,-1.0,0.0,2.0,0.0,2.0,2,subject_21
-0.4483265302665725,-1.0,0.0,2.0,0.0,1.0,1,subject_21
-0.4483265302665725,-1.0,0.0,2.0,0.0,0.0,1,subject_21
-0.4483265302665725,-1.0,0.0,2.0,1.0,2.0,5,subject_21
-0.4483265302665725,-1.0,0.0,2.0,1.0,1.0,3,subject_21
-0.4483265302665725,-1.0,0.0,2.0,1.0,0.0,1,subject_21
-0.4483265302665725,-1.0,0.0,0.0,0.0,2.0,6,subject_21
-0.4483265302665725,-1.0,0.0,0.0,0.0,1.0,5,subject_21
-0.4483265302665725,-1.0,0.0,0.0,0.0,0.0,2,subject_21
-0.4483265302665725,-1.0,0.0,0.0,1.0,2.0,6,subject_21
-0.4483265302665725,-1.0,0.0,0.0,1.0,1.0,6,subject_21
-0.4483265302665725,-1.0,0.0,0.0,1.0,0.0,5,subject_21
-0.4483265302665725,1.0,2.0,1.0,0.0,2.0,3,subject_21
-0.4483265302665725,1.0,2.0,1.0,0.0,1.0,1,subject_21
-0.4483265302665725,1.0,2.0,1.0,0.0,0.0,1,subject_21
-0.4483265302665725,1.0,2.0,1.0,1.0,2.0,5,subject_21
-0.4483265302665725,1.0,2.0,1.0,1.0,1.0,2,subject_21
-0.4483265302665725,1.0,2.0,1.0,1.0,0.0,1,subject_21
-0.4483265302665725,1.0,2.0,2.0,0.0,2.0,1,subject_21
-0.4483265302665725,1.0,2.0,2.0,0.0,1.0,1,subject_21
-0.4483265302665725,1.0,2.0,2.0,0.0,0.0,1,subject_21
-0.4483265302665725,1.0,2.0,2.0,1.0,2.0,3,subject_21
-0.4483265302665725,1.0,2.0,2.0,1.0,1.0,1,subject_21
-0.4483265302665725,1.0,2.0,2.0,1.0,0.0,1,subject_21
-0.4483265302665725,1.0,2.0,0.0,0.0,2.0,5,subject_21
-0.4483265302665725,1.0,2.0,0.0,0.0,1.0,3,subject_21
-0.4483265302665725,1.0,2.0,0.0,0.0,0.0,1,subject_21
-0.4483265302665725,1.0,2.0,0.0,1.0,2.0,6,subject_21
-0.4483265302665725,1.0,2.0,0.0,1.0,1.0,5,subject_21
-0.4483265302665725,1.0,2.0,0.0,1.0,0.0,2,subject_21
-0.4483265302665725,1.0,1.0,1.0,0.0,2.0,5,subject_21
-0.4483265302665725,1.0,1.0,1.0,0.0,1.0,2,subject_21
-0.4483265302665725,1.0,1.0,1.0,0.0,0.0,1,subject_21
-0.4483265302665725,1.0,1.0,1.0,1.0,2.0,6,subject_21
-0.4483265302665725,1.0,1.0,1.0,1.0,1.0,5,subject_21
-0.4483265302665725,1.0,1.0,1.0,1.0,0.0,2,subject_21
-0.4483265302665725,1.0,1.0,2.0,0.0,2.0,2,subject_21
-0.4483265302665725,1.0,1.0,2.0,0.0,1.0,1,subject_21
-0.4483265302665725,1.0,1.0,2.0,0.0,0.0,1,subject_21
-0.4483265302665725,1.0,1.0,2.0,1.0,2.0,5,subject_21
-0.4483265302665725,1.0,1.0,2.0,1.0,1.0,3,subject_21
-0.4483265302665725,1.0,1.0,2.0,1.0,0.0,1,subject_21
-0.4483265302665725,1.0,1.0,0.0,0.0,2.0,6,subject_21
-0.4483265302665725,1.0,1.0,0.0,0.0,1.0,5,subject_21
-0.4483265302665725,1.0,1.0,0.0,0.0,0.0,2,subject_21
-0.4483265302665725,1.0,1.0,0.0,1.0,2.0,6,subject_21
-0.4483265302665725,1.0,1.0,0.0,1.0,1.0,6,subject_21
-0.4483265302665725,1.0,1.0,0.0,1.0,0.0,5,subject_21
-0.4483265302665725,1.0,0.0,1.0,0.0,2.0,6,subject_21
-0.4483265302665725,1.0,0.0,1.0,0.0,1.0,5,subject_21
-0.4483265302665725,1.0,0.0,1.0,0.0,0.0,2,subject_21
-0.4483265302665725,1.0,0.0,1.0,1.0,2.0,6,subject_21
-0.4483265302665725,1.0,0.0,1.0,1.0,1.0,6,subject_21
-0.4483265302665725,1.0,0.0,1.0,1.0,0.0,5,subject_21
-0.4483265302665725,1.0,0.0,2.0,0.0,2.0,5,subject_21
-0.4483265302665725,1.0,0.0,2.0,0.0,1.0,2,subject_21
-0.4483265302665725,1.0,0.0,2.0,0.0,0.0,1,subject_21
-0.4483265302665725,1.0,0.0,2.0,1.0,2.0,6,subject_21
-0.4483265302665725,1.0,0.0,2.0,1.0,1.0,5,subject_21
-0.4483265302665725,1.0,0.0,2.0,1.0,0.0,3,subject_21
-0.4483265302665725,1.0,0.0,0.0,0.0,2.0,6,subject_21
-0.4483265302665725,1.0,0.0,0.0,0.0,1.0,6,subject_21
-0.4483265302665725,1.0,0.0,0.0,0.0,0.0,5,subject_21
-0.4483265302665725,1.0,0.0,0.0,1.0,2.0,6,subject_21
-0.4483265302665725,1.0,0.0,0.0,1.0,1.0,6,subject_21
-0.4483265302665725,1.0,0.0,0.0,1.0,0.0,6,subject_21
1.3857365480966777,-1.0,2.0,1.0,0.0,2.0,1,subject_21
1.3857365480966777,-1.0,2.0,1.0,0.0,1.0,1,subject_21
1.3857365480966777,-1.0,2.0,1.0,0.0,0.0,1,subject_21
1.3857365480966777,-1.0,2.0,1.0,1.0,2.0,1,subject_21
1.3857365480966777,-1.0,2.0,1.0,1.0,1.0,1,subject_21
1.3857365480966777,-1.0,2.0,1.0,1.0,0.0,1,subject_21
1.3857365480966777,-1.0,2.0,2.0,0.0,2.0,1,subject_21
1.3857365480966777,-1.0,2.0,2.0,0.0,1.0,1,subject_21
1.3857365480966777,-1.0,2.0,2.0,0.0,0.0,1,subject_21
1.3857365480966777,-1.0,2.0,2.0,1.0,2.0,1,subject_21
1.3857365480966777,-1.0,2.0,2.0,1.0,1.0,1,subject_21
1.3857365480966777,-1.0,2.0,2.0,1.0,0.0,1,subject_21
1.3857365480966777,-1.0,2.0,0.0,0.0,2.0,1,subject_21
1.3857365480966777,-1.0,2.0,0.0,0.0,1.0,1,subject_21
1.3857365480966777,-1.0,2.0,0.0,0.0,0.0,1,subject_21
1.3857365480966777,-1.0,2.0,0.0,1.0,2.0,2,subject_21
1.3857365480966777,-1.0,2.0,0.0,1.0,1.0,1,subject_21
1.3857365480966777,-1.0,2.0,0.0,1.0,0.0,1,subject_21
1.3857365480966777,-1.0,1.0,1.0,0.0,2.0,1,subject_21
1.3857365480966777,-1.0,1.0,1.0,0.0,1.0,1,subject_21
1.3857365480966777,-1.0,1.0,1.0,0.0,0.0,1,subject_21
1.3857365480966777,-1.0,1.0,1.0,1.0,2.0,2,subject_21
1.3857365480966777,-1.0,1.0,1.0,1.0,1.0,1,subject_21
1.3857365480966777,-1.0,1.0,1.0,1.0,0.0,1,subject_21
1.3857365480966777,-1.0,1.0,2.0,0.0,2.0,1,subject_21
1.3857365480966777,-1.0,1.0,2.0,0.0,1.0,1,subject_21
1.3857365480966777,-1.0,1.0,2.0,0.0,0.0,1,subject_21
1.3857365480966777,-1.0,1.0,2.0,1.0,2.0,1,subject_21
1.3857365480966777,-1.0,1.0,2.0,1.0,1.0,1,subject_21
1.3857365480966777,-1.0,1.0,2.0,1.0,0.0,1,subject_21
1.3857365480966777,-1.0,1.0,0.0,0.0,2.0,2,subject_21
1.3857365480966777,-1.0,1.0,0.0,0.0,1.0,1,subject_21
1.3857365480966777,-1.0,1.0,0.0,0.0,0.0,1,subject_21
1.3857365480966777,-1.0,1.0,0.0,1.0,2.0,5,subject_21
1.3857365480966777,-1.0,1.0,0.0,1.0,1.0,2,subject_21
1.3857365480966777,-1.0,1.0,0.0,1.0,0.0,1,subject_21
1.3857365480966777,-1.0,0.0,1.0,0.0,2.0,2,subject_21
1.3857365480966777,-1.0,0.0,1.0,0.0,1.0,1,subject_21
1.3857365480966777,-1.0,0.0,1.0,0.0,0.0,1,subject_21
1.3857365480966777,-1.0,0.0,1.0,1.0,2.0,5,subject_21
1.3857365480966777,-1.0,0.0,1.0,1.0,1.0,2,subject_21
1.3857365480966777,-1.0,0.0,1.0,1.0,0.0,1,subject_21
1.3857365480966777,-1.0,0.0,2.0,0.0,2.0,1,subject_21
1.3857365480966777,-1.0,0.0,2.0,0.0,1.0,1,subject_21
1.3857365480966777,-1.0,0.0,2.0,0.0,0.0,1,subject_21
1.3857365480966777,-1.0,0.0,2.0,1.0,2.0,2,subject_21
1.3857365480966777,-1.0,0.0,2.0,1.0,1.0,1,subject_21
1.3857365480966777,-1.0,0.0,2.0,1.0,0.0,1,subject_21
1.3857365480966777,-1.0,0.0,0.0,0.0,2.0,5,subject_21
1.3857365480966777,-1.0,0.0,0.0,0.0,1.0,2,subject_21
1.3857365480966777,-1.0,0.0,0.0,0.0,0.0,1,subject_21
1.3857365480966777,-1.0,0.0,0.0,1.0,2.0,6,subject_21
1.3857365480966777,-1.0,0.0,0.0,1.0,1.0,5,subject_21
1.3857365480966777,-1.0,0.0,0.0,1.0,0.0,2,subject_21
1.3857365480966777,1.0,2.0,1.0,0.0,2.0,2,subject_21
1.3857365480966777,1.0,2.0,1.0,0.0,1.0,1,subject_21
1.3857365480966777,1.0,2.0,1.0,0.0,0.0,1,subject_21
1.3857365480966777,1.0,2.0,1.0,1.0,2.0,5,subject_21
1.3857365480966777,1.0,2.0,1.0,1.0,1.0,2,subject_21
1.3857365480966777,1.0,2.0,1.0,1.0,0.0,1,subject_21
1.3857365480966777,1.0,2.0,2.0,0.0,2.0,1,subject_21
1.3857365480966777,1.0,2.0,2.0,0.0,1.0,1,subject_21
1.3857365480966777,1.0,2.0,2.0,0.0,0.0,1,subject_21
1.3857365480966777,1.0,2.0,2.0,1.0,2.0,3,subject_21
1.3857365480966777,1.0,2.0,2.0,1.0,1.0,1,subject_21
1.3857365480966777,1.0,2.0,2.0,1.0,0.0,1,subject_21
1.3857365480966777,1.0,2.0,0.0,0.0,2.0,5,subject_21
1.3857365480966777,1.0,2.0,0.0,0.0,1.0,2,subject_21
1.3857365480966777,1.0,2.0,0.0,0.0,0.0,1,subject_21
1.3857365480966777,1.0,2.0,0.0,1.0,2.0,6,subject_21
1.3857365480966777,1.0,2.0,0.0,1.0,1.0,5,subject_21
1.3857365480966777,1.0,2.0,0.0,1.0,0.0,2,subject_21
1.3857365480966777,1.0,1.0,1.0,0.0,2.0,5,subject_21
1.3857365480966777,1.0,1.0,1.0,0.0,1.0,2,subject_21
1.3857365480966777,1.0,1.0,1.0,0.0,0.0,1,subject_21
1.3857365480966777,1.0,1.0,1.0,1.0,2.0,6,subject_21
1.3857365480966777,1.0,1.0,1.0,1.0,1.0,5,subject_21
1.3857365480966777,1.0,1.0,1.0,1.0,0.0,2,subject_21
1.3857365480966777,1.0,1.0,2.0,0.0,2.0,2,subject_21
1.3857365480966777,1.0,1.0,2.0,0.0,1.0,1,subject_21
1.3857365480966777,1.0,1.0,2.0,0.0,0.0,1,subject_21
1.3857365480966777,1.0,1.0,2.0,1.0,2.0,5,subject_21
1.3857365480966777,1.0,1.0,2.0,1.0,1.0,3,subject_21
1.3857365480966777,1.0,1.0,2.0,1.0,0.0,1,subject_21
1.3857365480966777,1.0,1.0,0.0,0.0,2.0,6,subject_21
1.3857365480966777,1.0,1.0,0.0,0.0,1.0,5,subject_21
1.3857365480966777,1.0,1.0,0.0,0.0,0.0,2,subject_21
1.3857365480966777,1.0,1.0,0.0,1.0,2.0,6,subject_21
1.3857365480966777,1.0,1.0,0.0,1.0,1.0,6,subject_21
1.3857365480966777,1.0,1.0,0.0,1.0,0.0,5,subject_21
1.3857365480966777,1.0,0.0,1.0,0.0,2.0,6,subject_21
1.3857365480966777,1.0,0.0,1.0,0.0,1.0,5,subject_21
1.3857365480966777,1.0,0.0,1.0,0.0,0.0,2,subject_21
1.3857365480966777,1.0,0.0,1.0,1.0,2.0,6,subject_21
1.3857365480966777,1.0,0.0,1.0,1.0,1.0,6,subject_21
1.3857365480966777,1.0,0.0,1.0,1.0,0.0,5,subject_21
1.3857365480966777,1.0,0.0,2.0,0.0,2.0,5,subject_21
1.3857365480966777,1.0,0.0,2.0,0.0,1.0,2,subject_21
1.3857365480966777,1.0,0.0,2.0,0.0,0.0,1,subject_21
1.3857365480966777,1.0,0.0,2.0,1.0,2.0,6,subject_21
1.3857365480966777,1.0,0.0,2.0,1.0,1.0,5,subject_21
1.3857365480966777,1.0,0.0,2.0,1.0,0.0,2,subject_21
1.3857365480966777,1.0,0.0,0.0,0.0,2.0,6,subject_21
1.3857365480966777,1.0,0.0,0.0,0.0,1.0,6,subject_21
1.3857365480966777,1.0,0.0,0.0,0.0,0.0,5,subject_21
1.3857365480966777,1.0,0.0,0.0,1.0,2.0,6,subject_21
1.3857365480966777,1.0,0.0,0.0,1.0,1.0,6,subject_21
1.3857365480966777,1.0,0.0,0.0,1.0,0.0,6,subject_21
-0.937410017830106,-1.0,2.0,1.0,0.0,2.0,3,subject_22
-0.937410017830106,-1.0,2.0,1.0,0.0,1.0,1,subject_22
-0.937410017830106,-1.0,2.0,1.0,0.0,0.0,1,subject_22
-0.937410017830106,-1.0,2.0,1.0,1.0,2.0,5,subject_22
-0.937410017830106,-1.0,2.0,1.0,1.0,1.0,3,subject_22
-0.937410017830106,-1.0,2.0,1.0,1.0,0.0,1,subject_22
-0.937410017830106,-1.0,2.0,2.0,0.0,2.0,1,subject_22
-0.937410017830106,-1.0,2.0,2.0,0.0,1.0,1,subject_22
-0.937410017830106,-1.0,2.0,2.0,0.0,0.0,1,subject_22
-0.937410017830106,-1.0,2.0,2.0,1.0,2.0,3,subject_22
-0.937410017830106,-1.0,2.0,2.0,1.0,1.0,1,subject_22
-0.937410017830106,-1.0,2.0,2.0,1.0,0.0,1,subject_22
-0.937410017830106,-1.0,2.0,0.0,0.0,2.0,5,subject_22
-0.937410017830106,-1.0,2.0,0.0,0.0,1.0,3,subject_22
-0.937410017830106,-1.0,2.0,0.0,0.0,0.0,1,subject_22
-0.937410017830106,-1.0,2.0,0.0,1.0,2.0,6,subject_22
-0.937410017830106,-1.0,2.0,0.0,1.0,1.0,5,subject_22
-0.937410017830106,-1.0,2.0,0.0,1.0,0.0,3,subject_22
-0.937410017830106,-1.0,1.0,1.0,0.0,2.0,5,subject_22
-0.937410017830106,-1.0,1.0,1.0,0.0,1.0,3,subject_22
-0.937410017830106,-1.0,1.0,1.0,0.0,0.0,1,subject_22
-0.937410017830106,-1.0,1.0,1.0,1.0,2.0,6,subject_22
-0.937410017830106,-1.0,1.0,1.0,1.0,1.0,5,subject_22
-0.937410017830106,-1.0,1.0,1.0,1.0,0.0,3,subject_22
-0.937410017830106,-1.0,1.0,2.0,0.0,2.0,3,subject_22
-0.937410017830106,-1.0,1.0,2.0,0.0,1.0,1,subject_22
-0.937410017830106,-1.0,1.0,2.0,0.0,0.0,1,subject_22
-0.937410017830106,-1.0,1.0,2.0,1.0,2.0,5,subject_22
-0.937410017830106,-1.0,1.0,2.0,1.0,1.0,3,subject_22
-0.937410017830106,-1.0,1.0,2.0,1.0,0.0,1,subject_22
-0.937410017830106,-1.0,1.0,0.0,0.0,2.0,6,subject_22
-0.937410017830106,-1.0,1.0,0.0,0.0,1.0,5,subject_22
-0.937410017830106,-1.0,1.0,0.0,0.0,0.0,3,subject_22
-0.937410017830106,-1.0,1.0,0.0,1.0,2.0,6,subject_22
-0.937410017830106,-1.0,1.0,0.0,1.0,1.0,6,subject_22
-0.937410017830106,-1.0,1.0,0.0,1.0,0.0,5,subject_22
-0.937410017830106,-1.0,0.0,1.0,0.0,2.0,6,subject_22
-0.937410017830106,-1.0,0.0,1.0,0.0,1.0,5,subject_22
-0.937410017830106,-1.0,0.0,1.0,0.0,0.0,3,subject_22
-0.937410017830106,-1.0,0.0,1.0,1.0,2.0,6,subject_22
-0.937410017830106,-1.0,0.0,1.0,1.0,1.0,6,subject_22
-0.937410017830106,-1.0,0.0,1.0,1.0,0.0,5,subject_22
-0.937410017830106,-1.0,0.0,2.0,0.0,2.0,5,subject_22
-0.937410017830106,-1.0,0.0,2.0,0.0,1.0,3,subject_22
-0.937410017830106,-1.0,0.0,2.0,0.0,0.0,1,subject_22
-0.937410017830106,-1.0,0.0,2.0,1.0,2.0,6,subject_22
-0.937410017830106,-1.0,0.0,2.0,1.0,1.0,5,subject_22
-0.937410017830106,-1.0,0.0,2.0,1.0,0.0,3,subject_22
-0.937410017830106,-1.0,0.0,0.0,0.0,2.0,6,subject_22
-0.937410017830106,-1.0,0.0,0.0,0.0,1.0,6,subject_22
-0.937410017830106,-1.0,0.0,0.0,0.0,0.0,5,subject_22
-0.937410017830106,-1.0,0.0,0.0,1.0,2.0,6,subject_22
-0.937410017830106,-1.0,0.0,0.0,1.0,1.0,6,subject_22
-0.937410017830106,-1.0,0.0,0.0,1.0,0.0,6,subject_22
-0.937410017830106,1.0,2.0,1.0,0.0,2.0,1,subject_22
-0.937410017830106,1.0,2.0,1.0,0.0,1.0,1,subject_22
-0.937410017830106,1.0,2.0,1.0,0.0,0.0,1,subject_22
-0.937410017830106,1.0,2.0,1.0,1.0,2.0,4,subject_22
-0.937410017830106,1.0,2.0,1.0,1.0,1.0,2,subject_22
-0.937410017830106,1.0,2.0,1.0,1.0,0.0,1,subject_22
-0.937410017830106,1.0,2.0,2.0,0.0,2.0,1,subject_22
-0.937410017830106,1.0,2.0,2.0,0.0,1.0,1,subject_22
-0.937410017830106,1.0,2.0,2.0,0.0,0.0,1,subject_22
-0.937410017830106,1.0,2.0,2.0,1.0,2.0,2,subject_22
-0.937410017830106,1.0,2.0,2.0,1.0,1.0,1,subject_22
-0.937410017830106,1.0,2.0,2.0,1.0,0.0,1,subject_22
-0.937410017830106,1.0,2.0,0.0,0.0,2.0,4,subject_22
-0.937410017830106,1.0,2.0,0.0,0.0,1.0,2,subject_22
-0.937410017830106,1.0,2.0,0.0,0.0,0.0,1,subject_22
-0.937410017830106,1.0,2.0,0.0,1.0,2.0,6,subject_22
-0.937410017830106,1.0,2.0,0.0,1.0,1.0,4,subject_22
-0.937410017830106,1.0,2.0,0.0,1.0,0.0,2,subject_22
-0.937410017830106,1.0,1.0,1.0,0.0,2.0,3,subject_22
-0.937410017830106,1.0,1.0,1.0,0.0,1.0,1,subject_22
-0.937410017830106,1.0,1.0,1.0,0.0,0.0,1,subject_22
-0.937410017830106,1.0,1.0,1.0,1.0,2.0,6,subject_22
-0.937410017830106,1.0,1.0,1.0,1.0,1.0,4,subject_22
-0.937410017830106,1.0,1.0,1.0,1.0,0.0,2,subject_22
-0.937410017830106,1.0,1.0,2.0,0.0,2.0,1,subject_22
-0.937410017830106,1.0,1.0,2.0,0.0,1.0,1,subject_22
-0.937410017830106,1.0,1.0,2.0,0.0,0.0,1,subject_22
-0.937410017830106,1.0,1.0,2.0,1.0,2.0,4,subject_22
-0.937410017830106,1.0,1.0,2.0,1.0,1.0,2,subject_22
-0.937410017830106,1.0,1.0,2.0,1.0,0.0,1,subject_22
-0.937410017830106,1.0,1.0,0.0,0.0,2.0,6,subject_22
-0.937410017830106,1.0,1.0,0.0,0.0,1.0,4,subject_22
-0.937410017830106,1.0,1.0,0.0,0.0,0.0,2,subject_22
-0.937410017830106,1.0,1.0,0.0,1.0,2.0,6,subject_22
-0.937410017830106,1.0,1.0,0.0,1.0,1.0,6,subject_22
-0.937410017830106,1.0,1.0,0.0,1.0,0.0,4,subject_22
-0.937410017830106,1.0,0.0,1.0,0.0,2.0,5,subject_22
-0.937410017830106,1.0,0.0,1.0,0.0,1.0,3,subject_22
-0.937410017830106,1.0,0.0,1.0,0.0,0.0,1,subject_22
-0.937410017830106,1.0,0.0,1.0,1.0,2.0,6,subject_22
-0.937410017830106,1.0,0.0,1.0,1.0,1.0,6,subject_22
-0.937410017830106,1.0,0.0,1.0,1.0,0.0,4,subject_22
-0.937410017830106,1.0,0.0,2.0,0.0,2.0,3,subject_22
-0.937410017830106,1.0,0.0,2.0,0.0,1.0,1,subject_22
-0.937410017830106,1.0,0.0,2.0,0.0,0.0,1,subject_22
-0.937410017830106,1.0,0.0,2.0,1.0,2.0,6,subject_22
-0.937410017830106,1.0,0.0,2.0,1.0,1.0,4,subject_22
-0.937410017830106,1.0,0.0,2.0,1.0,0.0,2,subject_22
-0.937410017830106,1.0,0.0,0.0,0.0,2.0,6,subject_22
-0.937410017830106,1.0,0.0,0.0,0.0,1.0,6,subject_22
-0.937410017830106,1.0,0.0,0.0,0.0,0.0,4,subject_22
-0.937410017830106,1.0,0.0,0.0,1.0,2.0,6,subject_22
-0.937410017830106,1.0,0.0,0.0,1.0,1.0,6,subject_22
-0.937410017830106,1.0,0.0,0.0,1.0,0.0,6,subject_22
-0.4483265302665725,-1.0,2.0,1.0,0.0,2.0,2,subject_22
-0.4483265302665725,-1.0,2.0,1.0,0.0,1.0,1,subject_22
-0.4483265302665725,-1.0,2.0,1.0,0.0,0.0,1,subject_22
-0.4483265302665725,-1.0,2.0,1.0,1.0,2.0,5,subject_22
-0.4483265302665725,-1.0,2.0,1.0,1.0,1.0,2,subject_22
-0.4483265302665725,-1.0,2.0,1.0,1.0,0.0,1,subject_22
-0.4483265302665725,-1.0,2.0,2.0,0.0,2.0,1,subject_22
-0.4483265302665725,-1.0,2.0,2.0,0.0,1.0,1,subject_22
-0.4483265302665725,-1.0,2.0,2.0,0.0,0.0,1,subject_22
-0.4483265302665725,-1.0,2.0,2.0,1.0,2.0,2,subject_22
-0.4483265302665725,-1.0,2.0,2.0,1.0,1.0,1,subject_22
-0.4483265302665725,-1.0,2.0,2.0,1.0,0.0,1,subject_22
-0.4483265302665725,-1.0,2.0,0.0,0.0,2.0,5,subject_22
-0.4483265302665725,-1.0,2.0,0.0,0.0,1.0,2,subject_22
-0.4483265302665725,-1.0,2.0,0.0,0.0,0.0,1,subject_22
-0.4483265302665725,-1.0,2.0,0.0,1.0,2.0,6,subject_22
-0.4483265302665725,-1.0,2.0,0.0,1.0,1.0,5,subject_22
-0.4483265302665725,-1.0,2.0,0.0,1.0,0.0,2,subject_22
-0.4483265302665725,-1.0,1.0,1.0,0.0,2.0,4,subject_22
-0.4483265302665725,-1.0,1.0,1.0,0.0,1.0,2,subject_22
-0.4483265302665725,-1.0,1.0,1.0,0.0,0.0,1,subject_22
-0.4483265302665725,-1.0,1.0,1.0,1.0,2.0,6,subject_22
-0.4483265302665725,-1.0,1.0,1.0,1.0,1.0,5,subject_22
-0.4483265302665725,-1.0,1.0,1.0,1.0,0.0,2,subject_22
-0.4483265302665725,-1.0,1.0,2.0,0.0,2.0,2,subject_22
-0.4483265302665725,-1.0,1.0,2.0,0.0,1.0,1,subject_22
-0.4483265302665725,-1.0,1.0,2.0,0.0,0.0,1,subject_22
-0.4483265302665725,-1.0,1.0,2.0,1.0,2.0,5,subject_22
-0.4483265302665725,-1.0,1.0,2.0,1.0,1.0,2,subject_22
-0.4483265302665725,-1.0,1.0,2.0,1.0,0.0,1,subject_22
-0.4483265302665725,-1.0,1.0,0.0,0.0,2.0,6,subject_22
-0.4483265302665725,-1.0,1.0,0.0,0.0,1.0,5,subject_22
-0.4483265302665725,-1.0,1.0,0.0,0.0,0.0,2,subject_22
-0.4483265302665725,-1.0,1.0,0.0,1.0,2.0,6,subject_22
-0.4483265302665725,-1.0,1.0,0.0,1.0,1.0,6,subject_22
-0.4483265302665725,-1.0,1.0,0.0,1.0,0.0,5,subject_22
-0.4483265302665725,-1.0,0.0,1.0,0.0,2.0,6,subject_22
-0.4483265302665725,-1.0,0.0,1.0,0.0,1.0,4,subject_22
-0.4483265302665725,-1.0,0.0,1.0,0.0,0.0,2,subject_22
-0.4483265302665725,-1.0,0.0,1.0,1.0,2.0,6,subject_22
-0.4483265302665725,-1.0,0.0,1.0,1.0,1.0,6,subject_22
-0.4483265302665725,-1.0,0.0,1.0,1.0,0.0,5,subject_22
-0.4483265302665725,-1.0,0.0,2.0,0.0,2.0,4,subject_22
-0.4483265302665725,-1.0,0.0,2.0,0.0,1.0,2,subject_22
-0.4483265302665725,-1.0,0.0,2.0,0.0,0.0,1,subject_22
-0.4483265302665725,-1.0,0.0,2.0,1.0,2.0,6,subject_22
-0.4483265302665725,-1.0,0.0,2.0,1.0,1.0,5,subject_22
-0.4483265302665725,-1.0,0.0,2.0,1.0,0.0,2,subject_22
-0.4483265302665725,-1.0,0.0,0.0,0.0,2.0,6,subject_22
-0.4483265302665725,-1.0,0.0,0.0,0.0,1.0,6,subject_22
-0.4483265302665725,-1.0,0.0,0.0,0.0,0.0,5,subject_22
-0.4483265302665725,-1.0,0.0,0.0,1.0,2.0,6,subject_22
-0.4483265302665725,-1.0,0.0,0.0,1.0,1.0,6,subject_22
-0.4483265302665725,-1.0,0.0,0.0,1.0,0.0,6,subject_22
-0.4483265302665725,1.0,2.0,1.0,0.0,2.0,1,subject_22
-0.4483265302665725,1.0,2.0,1.0,0.0,1.0,1,subject_22
-0.4483265302665725,1.0,2.0,1.0,0.0,0.0,1,subject_22
-0.4483265302665725,1.0,2.0,1.0,1.0,2.0,4,subject_22
-0.4483265302665725,1.0,2.0,1.0,1.0,1.0,2,subject_22
-0.4483265302665725,1.0,2.0,1.0,1.0,0.0,1,subject_22
-0.4483265302665725,1.0,2.0,2.0,0.0,2.0,1,subject_22
-0.4483265302665725,1.0,2.0,2.0,0.0,1.0,1,subject_22
-0.4483265302665725,1.0,2.0,2.0,0.0,0.0,1,subject_22
-0.4483265302665725,1.0,2.0,2.0,1.0,2.0,2,subject_22
-0.4483265302665725,1.0,2.0,2.0,1.0,1.0,1,subject_22
-0.4483265302665725,1.0,2.0,2.0,1.0,0.0,1,subject_22
-0.4483265302665725,1.0,2.0,0.0,0.0,2.0,4,subject_22
-0.4483265302665725,1.0,2.0,0.0,0.0,1.0,2,subject_22
-0.4483265302665725,1.0,2.0,0.0,0.0,0.0,1,subject_22
-0.4483265302665725,1.0,2.0,0.0,1.0,2.0,6,subject_22
-0.4483265302665725,1.0,2.0,0.0,1.0,1.0,4,subject_22
-0.4483265302665725,1.0,2.0,0.0,1.0,0.0,2,subject_22
-0.4483265302665725,1.0,1.0,1.0,0.0,2.0,3,subject_22
-0.4483265302665725,1.0,1.0,1.0,0.0,1.0,1,subject_22
-0.4483265302665725,1.0,1.0,1.0,0.0,0.0,1,subject_22
-0.4483265302665725,1.0,1.0,1.0,1.0,2.0,6,subject_22
-0.4483265302665725,1.0,1.0,1.0,1.0,1.0,4,subject_22
-0.4483265302665725,1.0,1.0,1.0,1.0,0.0,2,subject_22
-0.4483265302665725,1.0,1.0,2.0,0.0,2.0,1,subject_22
-0.4483265302665725,1.0,1.0,2.0,0.0,1.0,1,subject_22
-0.4483265302665725,1.0,1.0,2.0,0.0,0.0,1,subject_22
-0.4483265302665725,1.0,1.0,2.0,1.0,2.0,4,subject_22
-0.4483265302665725,1.0,1.0,2.0,1.0,1.0,2,subject_22
-0.4483265302665725,1.0,1.0,2.0,1.0,0.0,1,subject_22
-0.4483265302665725,1.0,1.0,0.0,0.0,2.0,6,subject_22
-0.4483265302665725,1.0,1.0,0.0,0.0,1.0,4,subject_22
-0.4483265302665725,1.0,1.0,0.0,0.0,0.0,1,subject_22
-0.4483265302665725,1.0,1.0,0.0,1.0,2.0,6,subject_22
-0.4483265302665725,1.0,1.0,0.0,1.0,1.0,6,subject_22
-0.4483265302665725,1.0,1.0,0.0,1.0,0.0,4,subject_22
-0.4483265302665725,1.0,0.0,1.0,0.0,2.0,5,subject_22
-0.4483265302665725,1.0,0.0,1.0,0.0,1.0,3,subject_22
-0.4483265302665725,1.0,0.0,1.0,0.0,0.0,1,subject_22
-0.4483265302665725,1.0,0.0,1.0,1.0,2.0,6,subject_22
-0.4483265302665725,1.0,0.0,1.0,1.0,1.0,6,subject_22
-0.4483265302665725,1.0,0.0,1.0,1.0,0.0,4,subject_22
-0.4483265302665725,1.0,0.0,2.0,0.0,2.0,3,subject_22
-0.4483265302665725,1.0,0.0,2.0,0.0,1.0,1,subject_22
-0.4483265302665725,1.0,0.0,2.0,0.0,0.0,1,subject_22
-0.4483265302665725,1.0,0.0,2.0,1.0,2.0,6,subject_22
-0.4483265302665725,1.0,0.0,2.0,1.0,1.0,4,subject_22
-0.4483265302665725,1.0,0.0,2.0,1.0,0.0,2,subject_22
-0.4483265302665725,1.0,0.0,0.0,0.0,2.0,6,subject_22
-0.4483265302665725,1.0,0.0,0.0,0.0,1.0,5,subject_22
-0.4483265302665725,1.0,0.0,0.0,0.0,0.0,3,subject_22
-0.4483265302665725,1.0,0.0,0.0,1.0,2.0,6,subject_22
-0.4483265302665725,1.0,0.0,0.0,1.0,1.0,6,subject_22
-0.4483265302665725,1.0,0.0,0.0,1.0,0.0,6,subject_22
1.3857365480966777,-1.0,2.0,1.0,0.0,2.0,1,subject_22
1.3857365480966777,-1.0,2.0,1.0,0.0,1.0,1,subject_22
1.3857365480966777,-1.0,2.0,1.0,0.0,0.0,1,subject_22
1.3857365480966777,-1.0,2.0,1.0,1.0,2.0,1,subject_22
1.3857365480966777,-1.0,2.0,1.0,1.0,1.0,1,subject_22
1.3857365480966777,-1.0,2.0,1.0,1.0,0.0,1,subject_22
1.3857365480966777,-1.0,2.0,2.0,0.0,2.0,1,subject_22
1.3857365480966777,-1.0,2.0,2.0,0.0,1.0,1,subject_22
1.3857365480966777,-1.0,2.0,2.0,0.0,0.0,1,subject_22
1.3857365480966777,-1.0,2.0,2.0,1.0,2.0,1,subject_22
1.3857365480966777,-1.0,2.0,2.0,1.0,1.0,1,subject_22
1.3857365480966777,-1.0,2.0,2.0,1.0,0.0,1,subject_22
1.3857365480966777,-1.0,2.0,0.0,0.0,2.0,1,subject_22
1.3857365480966777,-1.0,2.0,0.0,0.0,1.0,1,subject_22
1.3857365480966777,-1.0,2.0,0.0,0.0,0.0,1,subject_22
1.3857365480966777,-1.0,2.0,0.0,1.0,2.0,4,subject_22
1.3857365480966777,-1.0,2.0,0.0,1.0,1.0,2,subject_22
1.3857365480966777,-1.0,2.0,0.0,1.0,0.0,1,subject_22
1.3857365480966777,-1.0,1.0,1.0,0.0,2.0,1,subject_22
1.3857365480966777,-1.0,1.0,1.0,0.0,1.0,1,subject_22
1.3857365480966777,-1.0,1.0,1.0,0.0,0.0,1,subject_22
1.3857365480966777,-1.0,1.0,1.0,1.0,2.0,3,subject_22
1.3857365480966777,-1.0,1.0,1.0,1.0,1.0,1,subject_22
1.3857365480966777,-1.0,1.0,1.0,1.0,0.0,1,subject_22
1.3857365480966777,-1.0,1.0,2.0,0.0,2.0,1,subject_22
1.3857365480966777,-1.0,1.0,2.0,0.0,1.0,1,subject_22
1.3857365480966777,-1.0,1.0,2.0,0.0,0.0,1,subject_22
1.3857365480966777,-1.0,1.0,2.0,1.0,2.0,1,subject_22
1.3857365480966777,-1.0,1.0,2.0,1.0,1.0,1,subject_22
1.3857365480966777,-1.0,1.0,2.0,1.0,0.0,1,subject_22
1.3857365480966777,-1.0,1.0,0.0,0.0,2.0,3,subject_22
1.3857365480966777,-1.0,1.0,0.0,0.0,1.0,1,subject_22
1.3857365480966777,-1.0,1.0,0.0,0.0,0.0,1,subject_22
1.3857365480966777,-1.0,1.0,0.0,1.0,2.0,6,subject_22
1.3857365480966777,-1.0,1.0,0.0,1.0,1.0,3,subject_22
1.3857365480966777,-1.0,1.0,0.0,1.0,0.0,1,subject_22
1.3857365480966777,-1.0,0.0,1.0,0.0,2.0,3,subject_22
1.3857365480966777,-1.0,0.0,1.0,0.0,1.0,1,subject_22
1.3857365480966777,-1.0,0.0,1.0,0.0,0.0,1,subject_22
1.3857365480966777,-1.0,0.0,1.0,1.0,2.0,5,subject_22
1.3857365480966777,-1.0,0.0,1.0,1.0,1.0,3,subject_22
1.3857365480966777,-1.0,0.0,1.0,1.0,0.0,1,subject_22
1.3857365480966777,-1.0,0.0,2.0,0.0,2.0,1,subject_22
1.3857365480966777,-1.0,0.0,2.0,0.0,1.0,1,subject_22
1.3857365480966777,-1.0,0.0,2.0,0.0,0.0,1,subject_22
1.3857365480966777,-1.0,0.0,2.0,1.0,2.0,3,subject_22
1.3857365480966777,-1.0,0.0,2.0,1.0,1.0,1,subject_22
1.3857365480966777,-1.0,0.0,2.0,1.0,0.0,1,subject_22
1.3857365480966777,-1.0,0.0,0.0,0.0,2.0,5,subject_22
1.3857365480966777,-1.0,0.0,0.0,0.0,1.0,3,subject_22
1.3857365480966777,-1.0,0.0,0.0,0.0,0.0,1,subject_22
1.3857365480966777,-1.0,0.0,0.0,1.0,2.0,6,subject_22
1.3857365480966777,-1.0,0.0,0.0,1.0,1.0,5,subject_22
1.3857365480966777,-1.0,0.0,0.0,1.0,0.0,3,subject_22
1.3857365480966777,1.0,2.0,1.0,0.0,2.0,1,subject_22
1.3857365480966777,1.0,2.0,1.0,0.0,1.0,1,subject_22
1.3857365480966777,1.0,2.0,1.0,0.0,0.0,1,subject_22
1.3857365480966777,1.0,2.0,1.0,1.0,2.0,4,subject_22
1.3857365480966777,1.0,2.0,1.0,1.0,1.0,2,subject_22
1.3857365480966777,1.0,2.0,1.0,1.0,0.0,1,subject_22
1.3857365480966777,1.0,2.0,2.0,0.0,2.0,1,subject_22
1.3857365480966777,1.0,2.0,2.0,0.0,1.0,1,subject_22
1.3857365480966777,1.0,2.0,2.0,0.0,0.0,1,subject_22
1.3857365480966777,1.0,2.0,2.0,1.0,2.0,1,subject_22
1.3857365480966777,1.0,2.0,2.0,1.0,1.0,1,subject_22
1.3857365480966777,1.0,2.0,2.0,1.0,0.0,1,subject_22
1.3857365480966777,1.0,2.0,0.0,0.0,2.0,3,subject_22
1.3857365480966777,1.0,2.0,0.0,0.0,1.0,1,subject_22
1.3857365480966777,1.0,2.0,0.0,0.0,0.0,1,subject_22
1.3857365480966777,1.0,2.0,0.0,1.0,2.0,6,subject_22
1.3857365480966777,1.0,2.0,0.0,1.0,1.0,4,subject_22
1.3857365480966777,1.0,2.0,0.0,1.0,0.0,2,subject_22
1.3857365480966777,1.0,1.0,1.0,0.0,2.0,3,subject_22
1.3857365480966777,1.0,1.0,1.0,0.0,1.0,1,subject_22
1.3857365480966777,1.0,1.0,1.0,0.0,0.0,1,subject_22
1.3857365480966777,1.0,1.0,1.0,1.0,2.0,6,subject_22
1.3857365480966777,1.0,1.0,1.0,1.0,1.0,4,subject_22
1.3857365480966777,1.0,1.0,1.0,1.0,0.0,2,subject_22
1.3857365480966777,1.0,1.0,2.0,0.0,2.0,1,subject_22
1.3857365480966777,1.0,1.0,2.0,0.0,1.0,1,subject_22
1.3857365480966777,1.0,1.0,2.0,0.0,0.0,1,subject_22
1.3857365480966777,1.0,1.0,2.0,1.0,2.0,3,subject_22
1.3857365480966777,1.0,1.0,2.0,1.0,1.0,1,subject_22
1.3857365480966777,1.0,1.0,2.0,1.0,0.0,1,subject_22
1.3857365480966777,1.0,1.0,0.0,0.0,2.0,5,subject_22
1.3857365480966777,1.0,1.0,0.0,0.0,1.0,3,subject_22
1.3857365480966777,1.0,1.0,0.0,0.0,0.0,1,subject_22
1.3857365480966777,1.0,1.0,0.0,1.0,2.0,6,subject_22
1.3857365480966777,1.0,1.0,0.0,1.0,1.0,6,subject_22
1.3857365480966777,1.0,1.0,0.0,1.0,0.0,4,subject_22
1.3857365480966777,1.0,0.0,1.0,0.0,2.0,5,subject_22
1.3857365480966777,1.0,0.0,1.0,0.0,1.0,3,subject_22
1.3857365480966777,1.0,0.0,1.0,0.0,0.0,1,subject_22
1.3857365480966777,1.0,0.0,1.0,1.0,2.0,6,subject_22
1.3857365480966777,1.0,0.0,1.0,1.0,1.0,6,subject_22
1.3857365480966777,1.0,0.0,1.0,1.0,0.0,3,subject_22
1.3857365480966777,1.0,0.0,2.0,0.0,2.0,3,subject_22
1.3857365480966777,1.0,0.0,2.0,0.0,1.0,1,subject_22
1.3857365480966777,1.0,0.0,2.0,0.0,0.0,1,subject_22
1.3857365480966777,1.0,0.0,2.0,1.0,2.0,5,subject_22
1.3857365480966777,1.0,0.0,2.0,1.0,1.0,3,subject_22
1.3857365480966777,1.0,0.0,2.0,1.0,0.0,1,subject_22
1.3857365480966777,1.0,0.0,0.0,0.0,2.0,6,subject_22
1.3857365480966777,1.0,0.0,0.0,0.0,1.0,5,subject_22
1.3857365480966777,1.0,0.0,0.0,0.0,0.0,3,subject_22
1.3857365480966777,1.0,0.0,0.0,1.0,2.0,6,subject_22
1.3857365480966777,1.0,0.0,0.0,1.0,1.0,6,subject_22
1.3857365480966777,1.0,0.0,0.0,1.0,0.0,6,subject_22
-0.937410017830106,-1.0,2.0,1.0,0.0,2.0,1,subject_23
-0.937410017830106,-1.0,2.0,1.0,0.0,1.0,1,subject_23
-0.937410017830106,-1.0,2.0,1.0,0.0,0.0,1,subject_23
-0.937410017830106,-1.0,2.0,1.0,1.0,2.0,3,subject_23
-0.937410017830106,-1.0,2.0,1.0,1.0,1.0,1,subject_23
-0.937410017830106,-1.0,2.0,1.0,1.0,0.0,1,subject_23
-0.937410017830106,-1.0,2.0,2.0,0.0,2.0,1,subject_23
-0.937410017830106,-1.0,2.0,2.0,0.0,1.0,1,subject_23
-0.937410017830106,-1.0,2.0,2.0,0.0,0.0,1,subject_23
-0.937410017830106,-1.0,2.0,2.0,1.0,2.0,1,subject_23
-0.937410017830106,-1.0,2.0,2.0,1.0,1.0,1,subject_23
-0.937410017830106,-1.0,2.0,2.0,1.0,0.0,1,subject_23
-0.937410017830106,-1.0,2.0,0.0,0.0,2.0,4,subject_23
-0.937410017830106,-1.0,2.0,0.0,0.0,1.0,1,subject_23
-0.937410017830106,-1.0,2.0,0.0,0.0,0.0,1,subject_23
-0.937410017830106,-1.0,2.0,0.0,1.0,2.0,6,subject_23
-0.937410017830106,-1.0,2.0,0.0,1.0,1.0,4,subject_23
-0.937410017830106,-1.0,2.0,0.0,1.0,0.0,1,subject_23
-0.937410017830106,-1.0,1.0,1.0,0.0,2.0,4,subject_23
-0.937410017830106,-1.0,1.0,1.0,0.0,1.0,1,subject_23
-0.937410017830106,-1.0,1.0,1.0,0.0,0.0,1,subject_23
-0.937410017830106,-1.0,1.0,1.0,1.0,2.0,6,subject_23
-0.937410017830106,-1.0,1.0,1.0,1.0,1.0,4,subject_23
-0.937410017830106,-1.0,1.0,1.0,1.0,0.0,1,subject_23
-0.937410017830106,-1.0,1.0,2.0,0.0,2.0,1,subject_23
-0.937410017830106,-1.0,1.0,2.0,0.0,1.0,1,subject_23
-0.937410017830106,-1.0,1.0,2.0,0.0,0.0,1,subject_23
-0.937410017830106,-1.0,1.0,2.0,1.0,2.0,3,subject_23
-0.937410017830106,-1.0,1.0,2.0,1.0,1.0,1,subject_23
-0.937410017830106,-1.0,1.0,2.0,1.0,0.0,1,subject_23
-0.937410017830106,-1.0,1.0,0.0,0.0,2.0,6,subject_23
-0.937410017830106,-1.0,1.0,0.0,0.0,1.0,4,subject_23
-0.937410017830106,-1.0,1.0,0.0,0.0,0.0,2,subject_23
-0.937410017830106,-1.0,1.0,0.0,1.0,2.0,6,subject_23
-0.937410017830106,-1.0,1.0,0.0,1.0,1.0,6,subject_23
-0.937410017830106,-1.0,1.0,0.0,1.0,0.0,4,subject_23
-0.937410017830106,-1.0,0.0,1.0,0.0,2.0,6,subject_23
-0.937410017830106,-1.0,0.0,1.0,0.0,1.0,4,subject_23
-0.937410017830106,-1.0,0.0,1.0,0.0,0.0,2,subject_23
-0.937410017830106,-1.0,0.0,1.0,1.0,2.0,6,subject_23
-0.937410017830106,-1.0,0.0,1.0,1.0,1.0,6,subject_23
-0.937410017830106,-1.0,0.0,1.0,1.0,0.0,4,subject_23
-0.937410017830106,-1.0,0.0,2.0,0.0,2.0,4,subject_23
-0.937410017830106,-1.0,0.0,2.0,0.0,1.0,1,subject_23
-0.937410017830106,-1.0,0.0,2.0,0.0,0.0,1,subject_23
-0.937410017830106,-1.0,0.0,2.0,1.0,2.0,6,subject_23
-0.937410017830106,-1.0,0.0,2.0,1.0,1.0,4,subject_23
-0.937410017830106,-1.0,0.0,2.0,1.0,0.0,1,subject_23
-0.937410017830106,-1.0,0.0,0.0,0.0,2.0,6,subject_23
-0.937410017830106,-1.0,0.0,0.0,0.0,1.0,6,subject_23
-0.937410017830106,-1.0,0.0,0.0,0.0,0.0,5,subject_23
-0.937410017830106,-1.0,0.0,0.0,1.0,2.0,6,subject_23
-0.937410017830106,-1.0,0.0,0.0,1.0,1.0,6,subject_23
-0.937410017830106,-1.0,0.0,0.0,1.0,0.0,6,subject_23
-0.937410017830106,1.0,2.0,1.0,0.0,2.0,1,subject_23
-0.937410017830106,1.0,2.0,1.0,0.0,1.0,1,subject_23
-0.937410017830106,1.0,2.0,1.0,0.0,0.0,1,subject_23
-0.937410017830106,1.0,2.0,1.0,1.0,2.0,1,subject_23
-0.937410017830106,1.0,2.0,1.0,1.0,1.0,1,subject_23
-0.937410017830106,1.0,2.0,1.0,1.0,0.0,1,subject_23
-0.937410017830106,1.0,2.0,2.0,0.0,2.0,1,subject_23
-0.937410017830106,1.0,2.0,2.0,0.0,1.0,1,subject_23
-0.937410017830106,1.0,2.0,2.0,0.0,0.0,1,subject_23
-0.937410017830106,1.0,2.0,2.0,1.0,2.0,1,subject_23
-0.937410017830106,1.0,2.0,2.0,1.0,1.0,1,subject_23
-0.937410017830106,1.0,2.0,2.0,1.0,0.0,1,subject_23
-0.937410017830106,1.0,2.0,0.0,0.0,2.0,2,subject_23
-0.937410017830106,1.0,2.0,0.0,0.0,1.0,1,subject_23
-0.937410017830106,1.0,2.0,0.0,0.0,0.0,1,subject_23
-0.937410017830106,1.0,2.0,0.0,1.0,2.0,4,subject_23
-0.937410017830106,1.0,2.0,0.0,1.0,1.0,2,subject_23
-0.937410017830106,1.0,2.0,0.0,1.0,0.0,1,subject_23
-0.937410017830106,1.0,1.0,1.0,0.0,2.0,2,subject_23
-0.937410017830106,1.0,1.0,1.0,0.0,1.0,1,subject_23
-0.937410017830106,1.0,1.0,1.0,0.0,0.0,1,subject_23
-0.937410017830106,1.0,1.0,1.0,1.0,2.0,4,subject_23
-0.937410017830106,1.0,1.0,1.0,1.0,1.0,2,subject_23
-0.937410017830106,1.0,1.0,1.0,1.0,0.0,1,subject_23
-0.937410017830106,1.0,1.0,2.0,0.0,2.0,1,subject_23
-0.937410017830106,1.0,1.0,2.0,0.0,1.0,1,subject_23
-0.937410017830106,1.0,1.0,2.0,0.0,0.0,1,subject_23
-0.937410017830106,1.0,1.0,2.0,1.0,2.0,1,subject_23
-0.937410017830106,1.0,1.0,2.0,1.0,1.0,1,subject_23
-0.937410017830106,1.0,1.0,2.0,1.0,0.0,1,subject_23
-0.937410017830106,1.0,1.0,0.0,0.0,2.0,5,subject_23
-0.937410017830106,1.0,1.0,0.0,0.0,1.0,2,subject_23
-0.937410017830106,1.0,1.0,0.0,0.0,0.0,1,subject_23
-0.937410017830106,1.0,1.0,0.0,1.0,2.0,6,subject_23
-0.937410017830106,1.0,1.0,0.0,1.0,1.0,5,subject_23
-0.937410017830106,1.0,1.0,0.0,1.0,0.0,2,subject_23
-0.937410017830106,1.0,0.0,1.0,0.0,2.0,5,subject_23
-0.937410017830106,1.0,0.0,1.0,0.0,1.0,2,subject_23
-0.937410017830106,1.0,0.0,1.0,0.0,0.0,1,subject_23
-0.937410017830106,1.0,0.0,1.0,1.0,2.0,6,subject_23
-0.937410017830106,1.0,0.0,1.0,1.0,1.0,5,subject_23
-0.937410017830106,1.0,0.0,1.0,1.0,0.0,2,subject_23
-0.937410017830106,1.0,0.0,2.0,0.0,2.0,2,subject_23
-0.937410017830106,1.0,0.0,2.0,0.0,1.0,1,subject_23
-0.937410017830106,1.0,0.0,2.0,0.0,0.0,1,subject_23
-0.937410017830106,1.0,0.0,2.0,1.0,2.0,4,subject_23
-0.937410017830106,1.0,0.0,2.0,1.0,1.0,2,subject_23
-0.937410017830106,1.0,0.0,2.0,1.0,0.0,1,subject_23
-0.937410017830106,1.0,0.0,0.0,0.0,2.0,6,subject_23
-0.937410017830106,1.0,0.0,0.0,0.0,1.0,5,subject_23
-0.937410017830106,1.0,0.0,0.0,0.0,0.0,3,subject_23
-0.937410017830106,1.0,0.0,0.0,1.0,2.0,6,subject_23
-0.937410017830106,1.0,0.0,0.0,1.0,1.0,6,subject_23
-0.937410017830106,1.0,0.0,0.0,1.0,0.0,5,subject_23
-0.4483265302665725,-1.0,2.0,1.0,0.0,2.0,1,subject_23
-0.4483265302665725,-1.0,2.0,1.0,0.0,1.0,1,subject_23
-0.4483265302665725,-1.0,2.0,1.0,0.0,0.0,1,subject_23
-0.4483265302665725,-1.0,2.0,1.0,1.0,2.0,2,subject_23
-0.4483265302665725,-1.0,2.0,1.0,1.0,1.0,1,subject_23
-0.4483265302665725,-1.0,2.0,1.0,1.0,0.0,1,subject_23
-0.4483265302665725,-1.0,2.0,2.0,0.0,2.0,1,subject_23
-0.4483265302665725,-1.0,2.0,2.0,0.0,1.0,1,subject_23
-0.4483265302665725,-1.0,2.0,2.0,0.0,0.0,1,subject_23
-0.4483265302665725,-1.0,2.0,2.0,1.0,2.0,1,subject_23
-0.4483265302665725,-1.0,2.0,2.0,1.0,1.0,1,subject_23
-0.4483265302665725,-1.0,2.0,2.0,1.0,0.0,1,subject_23
-0.4483265302665725,-1.0,2.0,0.0,0.0,2.0,3,subject_23
-0.4483265302665725,-1.0,2.0,0.0,0.0,1.0,1,subject_23
-0.4483265302665725,-1.0,2.0,0.0,0.0,0.0,1,subject_23
-0.4483265302665725,-1.0,2.0,0.0,1.0,2.0,5,subject_23
-0.4483265302665725,-1.0,2.0,0.0,1.0,1.0,3,subject_23
-0.4483265302665725,-1.0,2.0,0.0,1.0,0.0,1,subject_23
-0.4483265302665725,-1.0,1.0,1.0,0.0,2.0,3,subject_23
-0.4483265302665725,-1.0,1.0,1.0,0.0,1.0,1,subject_23
-0.4483265302665725,-1.0,1.0,1.0,0.0,0.0,1,subject_23
-0.4483265302665725,-1.0,1.0,1.0,1.0,2.0,5,subject_23
-0.4483265302665725,-1.0,1.0,1.0,1.0,1.0,3,subject_23
-0.4483265302665725,-1.0,1.0,1.0,1.0,0.0,1,subject_23
-0.4483265302665725,-1.0,1.0,2.0,0.0,2.0,1,subject_23
-0.4483265302665725,-1.0,1.0,2.0,0.0,1.0,1,subject_23
-0.4483265302665725,-1.0,1.0,2.0,0.0,0.0,1,subject_23
-0.4483265302665725,-1.0,1.0,2.0,1.0,2.0,2,subject_23
-0.4483265302665725,-1.0,1.0,2.0,1.0,1.0,1,subject_23
-0.4483265302665725,-1.0,1.0,2.0,1.0,0.0,1,subject_23
-0.4483265302665725,-1.0,1.0,0.0,0.0,2.0,6,subject_23
-0.4483265302665725,-1.0,1.0,0.0,0.0,1.0,4,subject_23
-0.4483265302665725,-1.0,1.0,0.0,0.0,0.0,1,subject_23
-0.4483265302665725,-1.0,1.0,0.0,1.0,2.0,6,subject_23
-0.4483265302665725,-1.0,1.0,0.0,1.0,1.0,6,subject_23
-0.4483265302665725,-1.0,1.0,0.0,1.0,0.0,4,subject_23
-0.4483265302665725,-1.0,0.0,1.0,0.0,2.0,6,subject_23
-0.4483265302665725,-1.0,0.0,1.0,0.0,1.0,4,subject_23
-0.4483265302665725,-1.0,0.0,1.0,0.0,0.0,1,subject_23
-0.4483265302665725,-1.0,0.0,1.0,1.0,2.0,6,subject_23
-0.4483265302665725,-1.0,0.0,1.0,1.0,1.0,6,subject_23
-0.4483265302665725,-1.0,0.0,1.0,1.0,0.0,4,subject_23
-0.4483265302665725,-1.0,0.0,2.0,0.0,2.0,3,subject_23
-0.4483265302665725,-1.0,0.0,2.0,0.0,1.0,1,subject_23
-0.4483265302665725,-1.0,0.0,2.0,0.0,0.0,1,subject_23
-0.4483265302665725,-1.0,0.0,2.0,1.0,2.0,5,subject_23
-0.4483265302665725,-1.0,0.0,2.0,1.0,1.0,3,subject_23
-0.4483265302665725,-1.0,0.0,2.0,1.0,0.0,1,subject_23
-0.4483265302665725,-1.0,0.0,0.0,0.0,2.0,6,subject_23
-0.4483265302665725,-1.0,0.0,0.0,0.0,1.0,6,subject_23
-0.4483265302665725,-1.0,0.0,0.0,0.0,0.0,4,subject_23
-0.4483265302665725,-1.0,0.0,0.0,1.0,2.0,6,subject_23
-0.4483265302665725,-1.0,0.0,0.0,1.0,1.0,6,subject_23
-0.4483265302665725,-1.0,0.0,0.0,1.0,0.0,6,subject_23
-0.4483265302665725,1.0,2.0,1.0,0.0,2.0,1,subject_23
-0.4483265302665725,1.0,2.0,1.0,0.0,1.0,1,subject_23
-0.4483265302665725,1.0,2.0,1.0,0.0,0.0,1,subject_23
-0.4483265302665725,1.0,2.0,1.0,1.0,2.0,1,subject_23
-0.4483265302665725,1.0,2.0,1.0,1.0,1.0,1,subject_23
-0.4483265302665725,1.0,2.0,1.0,1.0,0.0,1,subject_23
-0.4483265302665725,1.0,2.0,2.0,0.0,2.0,1,subject_23
-0.4483265302665725,1.0,2.0,2.0,0.0,1.0,1,subject_23
-0.4483265302665725,1.0,2.0,2.0,0.0,0.0,1,subject_23
-0.4483265302665725,1.0,2.0,2.0,1.0,2.0,1,subject_23
-0.4483265302665725,1.0,2.0,2.0,1.0,1.0,1,subject_23
-0.4483265302665725,1.0,2.0,2.0,1.0,0.0,1,subject_23
-0.4483265302665725,1.0,2.0,0.0,0.0,2.0,2,subject_23
-0.4483265302665725,1.0,2.0,0.0,0.0,1.0,1,subject_23
-0.4483265302665725,1.0,2.0,0.0,0.0,0.0,1,subject_23
-0.4483265302665725,1.0,2.0,0.0,1.0,2.0,4,subject_23
-0.4483265302665725,1.0,2.0,0.0,1.0,1.0,2,subject_23
-0.4483265302665725,1.0,2.0,0.0,1.0,0.0,1,subject_23
-0.4483265302665725,1.0,1.0,1.0,0.0,2.0,2,subject_23
-0.4483265302665725,1.0,1.0,1.0,0.0,1.0,1,subject_23
-0.4483265302665725,1.0,1.0,1.0,0.0,0.0,1,subject_23
-0.4483265302665725,1.0,1.0,1.0,1.0,2.0,4,subject_23
-0.4483265302665725,1.0,1.0,1.0,1.0,1.0,2,subject_23
-0.4483265302665725,1.0,1.0,1.0,1.0,0.0,1,subject_23
-0.4483265302665725,1.0,1.0,2.0,0.0,2.0,1,subject_23
-0.4483265302665725,1.0,1.0,2.0,0.0,1.0,1,subject_23
-0.4483265302665725,1.0,1.0,2.0,0.0,0.0,1,subject_23
-0.4483265302665725,1.0,1.0,2.0,1.0,2.0,1,subject_23
-0.4483265302665725,1.0,1.0,2.0,1.0,1.0,1,subject_23
-0.4483265302665725,1.0,1.0,2.0,1.0,0.0,1,subject_23
-0.4483265302665725,1.0,1.0,0.0,0.0,2.0,5,subject_23
-0.4483265302665725,1.0,1.0,0.0,0.0,1.0,2,subject_23
-0.4483265302665725,1.0,1.0,0.0,0.0,0.0,1,subject_23
-0.4483265302665725,1.0,1.0,0.0,1.0,2.0,6,subject_23
-0.4483265302665725,1.0,1.0,0.0,1.0,1.0,5,subject_23
-0.4483265302665725,1.0,1.0,0.0,1.0,0.0,2,subject_23
-0.4483265302665725,1.0,0.0,1.0,0.0,2.0,5,subject_23
-0.4483265302665725,1.0,0.0,1.0,0.0,1.0,2,subject_23
-0.4483265302665725,1.0,0.0,1.0,0.0,0.0,1,subject_23
-0.4483265302665725,1.0,0.0,1.0,1.0,2.0,6,subject_23
-0.4483265302665725,1.0,0.0,1.0,1.0,1.0,5,subject_23
-0.4483265302665725,1.0,0.0,1.0,1.0,0.0,2,subject_23
-0.4483265302665725,1.0,0.0,2.0,0.0,2.0,2,subject_23
-0.4483265302665725,1.0,0.0,2.0,0.0,1.0,1,subject_23
-0.4483265302665725,1.0,0.0,2.0,0.0,0.0,1,subject_23
-0.4483265302665725,1.0,0.0,2.0,1.0,2.0,4,subject_23
-0.4483265302665725,1.0,0.0,2.0,1.0,1.0,2,subject_23
-0.4483265302665725,1.0,0.0,2.0,1.0,0.0,1,subject_23
-0.4483265302665725,1.0,0.0,0.0,0.0,2.0,6,subject_23
-0.4483265302665725,1.0,0.0,0.0,0.0,1.0,5,subject_23
-0.4483265302665725,1.0,0.0,0.0,0.0,0.0,3,subject_23
-0.4483265302665725,1.0,0.0,0.0,1.0,2.0,6,subject_23
-0.4483265302665725,1.0,0.0,0.0,1.0,1.0,6,subject_23
-0.4483265302665725,1.0,0.0,0.0,1.0,0.0,5,subject_23
1.3857365480966777,-1.0,2.0,1.0,0.0,2.0,1,subject_23
1.3857365480966777,-1.0,2.0,1.0,0.0,1.0,1,subject_23
1.3857365480966777,-1.0,2.0,1.0,0.0,0.0,1,subject_23
1.3857365480966777,-1.0,2.0,1.0,1.0,2.0,1,subject_23
1.3857365480966777,-1.0,2.0,1.0,1.0,1.0,1,subject_23
1.3857365480966777,-1.0,2.0,1.0,1.0,0.0,1,subject_23
1.3857365480966777,-1.0,2.0,2.0,0.0,2.0,1,subject_23
1.3857365480966777,-1.0,2.0,2.0,0.0,1.0,1,subject_23
1.3857365480966777,-1.0,2.0,2.0,0.0,0.0,1,subject_23
1.3857365480966777,-1.0,2.0,2.0,1.0,2.0,1,subject_23
1.3857365480966777,-1.0,2.0,2.0,1.0,1.0,1,subject_23
1.3857365480966777,-1.0,2.0,2.0,1.0,0.0,1,subject_23
1.3857365480966777,-1.0,2.0,0.0,0.0,2.0,1,subject_23
1.3857365480966777,-1.0,2.0,0.0,0.0,1.0,1,subject_23
1.3857365480966777,-1.0,2.0,0.0,0.0,0.0,1,subject_23
1.3857365480966777,-1.0,2.0,0.0,1.0,2.0,3,subject_23
1.3857365480966777,-1.0,2.0,0.0,1.0,1.0,1,subject_23
1.3857365480966777,-1.0,2.0,0.0,1.0,0.0,1,subject_23
1.3857365480966777,-1.0,1.0,1.0,0.0,2.0,1,subject_23
1.3857365480966777,-1.0,1.0,1.0,0.0,1.0,1,subject_23
1.3857365480966777,-1.0,1.0,1.0,0.0,0.0,1,subject_23
1.3857365480966777,-1.0,1.0,1.0,1.0,2.0,3,subject_23
1.3857365480966777,-1.0,1.0,1.0,1.0,1.0,1,subject_23
1.3857365480966777,-1.0,1.0,1.0,1.0,0.0,1,subject_23
1.3857365480966777,-1.0,1.0,2.0,0.0,2.0,1,subject_23
1.3857365480966777,-1.0,1.0,2.0,0.0,1.0,1,subject_23
1.3857365480966777,-1.0,1.0,2.0,0.0,0.0,1,subject_23
1.3857365480966777,-1.0,1.0,2.0,1.0,2.0,1,subject_23
1.3857365480966777,-1.0,1.0,2.0,1.0,1.0,1,subject_23
1.3857365480966777,-1.0,1.0,2.0,1.0,0.0,1,subject_23
1.3857365480966777,-1.0,1.0,0.0,0.0,2.0,4,subject_23
1.3857365480966777,-1.0,1.0,0.0,0.0,1.0,1,subject_23
1.3857365480966777,-1.0,1.0,0.0,0.0,0.0,1,subject_23
1.3857365480966777,-1.0,1.0,0.0,1.0,2.0,6,subject_23
1.3857365480966777,-1.0,1.0,0.0,1.0,1.0,4,subject_23
1.3857365480966777,-1.0,1.0,0.0,1.0,0.0,1,subject_23
1.3857365480966777,-1.0,0.0,1.0,0.0,2.0,4,subject_23
1.3857365480966777,-1.0,0.0,1.0,0.0,1.0,1,subject_23
1.3857365480966777,-1.0,0.0,1.0,0.0,0.0,1,subject_23
1.3857365480966777,-1.0,0.0,1.0,1.0,2.0,6,subject_23
1.3857365480966777,-1.0,0.0,1.0,1.0,1.0,4,subject_23
1.3857365480966777,-1.0,0.0,1.0,1.0,0.0,1,subject_23
1.3857365480966777,-1.0,0.0,2.0,0.0,2.0,1,subject_23
1.3857365480966777,-1.0,0.0,2.0,0.0,1.0,1,subject_23
1.3857365480966777,-1.0,0.0,2.0,0.0,0.0,1,subject_23
1.3857365480966777,-1.0,0.0,2.0,1.0,2.0,3,subject_23
1.3857365480966777,-1.0,0.0,2.0,1.0,1.0,1,subject_23
1.3857365480966777,-1.0,0.0,2.0,1.0,0.0,1,subject_23
1.3857365480966777,-1.0,0.0,0.0,0.0,2.0,6,subject_23
1.3857365480966777,-1.0,0.0,0.0,0.0,1.0,5,subject_23
1.3857365480966777,-1.0,0.0,0.0,0.0,0.0,2,subject_23
1.3857365480966777,-1.0,0.0,0.0,1.0,2.0,6,subject_23
1.3857365480966777,-1.0,0.0,0.0,1.0,1.0,6,subject_23
1.3857365480966777,-1.0,0.0,0.0,1.0,0.0,4,subject_23
1.3857365480966777,1.0,2.0,1.0,0.0,2.0,1,subject_23
1.3857365480966777,1.0,2.0,1.0,0.0,1.0,1,subject_23
1.3857365480966777,1.0,2.0,1.0,0.0,0.0,1,subject_23
1.3857365480966777,1.0,2.0,1.0,1.0,2.0,2,subject_23
1.3857365480966777,1.0,2.0,1.0,1.0,1.0,1,subject_23
1.3857365480966777,1.0,2.0,1.0,1.0,0.0,1,subject_23
1.3857365480966777,1.0,2.0,2.0,0.0,2.0,1,subject_23
1.3857365480966777,1.0,2.0,2.0,0.0,1.0,1,subject_23
1.3857365480966777,1.0,2.0,2.0,0.0,0.0,1,subject_23
1.3857365480966777,1.0,2.0,2.0,1.0,2.0,1,subject_23
1.3857365480966777,1.0,2.0,2.0,1.0,1.0,1,subject_23
1.3857365480966777,1.0,2.0,2.0,1.0,0.0,1,subject_23
1.3857365480966777,1.0,2.0,0.0,0.0,2.0,2,subject_23
1.3857365480966777,1.0,2.0,0.0,0.0,1.0,1,subject_23
1.3857365480966777,1.0,2.0,0.0,0.0,0.0,1,subject_23
1.3857365480966777,1.0,2.0,0.0,1.0,2.0,5,subject_23
1.3857365480966777,1.0,2.0,0.0,1.0,1.0,2,subject_23
1.3857365480966777,1.0,2.0,0.0,1.0,0.0,1,subject_23
1.3857365480966777,1.0,1.0,1.0,0.0,2.0,2,subject_23
1.3857365480966777,1.0,1.0,1.0,0.0,1.0,1,subject_23
1.3857365480966777,1.0,1.0,1.0,0.0,0.0,1,subject_23
1.3857365480966777,1.0,1.0,1.0,1.0,2.0,5,subject_23
1.3857365480966777,1.0,1.0,1.0,1.0,1.0,2,subject_23
1.3857365480966777,1.0,1.0,1.0,1.0,0.0,1,subject_23
1.3857365480966777,1.0,1.0,2.0,0.0,2.0,1,subject_23
1.3857365480966777,1.0,1.0,2.0,0.0,1.0,1,subject_23
1.3857365480966777,1.0,1.0,2.0,0.0,0.0,1,subject_23
1.3857365480966777,1.0,1.0,2.0,1.0,2.0,2,subject_23
1.3857365480966777,1.0,1.0,2.0,1.0,1.0,1,subject_23
1.3857365480966777,1.0,1.0,2.0,1.0,0.0,1,subject_23
1.3857365480966777,1.0,1.0,0.0,0.0,2.0,6,subject_23
1.3857365480966777,1.0,1.0,0.0,0.0,1.0,3,subject_23
1.3857365480966777,1.0,1.0,0.0,0.0,0.0,1,subject_23
1.3857365480966777,1.0,1.0,0.0,1.0,2.0,6,subject_23
1.3857365480966777,1.0,1.0,0.0,1.0,1.0,5,subject_23
1.3857365480966777,1.0,1.0,0.0,1.0,0.0,3,subject_23
1.3857365480966777,1.0,0.0,1.0,0.0,2.0,5,subject_23
1.3857365480966777,1.0,0.0,1.0,0.0,1.0,3,subject_23
1.3857365480966777,1.0,0.0,1.0,0.0,0.0,1,subject_23
1.3857365480966777,1.0,0.0,1.0,1.0,2.0,6,subject_23
1.3857365480966777,1.0,0.0,1.0,1.0,1.0,6,subject_23
1.3857365480966777,1.0,0.0,1.0,1.0,0.0,3,subject_23
1.3857365480966777,1.0,0.0,2.0,0.0,2.0,2,subject_23
1.3857365480966777,1.0,0.0,2.0,0.0,1.0,1,subject_23
1.3857365480966777,1.0,0.0,2.0,0.0,0.0,1,subject_23
1.3857365480966777,1.0,0.0,2.0,1.0,2.0,5,subject_23
1.3857365480966777,1.0,0.0,2.0,1.0,1.0,3,subject_23
1.3857365480966777,1.0,0.0,2.0,1.0,0.0,1,subject_23
1.3857365480966777,1.0,0.0,0.0,0.0,2.0,6,subject_23
1.3857365480966777,1.0,0.0,0.0,0.0,1.0,6,subject_23
1.3857365480966777,1.0,0.0,0.0,0.0,0.0,4,subject_23
1.3857365480966777,1.0,0.0,0.0,1.0,2.0,6,subject_23
1.3857365480966777,1.0,0.0,0.0,1.0,1.0,6,subject_23
1.3857365480966777,1.0,0.0,0.0,1.0,0.0,6,subject_23
-0.937410017830106,-1.0,2.0,1.0,0.0,2.0,1,subject_24
-0.937410017830106,-1.0,2.0,1.0,0.0,1.0,1,subject_24
-0.937410017830106,-1.0,2.0,1.0,0.0,0.0,1,subject_24
-0.937410017830106,-1.0,2.0,1.0,1.0,2.0,2,subject_24
-0.937410017830106,-1.0,2.0,1.0,1.0,1.0,1,subject_24
-0.937410017830106,-1.0,2.0,1.0,1.0,0.0,1,subject_24
-0.937410017830106,-1.0,2.0,2.0,0.0,2.0,1,subject_24
-0.937410017830106,-1.0,2.0,2.0,0.0,1.0,1,subject_24
-0.937410017830106,-1.0,2.0,2.0,0.0,0.0,1,subject_24
-0.937410017830106,-1.0,2.0,2.0,1.0,2.0,1,subject_24
-0.937410017830106,-1.0,2.0,2.0,1.0,1.0,1,subject_24
-0.937410017830106,-1.0,2.0,2.0,1.0,0.0,1,subject_24
-0.937410017830106,-1.0,2.0,0.0,0.0,2.0,3,subject_24
-0.937410017830106,-1.0,2.0,0.0,0.0,1.0,1,subject_24
-0.937410017830106,-1.0,2.0,0.0,0.0,0.0,1,subject_24
-0.937410017830106,-1.0,2.0,0.0,1.0,2.0,5,subject_24
-0.937410017830106,-1.0,2.0,0.0,1.0,1.0,2,subject_24
-0.937410017830106,-1.0,2.0,0.0,1.0,0.0,1,subject_24
-0.937410017830106,-1.0,1.0,1.0,0.0,2.0,3,subject_24
-0.937410017830106,-1.0,1.0,1.0,0.0,1.0,1,subject_24
-0.937410017830106,-1.0,1.0,1.0,0.0,0.0,1,subject_24
-0.937410017830106,-1.0,1.0,1.0,1.0,2.0,5,subject_24
-0.937410017830106,-1.0,1.0,1.0,1.0,1.0,3,subject_24
-0.937410017830106,-1.0,1.0,1.0,1.0,0.0,1,subject_24
-0.937410017830106,-1.0,1.0,2.0,0.0,2.0,1,subject_24
-0.937410017830106,-1.0,1.0,2.0,0.0,1.0,1,subject_24
-0.937410017830106,-1.0,1.0,2.0,0.0,0.0,1,subject_24
-0.937410017830106,-1.0,1.0,2.0,1.0,2.0,2,subject_24
-0.937410017830106,-1.0,1.0,2.0,1.0,1.0,1,subject_24
-0.937410017830106,-1.0,1.0,2.0,1.0,0.0,1,subject_24
-0.937410017830106,-1.0,1.0,0.0,0.0,2.0,5,subject_24
-0.937410017830106,-1.0,1.0,0.0,0.0,1.0,4,subject_24
-0.937410017830106,-1.0,1.0,0.0,0.0,0.0,2,subject_24
-0.937410017830106,-1.0,1.0,0.0,1.0,2.0,6,subject_24
-0.937410017830106,-1.0,1.0,0.0,1.0,1.0,5,subject_24
-0.937410017830106,-1.0,1.0,0.0,1.0,0.0,3,subject_24
-0.937410017830106,-1.0,0.0,1.0,0.0,2.0,6,subject_24
-0.937410017830106,-1.0,0.0,1.0,0.0,1.0,4,subject_24
-0.937410017830106,-1.0,0.0,1.0,0.0,0.0,2,subject_24
-0.937410017830106,-1.0,0.0,1.0,1.0,2.0,6,subject_24
-0.937410017830106,-1.0,0.0,1.0,1.0,1.0,6,subject_24
-0.937410017830106,-1.0,0.0,1.0,1.0,0.0,4,subject_24
-0.937410017830106,-1.0,0.0,2.0,0.0,2.0,3,subject_24
-0.937410017830106,-1.0,0.0,2.0,0.0,1.0,2,subject_24
-0.937410017830106,-1.0,0.0,2.0,0.0,0.0,1,subject_24
-0.937410017830106,-1.0,0.0,2.0,1.0,2.0,5,subject_24
-0.937410017830106,-1.0,0.0,2.0,1.0,1.0,3,subject_24
-0.937410017830106,-1.0,0.0,2.0,1.0,0.0,2,subject_24
-0.937410017830106,-1.0,0.0,0.0,0.0,2.0,6,subject_24
-0.937410017830106,-1.0,0.0,0.0,0.0,1.0,6,subject_24
-0.937410017830106,-1.0,0.0,0.0,0.0,0.0,5,subject_24
-0.937410017830106,-1.0,0.0,0.0,1.0,2.0,6,subject_24
-0.937410017830106,-1.0,0.0,0.0,1.0,1.0,6,subject_24
-0.937410017830106,-1.0,0.0,0.0,1.0,0.0,6,subject_24
-0.937410017830106,1.0,2.0,1.0,0.0,2.0,1,subject_24
-0.937410017830106,1.0,2.0,1.0,0.0,1.0,1,subject_24
-0.937410017830106,1.0,2.0,1.0,0.0,0.0,1,subject_24
-0.937410017830106,1.0,2.0,1.0,1.0,2.0,1,subject_24
-0.937410017830106,1.0,2.0,1.0,1.0,1.0,1,subject_24
-0.937410017830106,1.0,2.0,1.0,1.0,0.0,1,subject_24
-0.937410017830106,1.0,2.0,2.0,0.0,2.0,1,subject_24
-0.937410017830106,1.0,2.0,2.0,0.0,1.0,1,subject_24
-0.937410017830106,1.0,2.0,2.0,0.0,0.0,1,subject_24
-0.937410017830106,1.0,2.0,2.0,1.0,2.0,1,subject_24
-0.937410017830106,1.0,2.0,2.0,1.0,1.0,1,subject_24
-0.937410017830106,1.0,2.0,2.0,1.0,0.0,1,subject_24
-0.937410017830106,1.0,2.0,0.0,0.0,2.0,2,subject_24
-0.937410017830106,1.0,2.0,0.0,0.0,1.0,1,subject_24
-0.937410017830106,1.0,2.0,0.0,0.0,0.0,1,subject_24
-0.937410017830106,1.0,2.0,0.0,1.0,2.0,3,subject_24
-0.937410017830106,1.0,2.0,0.0,1.0,1.0,1,subject_24
-0.937410017830106,1.0,2.0,0.0,1.0,0.0,1,subject_24
-0.937410017830106,1.0,1.0,1.0,0.0,2.0,2,subject_24
-0.937410017830106,1.0,1.0,1.0,0.0,1.0,1,subject_24
-0.937410017830106,1.0,1.0,1.0,0.0,0.0,1,subject_24
-0.937410017830106,1.0,1.0,1.0,1.0,2.0,4,subject_24
-0.937410017830106,1.0,1.0,1.0,1.0,1.0,2,subject_24
-0.937410017830106,1.0,1.0,1.0,1.0,0.0,1,subject_24
-0.937410017830106,1.0,1.0,2.0,0.0,2.0,1,subject_24
-0.937410017830106,1.0,1.0,2.0,0.0,1.0,1,subject_24
-0.937410017830106,1.0,1.0,2.0,0.0,0.0,1,subject_24
-0.937410017830106,1.0,1.0,2.0,1.0,2.0,2,subject_24
-0.937410017830106,1.0,1.0,2.0,1.0,1.0,1,subject_24
-0.937410017830106,1.0,1.0,2.0,1.0,0.0,1,subject_24
-0.937410017830106,1.0,1.0,0.0,0.0,2.0,4,subject_24
-0.937410017830106,1.0,1.0,0.0,0.0,1.0,2,subject_24
-0.937410017830106,1.0,1.0,0.0,0.0,0.0,1,subject_24
-0.937410017830106,1.0,1.0,0.0,1.0,2.0,6,subject_24
-0.937410017830106,1.0,1.0,0.0,1.0,1.0,4,subject_24
-0.937410017830106,1.0,1.0,0.0,1.0,0.0,2,subject_24
-0.937410017830106,1.0,0.0,1.0,0.0,2.0,5,subject_24
-0.937410017830106,1.0,0.0,1.0,0.0,1.0,3,subject_24
-0.937410017830106,1.0,0.0,1.0,0.0,0.0,1,subject_24
-0.937410017830106,1.0,0.0,1.0,1.0,2.0,6,subject_24
-0.937410017830106,1.0,0.0,1.0,1.0,1.0,5,subject_24
-0.937410017830106,1.0,0.0,1.0,1.0,0.0,2,subject_24
-0.937410017830106,1.0,0.0,2.0,0.0,2.0,2,subject_24
-0.937410017830106,1.0,0.0,2.0,0.0,1.0,1,subject_24
-0.937410017830106,1.0,0.0,2.0,0.0,0.0,1,subject_24
-0.937410017830106,1.0,0.0,2.0,1.0,2.0,4,subject_24
-0.937410017830106,1.0,0.0,2.0,1.0,1.0,2,subject_24
-0.937410017830106,1.0,0.0,2.0,1.0,0.0,1,subject_24
-0.937410017830106,1.0,0.0,0.0,0.0,2.0,6,subject_24
-0.937410017830106,1.0,0.0,0.0,0.0,1.0,5,subject_24
-0.937410017830106,1.0,0.0,0.0,0.0,0.0,3,subject_24
-0.937410017830106,1.0,0.0,0.0,1.0,2.0,6,subject_24
-0.937410017830106,1.0,0.0,0.0,1.0,1.0,6,subject_24
-0.937410017830106,1.0,0.0,0.0,1.0,0.0,5,subject_24
-0.4483265302665725,-1.0,2.0,1.0,0.0,2.0,1,subject_24
-0.4483265302665725,-1.0,2.0,1.0,0.0,1.0,1,subject_24
-0.4483265302665725,-1.0,2.0,1.0,0.0,0.0,1,subject_24
-0.4483265302665725,-1.0,2.0,1.0,1.0,2.0,2,subject_24
-0.4483265302665725,-1.0,2.0,1.0,1.0,1.0,1,subject_24
-0.4483265302665725,-1.0,2.0,1.0,1.0,0.0,1,subject_24
-0.4483265302665725,-1.0,2.0,2.0,0.0,2.0,1,subject_24
-0.4483265302665725,-1.0,2.0,2.0,0.0,1.0,1,subject_24
-0.4483265302665725,-1.0,2.0,2.0,0.0,0.0,1,subject_24
-0.4483265302665725,-1.0,2.0,2.0,1.0,2.0,1,subject_24
-0.4483265302665725,-1.0,2.0,2.0,1.0,1.0,1,subject_24
-0.4483265302665725,-1.0,2.0,2.0,1.0,0.0,1,subject_24
-0.4483265302665725,-1.0,2.0,0.0,0.0,2.0,2,subject_24
-0.4483265302665725,-1.0,2.0,0.0,0.0,1.0,1,subject_24
-0.4483265302665725,-1.0,2.0,0.0,0.0,0.0,1,subject_24
-0.4483265302665725,-1.0,2.0,0.0,1.0,2.0,4,subject_24
-0.4483265302665725,-1.0,2.0,0.0,1.0,1.0,2,subject_24
-0.4483265302665725,-1.0,2.0,0.0,1.0,0.0,1,subject_24
-0.4483265302665725,-1.0,1.0,1.0,0.0,2.0,2,subject_24
-0.4483265302665725,-1.0,1.0,1.0,0.0,1.0,1,subject_24
-0.4483265302665725,-1.0,1.0,1.0,0.0,0.0,1,subject_24
-0.4483265302665725,-1.0,1.0,1.0,1.0,2.0,4,subject_24
-0.4483265302665725,-1.0,1.0,1.0,1.0,1.0,2,subject_24
-0.4483265302665725,-1.0,1.0,1.0,1.0,0.0,1,subject_24
-0.4483265302665725,-1.0,1.0,2.0,0.0,2.0,1,subject_24
-0.4483265302665725,-1.0,1.0,2.0,0.0,1.0,1,subject_24
-0.4483265302665725,-1.0,1.0,2.0,0.0,0.0,1,subject_24
-0.4483265302665725,-1.0,1.0,2.0,1.0,2.0,2,subject_24
-0.4483265302665725,-1.0,1.0,2.0,1.0,1.0,1,subject_24
-0.4483265302665725,-1.0,1.0,2.0,1.0,0.0,1,subject_24
-0.4483265302665725,-1.0,1.0,0.0,0.0,2.0,5,subject_24
-0.4483265302665725,-1.0,1.0,0.0,0.0,1.0,3,subject_24
-0.4483265302665725,-1.0,1.0,0.0,0.0,0.0,1,subject_24
-0.4483265302665725,-1.0,1.0,0.0,1.0,2.0,6,subject_24
-0.4483265302665725,-1.0,1.0,0.0,1.0,1.0,5,subject_24
-0.4483265302665725,-1.0,1.0,0.0,1.0,0.0,3,subject_24
-0.4483265302665725,-1.0,0.0,1.0,0.0,2.0,5,subject_24
-0.4483265302665725,-1.0,0.0,1.0,0.0,1.0,3,subject_24
-0.4483265302665725,-1.0,0.0,1.0,0.0,0.0,2,subject_24
-0.4483265302665725,-1.0,0.0,1.0,1.0,2.0,6,subject_24
-0.4483265302665725,-1.0,0.0,1.0,1.0,1.0,5,subject_24
-0.4483265302665725,-1.0,0.0,1.0,1.0,0.0,3,subject_24
-0.4483265302665725,-1.0,0.0,2.0,0.0,2.0,3,subject_24
-0.4483265302665725,-1.0,0.0,2.0,0.0,1.0,1,subject_24
-0.4483265302665725,-1.0,0.0,2.0,0.0,0.0,1,subject_24
-0.4483265302665725,-1.0,0.0,2.0,1.0,2.0,5,subject_24
-0.4483265302665725,-1.0,0.0,2.0,1.0,1.0,3,subject_24
-0.4483265302665725,-1.0,0.0,2.0,1.0,0.0,1,subject_24
-0.4483265302665725,-1.0,0.0,0.0,0.0,2.0,6,subject_24
-0.4483265302665725,-1.0,0.0,0.0,0.0,1.0,6,subject_24
-0.4483265302665725,-1.0,0.0,0.0,0.0,0.0,4,subject_24
-0.4483265302665725,-1.0,0.0,0.0,1.0,2.0,6,subject_24
-0.4483265302665725,-1.0,0.0,0.0,1.0,1.0,6,subject_24
-0.4483265302665725,-1.0,0.0,0.0,1.0,0.0,5,subject_24
-0.4483265302665725,1.0,2.0,1.0,0.0,2.0,1,subject_24
-0.4483265302665725,1.0,2.0,1.0,0.0,1.0,1,subject_24
-0.4483265302665725,1.0,2.0,1.0,0.0,0.0,1,subject_24
-0.4483265302665725,1.0,2.0,1.0,1.0,2.0,1,subject_24
-0.4483265302665725,1.0,2.0,1.0,1.0,1.0,1,subject_24
-0.4483265302665725,1.0,2.0,1.0,1.0,0.0,1,subject_24
-0.4483265302665725,1.0,2.0,2.0,0.0,2.0,1,subject_24
-0.4483265302665725,1.0,2.0,2.0,0.0,1.0,1,subject_24
-0.4483265302665725,1.0,2.0,2.0,0.0,0.0,1,subject_24
-0.4483265302665725,1.0,2.0,2.0,1.0,2.0,1,subject_24
-0.4483265302665725,1.0,2.0,2.0,1.0,1.0,1,subject_24
-0.4483265302665725,1.0,2.0,2.0,1.0,0.0,1,subject_24
-0.4483265302665725,1.0,2.0,0.0,0.0,2.0,2,subject_24
-0.4483265302665725,1.0,2.0,0.0,0.0,1.0,1,subject_24
-0.4483265302665725,1.0,2.0,0.0,0.0,0.0,1,subject_24
-0.4483265302665725,1.0,2.0,0.0,1.0,2.0,3,subject_24
-0.4483265302665725,1.0,2.0,0.0,1.0,1.0,2,subject_24
-0.4483265302665725,1.0,2.0,0.0,1.0,0.0,1,subject_24
-0.4483265302665725,1.0,1.0,1.0,0.0,2.0,2,subject_24
-0.4483265302665725,1.0,1.0,1.0,0.0,1.0,1,subject_24
-0.4483265302665725,1.0,1.0,1.0,0.0,0.0,1,subject_24
-0.4483265302665725,1.0,1.0,1.0,1.0,2.0,4,subject_24
-0.4483265302665725,1.0,1.0,1.0,1.0,1.0,2,subject_24
-0.4483265302665725,1.0,1.0,1.0,1.0,0.0,1,subject_24
-0.4483265302665725,1.0,1.0,2.0,0.0,2.0,1,subject_24
-0.4483265302665725,1.0,1.0,2.0,0.0,1.0,1,subject_24
-0.4483265302665725,1.0,1.0,2.0,0.0,0.0,1,subject_24
-0.4483265302665725,1.0,1.0,2.0,1.0,2.0,2,subject_24
-0.4483265302665725,1.0,1.0,2.0,1.0,1.0,1,subject_24
-0.4483265302665725,1.0,1.0,2.0,1.0,0.0,1,subject_24
-0.4483265302665725,1.0,1.0,0.0,0.0,2.0,5,subject_24
-0.4483265302665725,1.0,1.0,0.0,0.0,1.0,2,subject_24
-0.4483265302665725,1.0,1.0,0.0,0.0,0.0,1,subject_24
-0.4483265302665725,1.0,1.0,0.0,1.0,2.0,6,subject_24
-0.4483265302665725,1.0,1.0,0.0,1.0,1.0,4,subject_24
-0.4483265302665725,1.0,1.0,0.0,1.0,0.0,2,subject_24
-0.4483265302665725,1.0,0.0,1.0,0.0,2.0,5,subject_24
-0.4483265302665725,1.0,0.0,1.0,0.0,1.0,3,subject_24
-0.4483265302665725,1.0,0.0,1.0,0.0,0.0,1,subject_24
-0.4483265302665725,1.0,0.0,1.0,1.0,2.0,6,subject_24
-0.4483265302665725,1.0,0.0,1.0,1.0,1.0,5,subject_24
-0.4483265302665725,1.0,0.0,1.0,1.0,0.0,3,subject_24
-0.4483265302665725,1.0,0.0,2.0,0.0,2.0,2,subject_24
-0.4483265302665725,1.0,0.0,2.0,0.0,1.0,1,subject_24
-0.4483265302665725,1.0,0.0,2.0,0.0,0.0,1,subject_24
-0.4483265302665725,1.0,0.0,2.0,1.0,2.0,5,subject_24
-0.4483265302665725,1.0,0.0,2.0,1.0,1.0,2,subject_24
-0.4483265302665725,1.0,0.0,2.0,1.0,0.0,1,subject_24
-0.4483265302665725,1.0,0.0,0.0,0.0,2.0,6,subject_24
-0.4483265302665725,1.0,0.0,0.0,0.0,1.0,5,subject_24
-0.4483265302665725,1.0,0.0,0.0,0.0,0.0,3,subject_24
-0.4483265302665725,1.0,0.0,0.0,1.0,2.0,6,subject_24
-0.4483265302665725,1.0,0.0,0.0,1.0,1.0,6,subject_24
-0.4483265302665725,1.0,0.0,0.0,1.0,0.0,5,subject_24
1.3857365480966777,-1.0,2.0,1.0,0.0,2.0,1,subject_24
1.3857365480966777,-1.0,2.0,1.0,0.0,1.0,1,subject_24
1.3857365480966777,-1.0,2.0,1.0,0.0,0.0,1,subject_24
1.3857365480966777,-1.0,2.0,1.0,1.0,2.0,1,subject_24
1.3857365480966777,-1.0,2.0,1.0,1.0,1.0,1,subject_24
1.3857365480966777,-1.0,2.0,1.0,1.0,0.0,1,subject_24
1.3857365480966777,-1.0,2.0,2.0,0.0,2.0,1,subject_24
1.3857365480966777,-1.0,2.0,2.0,0.0,1.0,1,subject_24
1.3857365480966777,-1.0,2.0,2.0,0.0,0.0,1,subject_24
1.3857365480966777,-1.0,2.0,2.0,1.0,2.0,1,subject_24
1.3857365480966777,-1.0,2.0,2.0,1.0,1.0,1,subject_24
1.3857365480966777,-1.0,2.0,2.0,1.0,0.0,1,subject_24
1.3857365480966777,-1.0,2.0,0.0,0.0,2.0,1,subject_24
1.3857365480966777,-1.0,2.0,0.0,0.0,1.0,1,subject_24
1.3857365480966777,-1.0,2.0,0.0,0.0,0.0,1,subject_24
1.3857365480966777,-1.0,2.0,0.0,1.0,2.0,2,subject_24
1.3857365480966777,-1.0,2.0,0.0,1.0,1.0,1,subject_24
1.3857365480966777,-1.0,2.0,0.0,1.0,0.0,1,subject_24
1.3857365480966777,-1.0,1.0,1.0,0.0,2.0,1,subject_24
1.3857365480966777,-1.0,1.0,1.0,0.0,1.0,1,subject_24
1.3857365480966777,-1.0,1.0,1.0,0.0,0.0,1,subject_24
1.3857365480966777,-1.0,1.0,1.0,1.0,2.0,2,subject_24
1.3857365480966777,-1.0,1.0,1.0,1.0,1.0,1,subject_24
1.3857365480966777,-1.0,1.0,1.0,1.0,0.0,1,subject_24
1.3857365480966777,-1.0,1.0,2.0,0.0,2.0,1,subject_24
1.3857365480966777,-1.0,1.0,2.0,0.0,1.0,1,subject_24
1.3857365480966777,-1.0,1.0,2.0,0.0,0.0,1,subject_24
1.3857365480966777,-1.0,1.0,2.0,1.0,2.0,1,subject_24
1.3857365480966777,-1.0,1.0,2.0,1.0,1.0,1,subject_24
1.3857365480966777,-1.0,1.0,2.0,1.0,0.0,1,subject_24
1.3857365480966777,-1.0,1.0,0.0,0.0,2.0,3,subject_24
1.3857365480966777,-1.0,1.0,0.0,0.0,1.0,1,subject_24
1.3857365480966777,-1.0,1.0,0.0,0.0,0.0,1,subject_24
1.3857365480966777,-1.0,1.0,0.0,1.0,2.0,5,subject_24
1.3857365480966777,-1.0,1.0,0.0,1.0,1.0,2,subject_24
1.3857365480966777,-1.0,1.0,0.0,1.0,0.0,1,subject_24
1.3857365480966777,-1.0,0.0,1.0,0.0,2.0,3,subject_24
1.3857365480966777,-1.0,0.0,1.0,0.0,1.0,1,subject_24
1.3857365480966777,-1.0,0.0,1.0,0.0,0.0,1,subject_24
1.3857365480966777,-1.0,0.0,1.0,1.0,2.0,5,subject_24
1.3857365480966777,-1.0,0.0,1.0,1.0,1.0,3,subject_24
1.3857365480966777,-1.0,0.0,1.0,1.0,0.0,1,subject_24
1.3857365480966777,-1.0,0.0,2.0,0.0,2.0,1,subject_24
1.3857365480966777,-1.0,0.0,2.0,0.0,1.0,1,subject_24
1.3857365480966777,-1.0,0.0,2.0,0.0,0.0,1,subject_24
1.3857365480966777,-1.0,0.0,2.0,1.0,2.0,2,subject_24
1.3857365480966777,-1.0,0.0,2.0,1.0,1.0,1,subject_24
1.3857365480966777,-1.0,0.0,2.0,1.0,0.0,1,subject_24
1.3857365480966777,-1.0,0.0,0.0,0.0,2.0,5,subject_24
1.3857365480966777,-1.0,0.0,0.0,0.0,1.0,4,subject_24
1.3857365480966777,-1.0,0.0,0.0,0.0,0.0,2,subject_24
1.3857365480966777,-1.0,0.0,0.0,1.0,2.0,6,subject_24
1.3857365480966777,-1.0,0.0,0.0,1.0,1.0,5,subject_24
1.3857365480966777,-1.0,0.0,0.0,1.0,0.0,3,subject_24
1.3857365480966777,1.0,2.0,1.0,0.0,2.0,1,subject_24
1.3857365480966777,1.0,2.0,1.0,0.0,1.0,1,subject_24
1.3857365480966777,1.0,2.0,1.0,0.0,0.0,1,subject_24
1.3857365480966777,1.0,2.0,1.0,1.0,2.0,2,subject_24
1.3857365480966777,1.0,2.0,1.0,1.0,1.0,1,subject_24
1.3857365480966777,1.0,2.0,1.0,1.0,0.0,1,subject_24
1.3857365480966777,1.0,2.0,2.0,0.0,2.0,1,subject_24
1.3857365480966777,1.0,2.0,2.0,0.0,1.0,1,subject_24
1.3857365480966777,1.0,2.0,2.0,0.0,0.0,1,subject_24
1.3857365480966777,1.0,2.0,2.0,1.0,2.0,1,subject_24
1.3857365480966777,1.0,2.0,2.0,1.0,1.0,1,subject_24
1.3857365480966777,1.0,2.0,2.0,1.0,0.0,1,subject_24
1.3857365480966777,1.0,2.0,0.0,0.0,2.0,3,subject_24
1.3857365480966777,1.0,2.0,0.0,0.0,1.0,1,subject_24
1.3857365480966777,1.0,2.0,0.0,0.0,0.0,1,subject_24
1.3857365480966777,1.0,2.0,0.0,1.0,2.0,5,subject_24
1.3857365480966777,1.0,2.0,0.0,1.0,1.0,2,subject_24
1.3857365480966777,1.0,2.0,0.0,1.0,0.0,1,subject_24
1.3857365480966777,1.0,1.0,1.0,0.0,2.0,3,subject_24
1.3857365480966777,1.0,1.0,1.0,0.0,1.0,1,subject_24
1.3857365480966777,1.0,1.0,1.0,0.0,0.0,1,subject_24
1.3857365480966777,1.0,1.0,1.0,1.0,2.0,5,subject_24
1.3857365480966777,1.0,1.0,1.0,1.0,1.0,3,subject_24
1.3857365480966777,1.0,1.0,1.0,1.0,0.0,1,subject_24
1.3857365480966777,1.0,1.0,2.0,0.0,2.0,1,subject_24
1.3857365480966777,1.0,1.0,2.0,0.0,1.0,1,subject_24
1.3857365480966777,1.0,1.0,2.0,0.0,0.0,1,subject_24
1.3857365480966777,1.0,1.0,2.0,1.0,2.0,2,subject_24
1.3857365480966777,1.0,1.0,2.0,1.0,1.0,1,subject_24
1.3857365480966777,1.0,1.0,2.0,1.0,0.0,1,subject_24
1.3857365480966777,1.0,1.0,0.0,0.0,2.0,5,subject_24
1.3857365480966777,1.0,1.0,0.0,0.0,1.0,4,subject_24
1.3857365480966777,1.0,1.0,0.0,0.0,0.0,2,subject_24
1.3857365480966777,1.0,1.0,0.0,1.0,2.0,6,subject_24
1.3857365480966777,1.0,1.0,0.0,1.0,1.0,5,subject_24
1.3857365480966777,1.0,1.0,0.0,1.0,0.0,3,subject_24
1.3857365480966777,1.0,0.0,1.0,0.0,2.0,6,subject_24
1.3857365480966777,1.0,0.0,1.0,0.0,1.0,4,subject_24
1.3857365480966777,1.0,0.0,1.0,0.0,0.0,2,subject_24
1.3857365480966777,1.0,0.0,1.0,1.0,2.0,6,subject_24
1.3857365480966777,1.0,0.0,1.0,1.0,1.0,6,subject_24
1.3857365480966777,1.0,0.0,1.0,1.0,0.0,4,subject_24
1.3857365480966777,1.0,0.0,2.0,0.0,2.0,3,subject_24
1.3857365480966777,1.0,0.0,2.0,0.0,1.0,2,subject_24
1.3857365480966777,1.0,0.0,2.0,0.0,0.0,1,subject_24
1.3857365480966777,1.0,0.0,2.0,1.0,2.0,5,subject_24
1.3857365480966777,1.0,0.0,2.0,1.0,1.0,3,subject_24
1.3857365480966777,1.0,0.0,2.0,1.0,0.0,2,subject_24
1.3857365480966777,1.0,0.0,0.0,0.0,2.0,6,subject_24
1.3857365480966777,1.0,0.0,0.0,0.0,1.0,6,subject_24
1.3857365480966777,1.0,0.0,0.0,0.0,0.0,5,subject_24
1.3857365480966777,1.0,0.0,0.0,1.0,2.0,6,subject_24
1.3857365480966777,1.0,0.0,0.0,1.0,1.0,6,subject_24
1.3857365480966777,1.0,0.0,0.0,1.0,0.0,6,subject_24
-0.937410017830106,-1.0,2.0,1.0,0.0,2.0,1,subject_25
-0.937410017830106,-1.0,2.0,1.0,0.0,1.0,1,subject_25
-0.937410017830106,-1.0,2.0,1.0,0.0,0.0,1,subject_25
-0.937410017830106,-1.0,2.0,1.0,1.0,2.0,3,subject_25
-0.937410017830106,-1.0,2.0,1.0,1.0,1.0,1,subject_25
-0.937410017830106,-1.0,2.0,1.0,1.0,0.0,1,subject_25
-0.937410017830106,-1.0,2.0,2.0,0.0,2.0,1,subject_25
-0.937410017830106,-1.0,2.0,2.0,0.0,1.0,1,subject_25
-0.937410017830106,-1.0,2.0,2.0,0.0,0.0,1,subject_25
-0.937410017830106,-1.0,2.0,2.0,1.0,2.0,1,subject_25
-0.937410017830106,-1.0,2.0,2.0,1.0,1.0,1,subject_25
-0.937410017830106,-1.0,2.0,2.0,1.0,0.0,1,subject_25
-0.937410017830106,-1.0,2.0,0.0,0.0,2.0,3,subject_25
-0.937410017830106,-1.0,2.0,0.0,0.0,1.0,1,subject_25
-0.937410017830106,-1.0,2.0,0.0,0.0,0.0,1,subject_25
-0.937410017830106,-1.0,2.0,0.0,1.0,2.0,5,subject_25
-0.937410017830106,-1.0,2.0,0.0,1.0,1.0,3,subject_25
-0.937410017830106,-1.0,2.0,0.0,1.0,0.0,2,subject_25
-0.937410017830106,-1.0,1.0,1.0,0.0,2.0,2,subject_25
-0.937410017830106,-1.0,1.0,1.0,0.0,1.0,1,subject_25
-0.937410017830106,-1.0,1.0,1.0,0.0,0.0,1,subject_25
-0.937410017830106,-1.0,1.0,1.0,1.0,2.0,5,subject_25
-0.937410017830106,-1.0,1.0,1.0,1.0,1.0,3,subject_25
-0.937410017830106,-1.0,1.0,1.0,1.0,0.0,1,subject_25
-0.937410017830106,-1.0,1.0,2.0,0.0,2.0,1,subject_25
-0.937410017830106,-1.0,1.0,2.0,0.0,1.0,1,subject_25
-0.937410017830106,-1.0,1.0,2.0,0.0,0.0,1,subject_25
-0.937410017830106,-1.0,1.0,2.0,1.0,2.0,3,subject_25
-0.937410017830106,-1.0,1.0,2.0,1.0,1.0,1,subject_25
-0.937410017830106,-1.0,1.0,2.0,1.0,0.0,1,subject_25
-0.937410017830106,-1.0,1.0,0.0,0.0,2.0,5,subject_25
-0.937410017830106,-1.0,1.0,0.0,0.0,1.0,3,subject_25
-0.937410017830106,-1.0,1.0,0.0,0.0,0.0,1,subject_25
-0.937410017830106,-1.0,1.0,0.0,1.0,2.0,6,subject_25
-0.937410017830106,-1.0,1.0,0.0,1.0,1.0,5,subject_25
-0.937410017830106,-1.0,1.0,0.0,1.0,0.0,3,subject_25
-0.937410017830106,-1.0,0.0,1.0,0.0,2.0,5,subject_25
-0.937410017830106,-1.0,0.0,1.0,0.0,1.0,2,subject_25
-0.937410017830106,-1.0,0.0,1.0,0.0,0.0,1,subject_25
-0.937410017830106,-1.0,0.0,1.0,1.0,2.0,6,subject_25
-0.937410017830106,-1.0,0.0,1.0,1.0,1.0,5,subject_25
-0.937410017830106,-1.0,0.0,1.0,1.0,0.0,3,subject_25
-0.937410017830106,-1.0,0.0,2.0,0.0,2.0,2,subject_25
-0.937410017830106,-1.0,0.0,2.0,0.0,1.0,1,subject_25
-0.937410017830106,-1.0,0.0,2.0,0.0,0.0,1,subject_25
-0.937410017830106,-1.0,0.0,2.0,1.0,2.0,5,subject_25
-0.937410017830106,-1.0,0.0,2.0,1.0,1.0,3,subject_25
-0.937410017830106,-1.0,0.0,2.0,1.0,0.0,1,subject_25
-0.937410017830106,-1.0,0.0,0.0,0.0,2.0,6,subject_25
-0.937410017830106,-1.0,0.0,0.0,0.0,1.0,5,subject_25
-0.937410017830106,-1.0,0.0,0.0,0.0,0.0,3,subject_25
-0.937410017830106,-1.0,0.0,0.0,1.0,2.0,6,subject_25
-0.937410017830106,-1.0,0.0,0.0,1.0,1.0,6,subject_25
-0.937410017830106,-1.0,0.0,0.0,1.0,0.0,5,subject_25
-0.937410017830106,1.0,2.0,1.0,0.0,2.0,1,subject_25
-0.937410017830106,1.0,2.0,1.0,0.0,1.0,1,subject_25
-0.937410017830106,1.0,2.0,1.0,0.0,0.0,1,subject_25
-0.937410017830106,1.0,2.0,1.0,1.0,2.0,3,subject_25
-0.937410017830106,1.0,2.0,1.0,1.0,1.0,2,subject_25
-0.937410017830106,1.0,2.0,1.0,1.0,0.0,1,subject_25
-0.937410017830106,1.0,2.0,2.0,0.0,2.0,1,subject_25
-0.937410017830106,1.0,2.0,2.0,0.0,1.0,1,subject_25
-0.937410017830106,1.0,2.0,2.0,0.0,0.0,1,subject_25
-0.937410017830106,1.0,2.0,2.0,1.0,2.0,2,subject_25
-0.937410017830106,1.0,2.0,2.0,1.0,1.0,1,subject_25
-0.937410017830106,1.0,2.0,2.0,1.0,0.0,1,subject_25
-0.937410017830106,1.0,2.0,0.0,0.0,2.0,3,subject_25
-0.937410017830106,1.0,2.0,0.0,0.0,1.0,2,subject_25
-0.937410017830106,1.0,2.0,0.0,0.0,0.0,1,subject_25
-0.937410017830106,1.0,2.0,0.0,1.0,2.0,5,subject_25
-0.937410017830106,1.0,2.0,0.0,1.0,1.0,4,subject_25
-0.937410017830106,1.0,2.0,0.0,1.0,0.0,2,subject_25
-0.937410017830106,1.0,1.0,1.0,0.0,2.0,3,subject_25
-0.937410017830106,1.0,1.0,1.0,0.0,1.0,1,subject_25
-0.937410017830106,1.0,1.0,1.0,0.0,0.0,1,subject_25
-0.937410017830106,1.0,1.0,1.0,1.0,2.0,5,subject_25
-0.937410017830106,1.0,1.0,1.0,1.0,1.0,3,subject_25
-0.937410017830106,1.0,1.0,1.0,1.0,0.0,2,subject_25
-0.937410017830106,1.0,1.0,2.0,0.0,2.0,1,subject_25
-0.937410017830106,1.0,1.0,2.0,0.0,1.0,1,subject_25
-0.937410017830106,1.0,1.0,2.0,0.0,0.0,1,subject_25
-0.937410017830106,1.0,1.0,2.0,1.0,2.0,3,subject_25
-0.937410017830106,1.0,1.0,2.0,1.0,1.0,2,subject_25
-0.937410017830106,1.0,1.0,2.0,1.0,0.0,1,subject_25
-0.937410017830106,1.0,1.0,0.0,0.0,2.0,5,subject_25
-0.937410017830106,1.0,1.0,0.0,0.0,1.0,3,subject_25
-0.937410017830106,1.0,1.0,0.0,0.0,0.0,2,subject_25
-0.937410017830106,1.0,1.0,0.0,1.0,2.0,6,subject_25
-0.937410017830106,1.0,1.0,0.0,1.0,1.0,5,subject_25
-0.937410017830106,1.0,1.0,0.0,1.0,0.0,4,subject_25
-0.937410017830106,1.0,0.0,1.0,0.0,2.0,5,subject_25
-0.937410017830106,1.0,0.0,1.0,0.0,1.0,3,subject_25
-0.937410017830106,1.0,0.0,1.0,0.0,0.0,1,subject_25
-0.937410017830106,1.0,0.0,1.0,1.0,2.0,6,subject_25
-0.937410017830106,1.0,0.0,1.0,1.0,1.0,5,subject_25
-0.937410017830106,1.0,0.0,1.0,1.0,0.0,3,subject_25
-0.937410017830106,1.0,0.0,2.0,0.0,2.0,3,subject_25
-0.937410017830106,1.0,0.0,2.0,0.0,1.0,1,subject_25
-0.937410017830106,1.0,0.0,2.0,0.0,0.0,1,subject_25
-0.937410017830106,1.0,0.0,2.0,1.0,2.0,5,subject_25
-0.937410017830106,1.0,0.0,2.0,1.0,1.0,3,subject_25
-0.937410017830106,1.0,0.0,2.0,1.0,0.0,2,subject_25
-0.937410017830106,1.0,0.0,0.0,0.0,2.0,6,subject_25
-0.937410017830106,1.0,0.0,0.0,0.0,1.0,5,subject_25
-0.937410017830106,1.0,0.0,0.0,0.0,0.0,3,subject_25
-0.937410017830106,1.0,0.0,0.0,1.0,2.0,6,subject_25
-0.937410017830106,1.0,0.0,0.0,1.0,1.0,6,subject_25
-0.937410017830106,1.0,0.0,0.0,1.0,0.0,5,subject_25
-0.4483265302665725,-1.0,2.0,1.0,0.0,2.0,1,subject_25
-0.4483265302665725,-1.0,2.0,1.0,0.0,1.0,1,subject_25
-0.4483265302665725,-1.0,2.0,1.0,0.0,0.0,1,subject_25
-0.4483265302665725,-1.0,2.0,1.0,1.0,2.0,3,subject_25
-0.4483265302665725,-1.0,2.0,1.0,1.0,1.0,1,subject_25
-0.4483265302665725,-1.0,2.0,1.0,1.0,0.0,1,subject_25
-0.4483265302665725,-1.0,2.0,2.0,0.0,2.0,1,subject_25
-0.4483265302665725,-1.0,2.0,2.0,0.0,1.0,1,subject_25
-0.4483265302665725,-1.0,2.0,2.0,0.0,0.0,1,subject_25
-0.4483265302665725,-1.0,2.0,2.0,1.0,2.0,1,subject_25
-0.4483265302665725,-1.0,2.0,2.0,1.0,1.0,1,subject_25
-0.4483265302665725,-1.0,2.0,2.0,1.0,0.0,1,subject_25
-0.4483265302665725,-1.0,2.0,0.0,0.0,2.0,2,subject_25
-0.4483265302665725,-1.0,2.0,0.0,0.0,1.0,1,subject_25
-0.4483265302665725,-1.0,2.0,0.0,0.0,0.0,1,subject_25
-0.4483265302665725,-1.0,2.0,0.0,1.0,2.0,5,subject_25
-0.4483265302665725,-1.0,2.0,0.0,1.0,1.0,3,subject_25
-0.4483265302665725,-1.0,2.0,0.0,1.0,0.0,1,subject_25
-0.4483265302665725,-1.0,1.0,1.0,0.0,2.0,2,subject_25
-0.4483265302665725,-1.0,1.0,1.0,0.0,1.0,1,subject_25
-0.4483265302665725,-1.0,1.0,1.0,0.0,0.0,1,subject_25
-0.4483265302665725,-1.0,1.0,1.0,1.0,2.0,5,subject_25
-0.4483265302665725,-1.0,1.0,1.0,1.0,1.0,3,subject_25
-0.4483265302665725,-1.0,1.0,1.0,1.0,0.0,1,subject_25
-0.4483265302665725,-1.0,1.0,2.0,0.0,2.0,1,subject_25
-0.4483265302665725,-1.0,1.0,2.0,0.0,1.0,1,subject_25
-0.4483265302665725,-1.0,1.0,2.0,0.0,0.0,1,subject_25
-0.4483265302665725,-1.0,1.0,2.0,1.0,2.0,2,subject_25
-0.4483265302665725,-1.0,1.0,2.0,1.0,1.0,1,subject_25
-0.4483265302665725,-1.0,1.0,2.0,1.0,0.0,1,subject_25
-0.4483265302665725,-1.0,1.0,0.0,0.0,2.0,5,subject_25
-0.4483265302665725,-1.0,1.0,0.0,0.0,1.0,3,subject_25
-0.4483265302665725,-1.0,1.0,0.0,0.0,0.0,1,subject_25
-0.4483265302665725,-1.0,1.0,0.0,1.0,2.0,6,subject_25
-0.4483265302665725,-1.0,1.0,0.0,1.0,1.0,5,subject_25
-0.4483265302665725,-1.0,1.0,0.0,1.0,0.0,3,subject_25
-0.4483265302665725,-1.0,0.0,1.0,0.0,2.0,4,subject_25
-0.4483265302665725,-1.0,0.0,1.0,0.0,1.0,2,subject_25
-0.4483265302665725,-1.0,0.0,1.0,0.0,0.0,1,subject_25
-0.4483265302665725,-1.0,0.0,1.0,1.0,2.0,6,subject_25
-0.4483265302665725,-1.0,0.0,1.0,1.0,1.0,5,subject_25
-0.4483265302665725,-1.0,0.0,1.0,1.0,0.0,3,subject_25
-0.4483265302665725,-1.0,0.0,2.0,0.0,2.0,2,subject_25
-0.4483265302665725,-1.0,0.0,2.0,0.0,1.0,1,subject_25
-0.4483265302665725,-1.0,0.0,2.0,0.0,0.0,1,subject_25
-0.4483265302665725,-1.0,0.0,2.0,1.0,2.0,5,subject_25
-0.4483265302665725,-1.0,0.0,2.0,1.0,1.0,2,subject_25
-0.4483265302665725,-1.0,0.0,2.0,1.0,0.0,1,subject_25
-0.4483265302665725,-1.0,0.0,0.0,0.0,2.0,6,subject_25
-0.4483265302665725,-1.0,0.0,0.0,0.0,1.0,5,subject_25
-0.4483265302665725,-1.0,0.0,0.0,0.0,0.0,3,subject_25
-0.4483265302665725,-1.0,0.0,0.0,1.0,2.0,6,subject_25
-0.4483265302665725,-1.0,0.0,0.0,1.0,1.0,6,subject_25
-0.4483265302665725,-1.0,0.0,0.0,1.0,0.0,5,subject_25
-0.4483265302665725,1.0,2.0,1.0,0.0,2.0,2,subject_25
-0.4483265302665725,1.0,2.0,1.0,0.0,1.0,1,subject_25
-0.4483265302665725,1.0,2.0,1.0,0.0,0.0,1,subject_25
-0.4483265302665725,1.0,2.0,1.0,1.0,2.0,4,subject_25
-0.4483265302665725,1.0,2.0,1.0,1.0,1.0,2,subject_25
-0.4483265302665725,1.0,2.0,1.0,1.0,0.0,1,subject_25
-0.4483265302665725,1.0,2.0,2.0,0.0,2.0,1,subject_25
-0.4483265302665725,1.0,2.0,2.0,0.0,1.0,1,subject_25
-0.4483265302665725,1.0,2.0,2.0,0.0,0.0,1,subject_25
-0.4483265302665725,1.0,2.0,2.0,1.0,2.0,2,subject_25
-0.4483265302665725,1.0,2.0,2.0,1.0,1.0,1,subject_25
-0.4483265302665725,1.0,2.0,2.0,1.0,0.0,1,subject_25
-0.4483265302665725,1.0,2.0,0.0,0.0,2.0,4,subject_25
-0.4483265302665725,1.0,2.0,0.0,0.0,1.0,2,subject_25
-0.4483265302665725,1.0,2.0,0.0,0.0,0.0,1,subject_25
-0.4483265302665725,1.0,2.0,0.0,1.0,2.0,6,subject_25
-0.4483265302665725,1.0,2.0,0.0,1.0,1.0,4,subject_25
-0.4483265302665725,1.0,2.0,0.0,1.0,0.0,2,subject_25
-0.4483265302665725,1.0,1.0,1.0,0.0,2.0,4,subject_25
-0.4483265302665725,1.0,1.0,1.0,0.0,1.0,2,subject_25
-0.4483265302665725,1.0,1.0,1.0,0.0,0.0,1,subject_25
-0.4483265302665725,1.0,1.0,1.0,1.0,2.0,6,subject_25
-0.4483265302665725,1.0,1.0,1.0,1.0,1.0,4,subject_25
-0.4483265302665725,1.0,1.0,1.0,1.0,0.0,2,subject_25
-0.4483265302665725,1.0,1.0,2.0,0.0,2.0,2,subject_25
-0.4483265302665725,1.0,1.0,2.0,0.0,1.0,1,subject_25
-0.4483265302665725,1.0,1.0,2.0,0.0,0.0,1,subject_25
-0.4483265302665725,1.0,1.0,2.0,1.0,2.0,4,subject_25
-0.4483265302665725,1.0,1.0,2.0,1.0,1.0,2,subject_25
-0.4483265302665725,1.0,1.0,2.0,1.0,0.0,1,subject_25
-0.4483265302665725,1.0,1.0,0.0,0.0,2.0,5,subject_25
-0.4483265302665725,1.0,1.0,0.0,0.0,1.0,4,subject_25
-0.4483265302665725,1.0,1.0,0.0,0.0,0.0,2,subject_25
-0.4483265302665725,1.0,1.0,0.0,1.0,2.0,6,subject_25
-0.4483265302665725,1.0,1.0,0.0,1.0,1.0,6,subject_25
-0.4483265302665725,1.0,1.0,0.0,1.0,0.0,4,subject_25
-0.4483265302665725,1.0,0.0,1.0,0.0,2.0,5,subject_25
-0.4483265302665725,1.0,0.0,1.0,0.0,1.0,4,subject_25
-0.4483265302665725,1.0,0.0,1.0,0.0,0.0,2,subject_25
-0.4483265302665725,1.0,0.0,1.0,1.0,2.0,6,subject_25
-0.4483265302665725,1.0,0.0,1.0,1.0,1.0,6,subject_25
-0.4483265302665725,1.0,0.0,1.0,1.0,0.0,4,subject_25
-0.4483265302665725,1.0,0.0,2.0,0.0,2.0,3,subject_25
-0.4483265302665725,1.0,0.0,2.0,0.0,1.0,2,subject_25
-0.4483265302665725,1.0,0.0,2.0,0.0,0.0,1,subject_25
-0.4483265302665725,1.0,0.0,2.0,1.0,2.0,5,subject_25
-0.4483265302665725,1.0,0.0,2.0,1.0,1.0,4,subject_25
-0.4483265302665725,1.0,0.0,2.0,1.0,0.0,2,subject_25
-0.4483265302665725,1.0,0.0,0.0,0.0,2.0,6,subject_25
-0.4483265302665725,1.0,0.0,0.0,0.0,1.0,5,subject_25
-0.4483265302665725,1.0,0.0,0.0,0.0,0.0,4,subject_25
-0.4483265302665725,1.0,0.0,0.0,1.0,2.0,6,subject_25
-0.4483265302665725,1.0,0.0,0.0,1.0,1.0,6,subject_25
-0.4483265302665725,1.0,0.0,0.0,1.0,0.0,6,subject_25
1.3857365480966777,-1.0,2.0,1.0,0.0,2.0,1,subject_25
1.3857365480966777,-1.0,2.0,1.0,0.0,1.0,1,subject_25
1.3857365480966777,-1.0,2.0,1.0,0.0,0.0,1,subject_25
1.3857365480966777,-1.0,2.0,1.0,1.0,2.0,2,subject_25
1.3857365480966777,-1.0,2.0,1.0,1.0,1.0,1,subject_25
1.3857365480966777,-1.0,2.0,1.0,1.0,0.0,1,subject_25
1.3857365480966777,-1.0,2.0,2.0,0.0,2.0,1,subject_25
1.3857365480966777,-1.0,2.0,2.0,0.0,1.0,1,subject_25
1.3857365480966777,-1.0,2.0,2.0,0.0,0.0,1,subject_25
1.3857365480966777,-1.0,2.0,2.0,1.0,2.0,1,subject_25
1.3857365480966777,-1.0,2.0,2.0,1.0,1.0,1,subject_25
1.3857365480966777,-1.0,2.0,2.0,1.0,0.0,1,subject_25
1.3857365480966777,-1.0,2.0,0.0,0.0,2.0,2,subject_25
1.3857365480966777,-1.0,2.0,0.0,0.0,1.0,1,subject_25
1.3857365480966777,-1.0,2.0,0.0,0.0,0.0,1,subject_25
1.3857365480966777,-1.0,2.0,0.0,1.0,2.0,4,subject_25
1.3857365480966777,-1.0,2.0,0.0,1.0,1.0,2,subject_25
1.3857365480966777,-1.0,2.0,0.0,1.0,0.0,1,subject_25
1.3857365480966777,-1.0,1.0,1.0,0.0,2.0,2,subject_25
1.3857365480966777,-1.0,1.0,1.0,0.0,1.0,1,subject_25
1.3857365480966777,-1.0,1.0,1.0,0.0,0.0,1,subject_25
1.3857365480966777,-1.0,1.0,1.0,1.0,2.0,4,subject_25
1.3857365480966777,-1.0,1.0,1.0,1.0,1.0,2,subject_25
1.3857365480966777,-1.0,1.0,1.0,1.0,0.0,1,subject_25
1.3857365480966777,-1.0,1.0,2.0,0.0,2.0,1,subject_25
1.3857365480966777,-1.0,1.0,2.0,0.0,1.0,1,subject_25
1.3857365480966777,-1.0,1.0,2.0,0.0,0.0,1,subject_25
1.3857365480966777,-1.0,1.0,2.0,1.0,2.0,2,subject_25
1.3857365480966777,-1.0,1.0,2.0,1.0,1.0,1,subject_25
1.3857365480966777,-1.0,1.0,2.0,1.0,0.0,1,subject_25
1.3857365480966777,-1.0,1.0,0.0,0.0,2.0,3,subject_25
1.3857365480966777,-1.0,1.0,0.0,0.0,1.0,2,subject_25
1.3857365480966777,-1.0,1.0,0.0,0.0,0.0,1,subject_25
1.3857365480966777,-1.0,1.0,0.0,1.0,2.0,5,subject_25
1.3857365480966777,-1.0,1.0,0.0,1.0,1.0,4,subject_25
1.3857365480966777,-1.0,1.0,0.0,1.0,0.0,2,subject_25
1.3857365480966777,-1.0,0.0,1.0,0.0,2.0,3,subject_25
1.3857365480966777,-1.0,0.0,1.0,0.0,1.0,2,subject_25
1.3857365480966777,-1.0,0.0,1.0,0.0,0.0,1,subject_25
1.3857365480966777,-1.0,0.0,1.0,1.0,2.0,5,subject_25
1.3857365480966777,-1.0,0.0,1.0,1.0,1.0,4,subject_25
1.3857365480966777,-1.0,0.0,1.0,1.0,0.0,2,subject_25
1.3857365480966777,-1.0,0.0,2.0,0.0,2.0,1,subject_25
1.3857365480966777,-1.0,0.0,2.0,0.0,1.0,1,subject_25
1.3857365480966777,-1.0,0.0,2.0,0.0,0.0,1,subject_25
1.3857365480966777,-1.0,0.0,2.0,1.0,2.0,3,subject_25
1.3857365480966777,-1.0,0.0,2.0,1.0,1.0,2,subject_25
1.3857365480966777,-1.0,0.0,2.0,1.0,0.0,1,subject_25
1.3857365480966777,-1.0,0.0,0.0,0.0,2.0,5,subject_25
1.3857365480966777,-1.0,0.0,0.0,0.0,1.0,4,subject_25
1.3857365480966777,-1.0,0.0,0.0,0.0,0.0,2,subject_25
1.3857365480966777,-1.0,0.0,0.0,1.0,2.0,6,subject_25
1.3857365480966777,-1.0,0.0,0.0,1.0,1.0,5,subject_25
1.3857365480966777,-1.0,0.0,0.0,1.0,0.0,4,subject_25
1.3857365480966777,1.0,2.0,1.0,0.0,2.0,4,subject_25
1.3857365480966777,1.0,2.0,1.0,0.0,1.0,2,subject_25
1.3857365480966777,1.0,2.0,1.0,0.0,0.0,1,subject_25
1.3857365480966777,1.0,2.0,1.0,1.0,2.0,6,subject_25
1.3857365480966777,1.0,2.0,1.0,1.0,1.0,5,subject_25
1.3857365480966777,1.0,2.0,1.0,1.0,0.0,3,subject_25
1.3857365480966777,1.0,2.0,2.0,0.0,2.0,2,subject_25
1.3857365480966777,1.0,2.0,2.0,0.0,1.0,1,subject_25
1.3857365480966777,1.0,2.0,2.0,0.0,0.0,1,subject_25
1.3857365480966777,1.0,2.0,2.0,1.0,2.0,4,subject_25
1.3857365480966777,1.0,2.0,2.0,1.0,1.0,2,subject_25
1.3857365480966777,1.0,2.0,2.0,1.0,0.0,1,subject_25
1.3857365480966777,1.0,2.0,0.0,0.0,2.0,6,subject_25
1.3857365480966777,1.0,2.0,0.0,0.0,1.0,5,subject_25
1.3857365480966777,1.0,2.0,0.0,0.0,0.0,2,subject_25
1.3857365480966777,1.0,2.0,0.0,1.0,2.0,6,subject_25
1.3857365480966777,1.0,2.0,0.0,1.0,1.0,6,subject_25
1.3857365480966777,1.0,2.0,0.0,1.0,0.0,5,subject_25
1.3857365480966777,1.0,1.0,1.0,0.0,2.0,6,subject_25
1.3857365480966777,1.0,1.0,1.0,0.0,1.0,4,subject_25
1.3857365480966777,1.0,1.0,1.0,0.0,0.0,2,subject_25
1.3857365480966777,1.0,1.0,1.0,1.0,2.0,6,subject_25
1.3857365480966777,1.0,1.0,1.0,1.0,1.0,6,subject_25
1.3857365480966777,1.0,1.0,1.0,1.0,0.0,5,subject_25
1.3857365480966777,1.0,1.0,2.0,0.0,2.0,4,subject_25
1.3857365480966777,1.0,1.0,2.0,0.0,1.0,2,subject_25
1.3857365480966777,1.0,1.0,2.0,0.0,0.0,1,subject_25
1.3857365480966777,1.0,1.0,2.0,1.0,2.0,6,subject_25
1.3857365480966777,1.0,1.0,2.0,1.0,1.0,4,subject_25
1.3857365480966777,1.0,1.0,2.0,1.0,0.0,2,subject_25
1.3857365480966777,1.0,1.0,0.0,0.0,2.0,6,subject_25
1.3857365480966777,1.0,1.0,0.0,0.0,1.0,6,subject_25
1.3857365480966777,1.0,1.0,0.0,0.0,0.0,5,subject_25
1.3857365480966777,1.0,1.0,0.0,1.0,2.0,6,subject_25
1.3857365480966777,1.0,1.0,0.0,1.0,1.0,6,subject_25
1.3857365480966777,1.0,1.0,0.0,1.0,0.0,6,subject_25
1.3857365480966777,1.0,0.0,1.0,0.0,2.0,6,subject_25
1.3857365480966777,1.0,0.0,1.0,0.0,1.0,6,subject_25
1.3857365480966777,1.0,0.0,1.0,0.0,0.0,4,subject_25
1.3857365480966777,1.0,0.0,1.0,1.0,2.0,6,subject_25
1.3857365480966777,1.0,0.0,1.0,1.0,1.0,6,subject_25
1.3857365480966777,1.0,0.0,1.0,1.0,0.0,6,subject_25
1.3857365480966777,1.0,0.0,2.0,0.0,2.0,5,subject_25
1.3857365480966777,1.0,0.0,2.0,0.0,1.0,4,subject_25
1.3857365480966777,1.0,0.0,2.0,0.0,0.0,2,subject_25
1.3857365480966777,1.0,0.0,2.0,1.0,2.0,6,subject_25
1.3857365480966777,1.0,0.0,2.0,1.0,1.0,6,subject_25
1.3857365480966777,1.0,0.0,2.0,1.0,0.0,5,subject_25
1.3857365480966777,1.0,0.0,0.0,0.0,2.0,6,subject_25
1.3857365480966777,1.0,0.0,0.0,0.0,1.0,6,subject_25
1.3857365480966777,1.0,0.0,0.0,0.0,0.0,6,subject_25
1.3857365480966777,1.0,0.0,0.0,1.0,2.0,6,subject_25
1.3857365480966777,1.0,0.0,0.0,1.0,1.0,6,subject_25
1.3857365480966777,1.0,0.0,0.0,1.0,0.0,6,subject_25
-0.937410017830106,-1.0,2.0,1.0,0.0,2.0,1,subject_26
-0.937410017830106,-1.0,2.0,1.0,0.0,1.0,1,subject_26
-0.937410017830106,-1.0,2.0,1.0,0.0,0.0,1,subject_26
-0.937410017830106,-1.0,2.0,1.0,1.0,2.0,3,subject_26
-0.937410017830106,-1.0,2.0,1.0,1.0,1.0,1,subject_26
-0.937410017830106,-1.0,2.0,1.0,1.0,0.0,1,subject_26
-0.937410017830106,-1.0,2.0,2.0,0.0,2.0,1,subject_26
-0.937410017830106,-1.0,2.0,2.0,0.0,1.0,1,subject_26
-0.937410017830106,-1.0,2.0,2.0,0.0,0.0,1,subject_26
-0.937410017830106,-1.0,2.0,2.0,1.0,2.0,1,subject_26
-0.937410017830106,-1.0,2.0,2.0,1.0,1.0,1,subject_26
-0.937410017830106,-1.0,2.0,2.0,1.0,0.0,1,subject_26
-0.937410017830106,-1.0,2.0,0.0,0.0,2.0,3,subject_26
-0.937410017830106,-1.0,2.0,0.0,0.0,1.0,2,subject_26
-0.937410017830106,-1.0,2.0,0.0,0.0,0.0,1,subject_26
-0.937410017830106,-1.0,2.0,0.0,1.0,2.0,5,subject_26
-0.937410017830106,-1.0,2.0,0.0,1.0,1.0,4,subject_26
-0.937410017830106,-1.0,2.0,0.0,1.0,0.0,2,subject_26
-0.937410017830106,-1.0,1.0,1.0,0.0,2.0,3,subject_26
-0.937410017830106,-1.0,1.0,1.0,0.0,1.0,1,subject_26
-0.937410017830106,-1.0,1.0,1.0,0.0,0.0,1,subject_26
-0.937410017830106,-1.0,1.0,1.0,1.0,2.0,5,subject_26
-0.937410017830106,-1.0,1.0,1.0,1.0,1.0,3,subject_26
-0.937410017830106,-1.0,1.0,1.0,1.0,0.0,2,subject_26
-0.937410017830106,-1.0,1.0,2.0,0.0,2.0,1,subject_26
-0.937410017830106,-1.0,1.0,2.0,0.0,1.0,1,subject_26
-0.937410017830106,-1.0,1.0,2.0,0.0,0.0,1,subject_26
-0.937410017830106,-1.0,1.0,2.0,1.0,2.0,3,subject_26
-0.937410017830106,-1.0,1.0,2.0,1.0,1.0,1,subject_26
-0.937410017830106,-1.0,1.0,2.0,1.0,0.0,1,subject_26
-0.937410017830106,-1.0,1.0,0.0,0.0,2.0,6,subject_26
-0.937410017830106,-1.0,1.0,0.0,0.0,1.0,4,subject_26
-0.937410017830106,-1.0,1.0,0.0,0.0,0.0,2,subject_26
-0.937410017830106,-1.0,1.0,0.0,1.0,2.0,6,subject_26
-0.937410017830106,-1.0,1.0,0.0,1.0,1.0,6,subject_26
-0.937410017830106,-1.0,1.0,0.0,1.0,0.0,4,subject_26
-0.937410017830106,-1.0,0.0,1.0,0.0,2.0,6,subject_26
-0.937410017830106,-1.0,0.0,1.0,0.0,1.0,4,subject_26
-0.937410017830106,-1.0,0.0,1.0,0.0,0.0,2,subject_26
-0.937410017830106,-1.0,0.0,1.0,1.0,2.0,6,subject_26
-0.937410017830106,-1.0,0.0,1.0,1.0,1.0,6,subject_26
-0.937410017830106,-1.0,0.0,1.0,1.0,0.0,4,subject_26
-0.937410017830106,-1.0,0.0,2.0,0.0,2.0,3,subject_26
-0.937410017830106,-1.0,0.0,2.0,0.0,1.0,1,subject_26
-0.937410017830106,-1.0,0.0,2.0,0.0,0.0,1,subject_26
-0.937410017830106,-1.0,0.0,2.0,1.0,2.0,5,subject_26
-0.937410017830106,-1.0,0.0,2.0,1.0,1.0,3,subject_26
-0.937410017830106,-1.0,0.0,2.0,1.0,0.0,2,subject_26
-0.937410017830106,-1.0,0.0,0.0,0.0,2.0,6,subject_26
-0.937410017830106,-1.0,0.0,0.0,0.0,1.0,6,subject_26
-0.937410017830106,-1.0,0.0,0.0,0.0,0.0,4,subject_26
-0.937410017830106,-1.0,0.0,0.0,1.0,2.0,6,subject_26
-0.937410017830106,-1.0,0.0,0.0,1.0,1.0,6,subject_26
-0.937410017830106,-1.0,0.0,0.0,1.0,0.0,6,subject_26
-0.937410017830106,1.0,2.0,1.0,0.0,2.0,1,subject_26
-0.937410017830106,1.0,2.0,1.0,0.0,1.0,1,subject_26
-0.937410017830106,1.0,2.0,1.0,0.0,0.0,1,subject_26
-0.937410017830106,1.0,2.0,1.0,1.0,2.0,2,subject_26
-0.937410017830106,1.0,2.0,1.0,1.0,1.0,1,subject_26
-0.937410017830106,1.0,2.0,1.0,1.0,0.0,1,subject_26
-0.937410017830106,1.0,2.0,2.0,0.0,2.0,1,subject_26
-0.937410017830106,1.0,2.0,2.0,0.0,1.0,1,subject_26
-0.937410017830106,1.0,2.0,2.0,0.0,0.0,1,subject_26
-0.937410017830106,1.0,2.0,2.0,1.0,2.0,1,subject_26
-0.937410017830106,1.0,2.0,2.0,1.0,1.0,1,subject_26
-0.937410017830106,1.0,2.0,2.0,1.0,0.0,1,subject_26
-0.937410017830106,1.0,2.0,0.0,0.0,2.0,3,subject_26
-0.937410017830106,1.0,2.0,0.0,0.0,1.0,1,subject_26
-0.937410017830106,1.0,2.0,0.0,0.0,0.0,1,subject_26
-0.937410017830106,1.0,2.0,0.0,1.0,2.0,5,subject_26
-0.937410017830106,1.0,2.0,0.0,1.0,1.0,3,subject_26
-0.937410017830106,1.0,2.0,0.0,1.0,0.0,1,subject_26
-0.937410017830106,1.0,1.0,1.0,0.0,2.0,2,subject_26
-0.937410017830106,1.0,1.0,1.0,0.0,1.0,1,subject_26
-0.937410017830106,1.0,1.0,1.0,0.0,0.0,1,subject_26
-0.937410017830106,1.0,1.0,1.0,1.0,2.0,5,subject_26
-0.937410017830106,1.0,1.0,1.0,1.0,1.0,3,subject_26
-0.937410017830106,1.0,1.0,1.0,1.0,0.0,1,subject_26
-0.937410017830106,1.0,1.0,2.0,0.0,2.0,1,subject_26
-0.937410017830106,1.0,1.0,2.0,0.0,1.0,1,subject_26
-0.937410017830106,1.0,1.0,2.0,0.0,0.0,1,subject_26
-0.937410017830106,1.0,1.0,2.0,1.0,2.0,2,subject_26
-0.937410017830106,1.0,1.0,2.0,1.0,1.0,1,subject_26
-0.937410017830106,1.0,1.0,2.0,1.0,0.0,1,subject_26
-0.937410017830106,1.0,1.0,0.0,0.0,2.0,5,subject_26
-0.937410017830106,1.0,1.0,0.0,0.0,1.0,3,subject_26
-0.937410017830106,1.0,1.0,0.0,0.0,0.0,1,subject_26
-0.937410017830106,1.0,1.0,0.0,1.0,2.0,6,subject_26
-0.937410017830106,1.0,1.0,0.0,1.0,1.0,5,subject_26
-0.937410017830106,1.0,1.0,0.0,1.0,0.0,3,subject_26
-0.937410017830106,1.0,0.0,1.0,0.0,2.0,5,subject_26
-0.937410017830106,1.0,0.0,1.0,0.0,1.0,3,subject_26
-0.937410017830106,1.0,0.0,1.0,0.0,0.0,1,subject_26
-0.937410017830106,1.0,0.0,1.0,1.0,2.0,6,subject_26
-0.937410017830106,1.0,0.0,1.0,1.0,1.0,5,subject_26
-0.937410017830106,1.0,0.0,1.0,1.0,0.0,3,subject_26
-0.937410017830106,1.0,0.0,2.0,0.0,2.0,2,subject_26
-0.937410017830106,1.0,0.0,2.0,0.0,1.0,1,subject_26
-0.937410017830106,1.0,0.0,2.0,0.0,0.0,1,subject_26
-0.937410017830106,1.0,0.0,2.0,1.0,2.0,5,subject_26
-0.937410017830106,1.0,0.0,2.0,1.0,1.0,3,subject_26
-0.937410017830106,1.0,0.0,2.0,1.0,0.0,1,subject_26
-0.937410017830106,1.0,0.0,0.0,0.0,2.0,6,subject_26
-0.937410017830106,1.0,0.0,0.0,0.0,1.0,5,subject_26
-0.937410017830106,1.0,0.0,0.0,0.0,0.0,3,subject_26
-0.937410017830106,1.0,0.0,0.0,1.0,2.0,6,subject_26
-0.937410017830106,1.0,0.0,0.0,1.0,1.0,6,subject_26
-0.937410017830106,1.0,0.0,0.0,1.0,0.0,5,subject_26
-0.4483265302665725,-1.0,2.0,1.0,0.0,2.0,1,subject_26
-0.4483265302665725,-1.0,2.0,1.0,0.0,1.0,1,subject_26
-0.4483265302665725,-1.0,2.0,1.0,0.0,0.0,1,subject_26
-0.4483265302665725,-1.0,2.0,1.0,1.0,2.0,2,subject_26
-0.4483265302665725,-1.0,2.0,1.0,1.0,1.0,1,subject_26
-0.4483265302665725,-1.0,2.0,1.0,1.0,0.0,1,subject_26
-0.4483265302665725,-1.0,2.0,2.0,0.0,2.0,1,subject_26
-0.4483265302665725,-1.0,2.0,2.0,0.0,1.0,1,subject_26
-0.4483265302665725,-1.0,2.0,2.0,0.0,0.0,1,subject_26
-0.4483265302665725,-1.0,2.0,2.0,1.0,2.0,1,subject_26
-0.4483265302665725,-1.0,2.0,2.0,1.0,1.0,1,subject_26
-0.4483265302665725,-1.0,2.0,2.0,1.0,0.0,1,subject_26
-0.4483265302665725,-1.0,2.0,0.0,0.0,2.0,3,subject_26
-0.4483265302665725,-1.0,2.0,0.0,0.0,1.0,1,subject_26
-0.4483265302665725,-1.0,2.0,0.0,0.0,0.0,1,subject_26
-0.4483265302665725,-1.0,2.0,0.0,1.0,2.0,5,subject_26
-0.4483265302665725,-1.0,2.0,0.0,1.0,1.0,3,subject_26
-0.4483265302665725,-1.0,2.0,0.0,1.0,0.0,1,subject_26
-0.4483265302665725,-1.0,1.0,1.0,0.0,2.0,3,subject_26
-0.4483265302665725,-1.0,1.0,1.0,0.0,1.0,1,subject_26
-0.4483265302665725,-1.0,1.0,1.0,0.0,0.0,1,subject_26
-0.4483265302665725,-1.0,1.0,1.0,1.0,2.0,5,subject_26
-0.4483265302665725,-1.0,1.0,1.0,1.0,1.0,3,subject_26
-0.4483265302665725,-1.0,1.0,1.0,1.0,0.0,1,subject_26
-0.4483265302665725,-1.0,1.0,2.0,0.0,2.0,1,subject_26
-0.4483265302665725,-1.0,1.0,2.0,0.0,1.0,1,subject_26
-0.4483265302665725,-1.0,1.0,2.0,0.0,0.0,1,subject_26
-0.4483265302665725,-1.0,1.0,2.0,1.0,2.0,2,subject_26
-0.4483265302665725,-1.0,1.0,2.0,1.0,1.0,1,subject_26
-0.4483265302665725,-1.0,1.0,2.0,1.0,0.0,1,subject_26
-0.4483265302665725,-1.0,1.0,0.0,0.0,2.0,5,subject_26
-0.4483265302665725,-1.0,1.0,0.0,0.0,1.0,3,subject_26
-0.4483265302665725,-1.0,1.0,0.0,0.0,0.0,1,subject_26
-0.4483265302665725,-1.0,1.0,0.0,1.0,2.0,6,subject_26
-0.4483265302665725,-1.0,1.0,0.0,1.0,1.0,5,subject_26
-0.4483265302665725,-1.0,1.0,0.0,1.0,0.0,3,subject_26
-0.4483265302665725,-1.0,0.0,1.0,0.0,2.0,5,subject_26
-0.4483265302665725,-1.0,0.0,1.0,0.0,1.0,3,subject_26
-0.4483265302665725,-1.0,0.0,1.0,0.0,0.0,1,subject_26
-0.4483265302665725,-1.0,0.0,1.0,1.0,2.0,6,subject_26
-0.4483265302665725,-1.0,0.0,1.0,1.0,1.0,5,subject_26
-0.4483265302665725,-1.0,0.0,1.0,1.0,0.0,3,subject_26
-0.4483265302665725,-1.0,0.0,2.0,0.0,2.0,3,subject_26
-0.4483265302665725,-1.0,0.0,2.0,0.0,1.0,1,subject_26
-0.4483265302665725,-1.0,0.0,2.0,0.0,0.0,1,subject_26
-0.4483265302665725,-1.0,0.0,2.0,1.0,2.0,5,subject_26
-0.4483265302665725,-1.0,0.0,2.0,1.0,1.0,3,subject_26
-0.4483265302665725,-1.0,0.0,2.0,1.0,0.0,1,subject_26
-0.4483265302665725,-1.0,0.0,0.0,0.0,2.0,6,subject_26
-0.4483265302665725,-1.0,0.0,0.0,0.0,1.0,5,subject_26
-0.4483265302665725,-1.0,0.0,0.0,0.0,0.0,4,subject_26
-0.4483265302665725,-1.0,0.0,0.0,1.0,2.0,6,subject_26
-0.4483265302665725,-1.0,0.0,0.0,1.0,1.0,6,subject_26
-0.4483265302665725,-1.0,0.0,0.0,1.0,0.0,5,subject_26
-0.4483265302665725,1.0,2.0,1.0,0.0,2.0,1,subject_26
-0.4483265302665725,1.0,2.0,1.0,0.0,1.0,1,subject_26
-0.4483265302665725,1.0,2.0,1.0,0.0,0.0,1,subject_26
-0.4483265302665725,1.0,2.0,1.0,1.0,2.0,3,subject_26
-0.4483265302665725,1.0,2.0,1.0,1.0,1.0,1,subject_26
-0.4483265302665725,1.0,2.0,1.0,1.0,0.0,1,subject_26
-0.4483265302665725,1.0,2.0,2.0,0.0,2.0,1,subject_26
-0.4483265302665725,1.0,2.0,2.0,0.0,1.0,1,subject_26
-0.4483265302665725,1.0,2.0,2.0,0.0,0.0,1,subject_26
-0.4483265302665725,1.0,2.0,2.0,1.0,2.0,1,subject_26
-0.4483265302665725,1.0,2.0,2.0,1.0,1.0,1,subject_26
-0.4483265302665725,1.0,2.0,2.0,1.0,0.0,1,subject_26
-0.4483265302665725,1.0,2.0,0.0,0.0,2.0,3,subject_26
-0.4483265302665725,1.0,2.0,0.0,0.0,1.0,1,subject_26
-0.4483265302665725,1.0,2.0,0.0,0.0,0.0,1,subject_26
-0.4483265302665725,1.0,2.0,0.0,1.0,2.0,5,subject_26
-0.4483265302665725,1.0,2.0,0.0,1.0,1.0,3,subject_26
-0.4483265302665725,1.0,2.0,0.0,1.0,0.0,1,subject_26
-0.4483265302665725,1.0,1.0,1.0,0.0,2.0,3,subject_26
-0.4483265302665725,1.0,1.0,1.0,0.0,1.0,1,subject_26
-0.4483265302665725,1.0,1.0,1.0,0.0,0.0,1,subject_26
-0.4483265302665725,1.0,1.0,1.0,1.0,2.0,5,subject_26
-0.4483265302665725,1.0,1.0,1.0,1.0,1.0,3,subject_26
-0.4483265302665725,1.0,1.0,1.0,1.0,0.0,1,subject_26
-0.4483265302665725,1.0,1.0,2.0,0.0,2.0,1,subject_26
-0.4483265302665725,1.0,1.0,2.0,0.0,1.0,1,subject_26
-0.4483265302665725,1.0,1.0,2.0,0.0,0.0,1,subject_26
-0.4483265302665725,1.0,1.0,2.0,1.0,2.0,3,subject_26
-0.4483265302665725,1.0,1.0,2.0,1.0,1.0,1,subject_26
-0.4483265302665725,1.0,1.0,2.0,1.0,0.0,1,subject_26
-0.4483265302665725,1.0,1.0,0.0,0.0,2.0,5,subject_26
-0.4483265302665725,1.0,1.0,0.0,0.0,1.0,3,subject_26
-0.4483265302665725,1.0,1.0,0.0,0.0,0.0,1,subject_26
-0.4483265302665725,1.0,1.0,0.0,1.0,2.0,6,subject_26
-0.4483265302665725,1.0,1.0,0.0,1.0,1.0,5,subject_26
-0.4483265302665725,1.0,1.0,0.0,1.0,0.0,3,subject_26
-0.4483265302665725,1.0,0.0,1.0,0.0,2.0,5,subject_26
-0.4483265302665725,1.0,0.0,1.0,0.0,1.0,3,subject_26
-0.4483265302665725,1.0,0.0,1.0,0.0,0.0,1,subject_26
-0.4483265302665725,1.0,0.0,1.0,1.0,2.0,6,subject_26
-0.4483265302665725,1.0,0.0,1.0,1.0,1.0,5,subject_26
-0.4483265302665725,1.0,0.0,1.0,1.0,0.0,3,subject_26
-0.4483265302665725,1.0,0.0,2.0,0.0,2.0,3,subject_26
-0.4483265302665725,1.0,0.0,2.0,0.0,1.0,1,subject_26
-0.4483265302665725,1.0,0.0,2.0,0.0,0.0,1,subject_26
-0.4483265302665725,1.0,0.0,2.0,1.0,2.0,5,subject_26
-0.4483265302665725,1.0,0.0,2.0,1.0,1.0,3,subject_26
-0.4483265302665725,1.0,0.0,2.0,1.0,0.0,1,subject_26
-0.4483265302665725,1.0,0.0,0.0,0.0,2.0,6,subject_26
-0.4483265302665725,1.0,0.0,0.0,0.0,1.0,6,subject_26
-0.4483265302665725,1.0,0.0,0.0,0.0,0.0,4,subject_26
-0.4483265302665725,1.0,0.0,0.0,1.0,2.0,6,subject_26
-0.4483265302665725,1.0,0.0,0.0,1.0,1.0,6,subject_26
-0.4483265302665725,1.0,0.0,0.0,1.0,0.0,6,subject_26
1.3857365480966777,-1.0,2.0,1.0,0.0,2.0,1,subject_26
1.3857365480966777,-1.0,2.0,1.0,0.0,1.0,1,subject_26
1.3857365480966777,-1.0,2.0,1.0,0.0,0.0,1,subject_26
1.3857365480966777,-1.0,2.0,1.0,1.0,2.0,1,subject_26
1.3857365480966777,-1.0,2.0,1.0,1.0,1.0,1,subject_26
1.3857365480966777,-1.0,2.0,1.0,1.0,0.0,1,subject_26
1.3857365480966777,-1.0,2.0,2.0,0.0,2.0,1,subject_26
1.3857365480966777,-1.0,2.0,2.0,0.0,1.0,1,subject_26
1.3857365480966777,-1.0,2.0,2.0,0.0,0.0,1,subject_26
1.3857365480966777,-1.0,2.0,2.0,1.0,2.0,1,subject_26
1.3857365480966777,-1.0,2.0,2.0,1.0,1.0,1,subject_26
1.3857365480966777,-1.0,2.0,2.0,1.0,0.0,1,subject_26
1.3857365480966777,-1.0,2.0,0.0,0.0,2.0,1,subject_26
1.3857365480966777,-1.0,2.0,0.0,0.0,1.0,1,subject_26
1.3857365480966777,-1.0,2.0,0.0,0.0,0.0,1,subject_26
1.3857365480966777,-1.0,2.0,0.0,1.0,2.0,3,subject_26
1.3857365480966777,-1.0,2.0,0.0,1.0,1.0,1,subject_26
1.3857365480966777,-1.0,2.0,0.0,1.0,0.0,1,subject_26
1.3857365480966777,-1.0,1.0,1.0,0.0,2.0,1,subject_26
1.3857365480966777,-1.0,1.0,1.0,0.0,1.0,1,subject_26
1.3857365480966777,-1.0,1.0,1.0,0.0,0.0,1,subject_26
1.3857365480966777,-1.0,1.0,1.0,1.0,2.0,3,subject_26
1.3857365480966777,-1.0,1.0,1.0,1.0,1.0,1,subject_26
1.3857365480966777,-1.0,1.0,1.0,1.0,0.0,1,subject_26
1.3857365480966777,-1.0,1.0,2.0,0.0,2.0,1,subject_26
1.3857365480966777,-1.0,1.0,2.0,0.0,1.0,1,subject_26
1.3857365480966777,-1.0,1.0,2.0,0.0,0.0,1,subject_26
1.3857365480966777,-1.0,1.0,2.0,1.0,2.0,1,subject_26
1.3857365480966777,-1.0,1.0,2.0,1.0,1.0,1,subject_26
1.3857365480966777,-1.0,1.0,2.0,1.0,0.0,1,subject_26
1.3857365480966777,-1.0,1.0,0.0,0.0,2.0,3,subject_26
1.3857365480966777,-1.0,1.0,0.0,0.0,1.0,1,subject_26
1.3857365480966777,-1.0,1.0,0.0,0.0,0.0,1,subject_26
1.3857365480966777,-1.0,1.0,0.0,1.0,2.0,5,subject_26
1.3857365480966777,-1.0,1.0,0.0,1.0,1.0,3,subject_26
1.3857365480966777,-1.0,1.0,0.0,1.0,0.0,1,subject_26
1.3857365480966777,-1.0,0.0,1.0,0.0,2.0,3,subject_26
1.3857365480966777,-1.0,0.0,1.0,0.0,1.0,1,subject_26
1.3857365480966777,-1.0,0.0,1.0,0.0,0.0,1,subject_26
1.3857365480966777,-1.0,0.0,1.0,1.0,2.0,5,subject_26
1.3857365480966777,-1.0,0.0,1.0,1.0,1.0,3,subject_26
1.3857365480966777,-1.0,0.0,1.0,1.0,0.0,1,subject_26
1.3857365480966777,-1.0,0.0,2.0,0.0,2.0,1,subject_26
1.3857365480966777,-1.0,0.0,2.0,0.0,1.0,1,subject_26
1.3857365480966777,-1.0,0.0,2.0,0.0,0.0,1,subject_26
1.3857365480966777,-1.0,0.0,2.0,1.0,2.0,3,subject_26
1.3857365480966777,-1.0,0.0,2.0,1.0,1.0,1,subject_26
1.3857365480966777,-1.0,0.0,2.0,1.0,0.0,1,subject_26
1.3857365480966777,-1.0,0.0,0.0,0.0,2.0,5,subject_26
1.3857365480966777,-1.0,0.0,0.0,0.0,1.0,4,subject_26
1.3857365480966777,-1.0,0.0,0.0,0.0,0.0,2,subject_26
1.3857365480966777,-1.0,0.0,0.0,1.0,2.0,6,subject_26
1.3857365480966777,-1.0,0.0,0.0,1.0,1.0,6,subject_26
1.3857365480966777,-1.0,0.0,0.0,1.0,0.0,4,subject_26
1.3857365480966777,1.0,2.0,1.0,0.0,2.0,2,subject_26
1.3857365480966777,1.0,2.0,1.0,0.0,1.0,1,subject_26
1.3857365480966777,1.0,2.0,1.0,0.0,0.0,1,subject_26
1.3857365480966777,1.0,2.0,1.0,1.0,2.0,4,subject_26
1.3857365480966777,1.0,2.0,1.0,1.0,1.0,2,subject_26
1.3857365480966777,1.0,2.0,1.0,1.0,0.0,1,subject_26
1.3857365480966777,1.0,2.0,2.0,0.0,2.0,1,subject_26
1.3857365480966777,1.0,2.0,2.0,0.0,1.0,1,subject_26
1.3857365480966777,1.0,2.0,2.0,0.0,0.0,1,subject_26
1.3857365480966777,1.0,2.0,2.0,1.0,2.0,2,subject_26
1.3857365480966777,1.0,2.0,2.0,1.0,1.0,1,subject_26
1.3857365480966777,1.0,2.0,2.0,1.0,0.0,1,subject_26
1.3857365480966777,1.0,2.0,0.0,0.0,2.0,4,subject_26
1.3857365480966777,1.0,2.0,0.0,0.0,1.0,2,subject_26
1.3857365480966777,1.0,2.0,0.0,0.0,0.0,1,subject_26
1.3857365480966777,1.0,2.0,0.0,1.0,2.0,6,subject_26
1.3857365480966777,1.0,2.0,0.0,1.0,1.0,4,subject_26
1.3857365480966777,1.0,2.0,0.0,1.0,0.0,2,subject_26
1.3857365480966777,1.0,1.0,1.0,0.0,2.0,4,subject_26
1.3857365480966777,1.0,1.0,1.0,0.0,1.0,2,subject_26
1.3857365480966777,1.0,1.0,1.0,0.0,0.0,1,subject_26
1.3857365480966777,1.0,1.0,1.0,1.0,2.0,6,subject_26
1.3857365480966777,1.0,1.0,1.0,1.0,1.0,4,subject_26
1.3857365480966777,1.0,1.0,1.0,1.0,0.0,2,subject_26
1.3857365480966777,1.0,1.0,2.0,0.0,2.0,2,subject_26
1.3857365480966777,1.0,1.0,2.0,0.0,1.0,1,subject_26
1.3857365480966777,1.0,1.0,2.0,0.0,0.0,1,subject_26
1.3857365480966777,1.0,1.0,2.0,1.0,2.0,4,subject_26
1.3857365480966777,1.0,1.0,2.0,1.0,1.0,2,subject_26
1.3857365480966777,1.0,1.0,2.0,1.0,0.0,1,subject_26
1.3857365480966777,1.0,1.0,0.0,0.0,2.0,6,subject_26
1.3857365480966777,1.0,1.0,0.0,0.0,1.0,5,subject_26
1.3857365480966777,1.0,1.0,0.0,0.0,0.0,2,subject_26
1.3857365480966777,1.0,1.0,0.0,1.0,2.0,6,subject_26
1.3857365480966777,1.0,1.0,0.0,1.0,1.0,6,subject_26
1.3857365480966777,1.0,1.0,0.0,1.0,0.0,5,subject_26
1.3857365480966777,1.0,0.0,1.0,0.0,2.0,6,subject_26
1.3857365480966777,1.0,0.0,1.0,0.0,1.0,5,subject_26
1.3857365480966777,1.0,0.0,1.0,0.0,0.0,2,subject_26
1.3857365480966777,1.0,0.0,1.0,1.0,2.0,6,subject_26
1.3857365480966777,1.0,0.0,1.0,1.0,1.0,6,subject_26
1.3857365480966777,1.0,0.0,1.0,1.0,0.0,5,subject_26
1.3857365480966777,1.0,0.0,2.0,0.0,2.0,4,subject_26
1.3857365480966777,1.0,0.0,2.0,0.0,1.0,2,subject_26
1.3857365480966777,1.0,0.0,2.0,0.0,0.0,1,subject_26
1.3857365480966777,1.0,0.0,2.0,1.0,2.0,6,subject_26
1.3857365480966777,1.0,0.0,2.0,1.0,1.0,4,subject_26
1.3857365480966777,1.0,0.0,2.0,1.0,0.0,2,subject_26
1.3857365480966777,1.0,0.0,0.0,0.0,2.0,6,subject_26
1.3857365480966777,1.0,0.0,0.0,0.0,1.0,6,subject_26
1.3857365480966777,1.0,0.0,0.0,0.0,0.0,5,subject_26
1.3857365480966777,1.0,0.0,0.0,1.0,2.0,6,subject_26
1.3857365480966777,1.0,0.0,0.0,1.0,1.0,6,subject_26
1.3857365480966777,1.0,0.0,0.0,1.0,0.0,6,subject_26
-0.937410017830106,-1.0,2.0,1.0,0.0,2.0,2,subject_27
-0.937410017830106,-1.0,2.0,1.0,0.0,1.0,1,subject_27
-0.937410017830106,-1.0,2.0,1.0,0.0,0.0,1,subject_27
-0.937410017830106,-1.0,2.0,1.0,1.0,2.0,4,subject_27
-0.937410017830106,-1.0,2.0,1.0,1.0,1.0,2,subject_27
-0.937410017830106,-1.0,2.0,1.0,1.0,0.0,1,subject_27
-0.937410017830106,-1.0,2.0,2.0,0.0,2.0,1,subject_27
-0.937410017830106,-1.0,2.0,2.0,0.0,1.0,1,subject_27
-0.937410017830106,-1.0,2.0,2.0,0.0,0.0,1,subject_27
-0.937410017830106,-1.0,2.0,2.0,1.0,2.0,2,subject_27
-0.937410017830106,-1.0,2.0,2.0,1.0,1.0,1,subject_27
-0.937410017830106,-1.0,2.0,2.0,1.0,0.0,1,subject_27
-0.937410017830106,-1.0,2.0,0.0,0.0,2.0,5,subject_27
-0.937410017830106,-1.0,2.0,0.0,0.0,1.0,3,subject_27
-0.937410017830106,-1.0,2.0,0.0,0.0,0.0,1,subject_27
-0.937410017830106,-1.0,2.0,0.0,1.0,2.0,6,subject_27
-0.937410017830106,-1.0,2.0,0.0,1.0,1.0,4,subject_27
-0.937410017830106,-1.0,2.0,0.0,1.0,0.0,2,subject_27
-0.937410017830106,-1.0,1.0,1.0,0.0,2.0,4,subject_27
-0.937410017830106,-1.0,1.0,1.0,0.0,1.0,2,subject_27
-0.937410017830106,-1.0,1.0,1.0,0.0,0.0,1,subject_27
-0.937410017830106,-1.0,1.0,1.0,1.0,2.0,6,subject_27
-0.937410017830106,-1.0,1.0,1.0,1.0,1.0,4,subject_27
-0.937410017830106,-1.0,1.0,1.0,1.0,0.0,2,subject_27
-0.937410017830106,-1.0,1.0,2.0,0.0,2.0,2,subject_27
-0.937410017830106,-1.0,1.0,2.0,0.0,1.0,1,subject_27
-0.937410017830106,-1.0,1.0,2.0,0.0,0.0,1,subject_27
-0.937410017830106,-1.0,1.0,2.0,1.0,2.0,4,subject_27
-0.937410017830106,-1.0,1.0,2.0,1.0,1.0,2,subject_27
-0.937410017830106,-1.0,1.0,2.0,1.0,0.0,1,subject_27
-0.937410017830106,-1.0,1.0,0.0,0.0,2.0,6,subject_27
-0.937410017830106,-1.0,1.0,0.0,0.0,1.0,5,subject_27
-0.937410017830106,-1.0,1.0,0.0,0.0,0.0,3,subject_27
-0.937410017830106,-1.0,1.0,0.0,1.0,2.0,6,subject_27
-0.937410017830106,-1.0,1.0,0.0,1.0,1.0,6,subject_27
-0.937410017830106,-1.0,1.0,0.0,1.0,0.0,4,subject_27
-0.937410017830106,-1.0,0.0,1.0,0.0,2.0,6,subject_27
-0.937410017830106,-1.0,0.0,1.0,0.0,1.0,4,subject_27
-0.937410017830106,-1.0,0.0,1.0,0.0,0.0,2,subject_27
-0.937410017830106,-1.0,0.0,1.0,1.0,2.0,6,subject_27
-0.937410017830106,-1.0,0.0,1.0,1.0,1.0,6,subject_27
-0.937410017830106,-1.0,0.0,1.0,1.0,0.0,4,subject_27
-0.937410017830106,-1.0,0.0,2.0,0.0,2.0,4,subject_27
-0.937410017830106,-1.0,0.0,2.0,0.0,1.0,2,subject_27
-0.937410017830106,-1.0,0.0,2.0,0.0,0.0,1,subject_27
-0.937410017830106,-1.0,0.0,2.0,1.0,2.0,6,subject_27
-0.937410017830106,-1.0,0.0,2.0,1.0,1.0,4,subject_27
-0.937410017830106,-1.0,0.0,2.0,1.0,0.0,2,subject_27
-0.937410017830106,-1.0,0.0,0.0,0.0,2.0,6,subject_27
-0.937410017830106,-1.0,0.0,0.0,0.0,1.0,6,subject_27
-0.937410017830106,-1.0,0.0,0.0,0.0,0.0,5,subject_27
-0.937410017830106,-1.0,0.0,0.0,1.0,2.0,6,subject_27
-0.937410017830106,-1.0,0.0,0.0,1.0,1.0,6,subject_27
-0.937410017830106,-1.0,0.0,0.0,1.0,0.0,6,subject_27
-0.937410017830106,1.0,2.0,1.0,0.0,2.0,1,subject_27
-0.937410017830106,1.0,2.0,1.0,0.0,1.0,1,subject_27
-0.937410017830106,1.0,2.0,1.0,0.0,0.0,1,subject_27
-0.937410017830106,1.0,2.0,1.0,1.0,2.0,3,subject_27
-0.937410017830106,1.0,2.0,1.0,1.0,1.0,1,subject_27
-0.937410017830106,1.0,2.0,1.0,1.0,0.0,1,subject_27
-0.937410017830106,1.0,2.0,2.0,0.0,2.0,1,subject_27
-0.937410017830106,1.0,2.0,2.0,0.0,1.0,1,subject_27
-0.937410017830106,1.0,2.0,2.0,0.0,0.0,1,subject_27
-0.937410017830106,1.0,2.0,2.0,1.0,2.0,1,subject_27
-0.937410017830106,1.0,2.0,2.0,1.0,1.0,1,subject_27
-0.937410017830106,1.0,2.0,2.0,1.0,0.0,1,subject_27
-0.937410017830106,1.0,2.0,0.0,0.0,2.0,3,subject_27
-0.937410017830106,1.0,2.0,0.0,0.0,1.0,2,subject_27
-0.937410017830106,1.0,2.0,0.0,0.0,0.0,1,subject_27
-0.937410017830106,1.0,2.0,0.0,1.0,2.0,5,subject_27
-0.937410017830106,1.0,2.0,0.0,1.0,1.0,3,subject_27
-0.937410017830106,1.0,2.0,0.0,1.0,0.0,1,subject_27
-0.937410017830106,1.0,1.0,1.0,0.0,2.0,3,subject_27
-0.937410017830106,1.0,1.0,1.0,0.0,1.0,2,subject_27
-0.937410017830106,1.0,1.0,1.0,0.0,0.0,1,subject_27
-0.937410017830106,1.0,1.0,1.0,1.0,2.0,5,subject_27
-0.937410017830106,1.0,1.0,1.0,1.0,1.0,3,subject_27
-0.937410017830106,1.0,1.0,1.0,1.0,0.0,1,subject_27
-0.937410017830106,1.0,1.0,2.0,0.0,2.0,1,subject_27
-0.937410017830106,1.0,1.0,2.0,0.0,1.0,1,subject_27
-0.937410017830106,1.0,1.0,2.0,0.0,0.0,1,subject_27
-0.937410017830106,1.0,1.0,2.0,1.0,2.0,3,subject_27
-0.937410017830106,1.0,1.0,2.0,1.0,1.0,1,subject_27
-0.937410017830106,1.0,1.0,2.0,1.0,0.0,1,subject_27
-0.937410017830106,1.0,1.0,0.0,0.0,2.0,5,subject_27
-0.937410017830106,1.0,1.0,0.0,0.0,1.0,3,subject_27
-0.937410017830106,1.0,1.0,0.0,0.0,0.0,2,subject_27
-0.937410017830106,1.0,1.0,0.0,1.0,2.0,6,subject_27
-0.937410017830106,1.0,1.0,0.0,1.0,1.0,5,subject_27
-0.937410017830106,1.0,1.0,0.0,1.0,0.0,3,subject_27
-0.937410017830106,1.0,0.0,1.0,0.0,2.0,5,subject_27
-0.937410017830106,1.0,0.0,1.0,0.0,1.0,3,subject_27
-0.937410017830106,1.0,0.0,1.0,0.0,0.0,2,subject_27
-0.937410017830106,1.0,0.0,1.0,1.0,2.0,6,subject_27
-0.937410017830106,1.0,0.0,1.0,1.0,1.0,5,subject_27
-0.937410017830106,1.0,0.0,1.0,1.0,0.0,3,subject_27
-0.937410017830106,1.0,0.0,2.0,0.0,2.0,3,subject_27
-0.937410017830106,1.0,0.0,2.0,0.0,1.0,1,subject_27
-0.937410017830106,1.0,0.0,2.0,0.0,0.0,1,subject_27
-0.937410017830106,1.0,0.0,2.0,1.0,2.0,5,subject_27
-0.937410017830106,1.0,0.0,2.0,1.0,1.0,3,subject_27
-0.937410017830106,1.0,0.0,2.0,1.0,0.0,1,subject_27
-0.937410017830106,1.0,0.0,0.0,0.0,2.0,6,subject_27
-0.937410017830106,1.0,0.0,0.0,0.0,1.0,5,subject_27
-0.937410017830106,1.0,0.0,0.0,0.0,0.0,3,subject_27
-0.937410017830106,1.0,0.0,0.0,1.0,2.0,6,subject_27
-0.937410017830106,1.0,0.0,0.0,1.0,1.0,6,subject_27
-0.937410017830106,1.0,0.0,0.0,1.0,0.0,5,subject_27
-0.4483265302665725,-1.0,2.0,1.0,0.0,2.0,2,subject_27
-0.4483265302665725,-1.0,2.0,1.0,0.0,1.0,1,subject_27
-0.4483265302665725,-1.0,2.0,1.0,0.0,0.0,1,subject_27
-0.4483265302665725,-1.0,2.0,1.0,1.0,2.0,3,subject_27
-0.4483265302665725,-1.0,2.0,1.0,1.0,1.0,2,subject_27
-0.4483265302665725,-1.0,2.0,1.0,1.0,0.0,1,subject_27
-0.4483265302665725,-1.0,2.0,2.0,0.0,2.0,1,subject_27
-0.4483265302665725,-1.0,2.0,2.0,0.0,1.0,1,subject_27
-0.4483265302665725,-1.0,2.0,2.0,0.0,0.0,1,subject_27
-0.4483265302665725,-1.0,2.0,2.0,1.0,2.0,2,subject_27
-0.4483265302665725,-1.0,2.0,2.0,1.0,1.0,1,subject_27
-0.4483265302665725,-1.0,2.0,2.0,1.0,0.0,1,subject_27
-0.4483265302665725,-1.0,2.0,0.0,0.0,2.0,4,subject_27
-0.4483265302665725,-1.0,2.0,0.0,0.0,1.0,2,subject_27
-0.4483265302665725,-1.0,2.0,0.0,0.0,0.0,1,subject_27
-0.4483265302665725,-1.0,2.0,0.0,1.0,2.0,5,subject_27
-0.4483265302665725,-1.0,2.0,0.0,1.0,1.0,3,subject_27
-0.4483265302665725,-1.0,2.0,0.0,1.0,0.0,2,subject_27
-0.4483265302665725,-1.0,1.0,1.0,0.0,2.0,4,subject_27
-0.4483265302665725,-1.0,1.0,1.0,0.0,1.0,2,subject_27
-0.4483265302665725,-1.0,1.0,1.0,0.0,0.0,1,subject_27
-0.4483265302665725,-1.0,1.0,1.0,1.0,2.0,5,subject_27
-0.4483265302665725,-1.0,1.0,1.0,1.0,1.0,3,subject_27
-0.4483265302665725,-1.0,1.0,1.0,1.0,0.0,2,subject_27
-0.4483265302665725,-1.0,1.0,2.0,0.0,2.0,2,subject_27
-0.4483265302665725,-1.0,1.0,2.0,0.0,1.0,1,subject_27
-0.4483265302665725,-1.0,1.0,2.0,0.0,0.0,1,subject_27
-0.4483265302665725,-1.0,1.0,2.0,1.0,2.0,3,subject_27
-0.4483265302665725,-1.0,1.0,2.0,1.0,1.0,2,subject_27
-0.4483265302665725,-1.0,1.0,2.0,1.0,0.0,1,subject_27
-0.4483265302665725,-1.0,1.0,0.0,0.0,2.0,6,subject_27
-0.4483265302665725,-1.0,1.0,0.0,0.0,1.0,4,subject_27
-0.4483265302665725,-1.0,1.0,0.0,0.0,0.0,2,subject_27
-0.4483265302665725,-1.0,1.0,0.0,1.0,2.0,6,subject_27
-0.4483265302665725,-1.0,1.0,0.0,1.0,1.0,5,subject_27
-0.4483265302665725,-1.0,1.0,0.0,1.0,0.0,4,subject_27
-0.4483265302665725,-1.0,0.0,1.0,0.0,2.0,5,subject_27
-0.4483265302665725,-1.0,0.0,1.0,0.0,1.0,4,subject_27
-0.4483265302665725,-1.0,0.0,1.0,0.0,0.0,2,subject_27
-0.4483265302665725,-1.0,0.0,1.0,1.0,2.0,6,subject_27
-0.4483265302665725,-1.0,0.0,1.0,1.0,1.0,5,subject_27
-0.4483265302665725,-1.0,0.0,1.0,1.0,0.0,3,subject_27
-0.4483265302665725,-1.0,0.0,2.0,0.0,2.0,3,subject_27
-0.4483265302665725,-1.0,0.0,2.0,0.0,1.0,2,subject_27
-0.4483265302665725,-1.0,0.0,2.0,0.0,0.0,1,subject_27
-0.4483265302665725,-1.0,0.0,2.0,1.0,2.0,5,subject_27
-0.4483265302665725,-1.0,0.0,2.0,1.0,1.0,3,subject_27
-0.4483265302665725,-1.0,0.0,2.0,1.0,0.0,2,subject_27
-0.4483265302665725,-1.0,0.0,0.0,0.0,2.0,6,subject_27
-0.4483265302665725,-1.0,0.0,0.0,0.0,1.0,6,subject_27
-0.4483265302665725,-1.0,0.0,0.0,0.0,0.0,4,subject_27
-0.4483265302665725,-1.0,0.0,0.0,1.0,2.0,6,subject_27
-0.4483265302665725,-1.0,0.0,0.0,1.0,1.0,6,subject_27
-0.4483265302665725,-1.0,0.0,0.0,1.0,0.0,5,subject_27
-0.4483265302665725,1.0,2.0,1.0,0.0,2.0,2,subject_27
-0.4483265302665725,1.0,2.0,1.0,0.0,1.0,1,subject_27
-0.4483265302665725,1.0,2.0,1.0,0.0,0.0,1,subject_27
-0.4483265302665725,1.0,2.0,1.0,1.0,2.0,3,subject_27
-0.4483265302665725,1.0,2.0,1.0,1.0,1.0,1,subject_27
-0.4483265302665725,1.0,2.0,1.0,1.0,0.0,1,subject_27
-0.4483265302665725,1.0,2.0,2.0,0.0,2.0,1,subject_27
-0.4483265302665725,1.0,2.0,2.0,0.0,1.0,1,subject_27
-0.4483265302665725,1.0,2.0,2.0,0.0,0.0,1,subject_27
-0.4483265302665725,1.0,2.0,2.0,1.0,2.0,1,subject_27
-0.4483265302665725,1.0,2.0,2.0,1.0,1.0,1,subject_27
-0.4483265302665725,1.0,2.0,2.0,1.0,0.0,1,subject_27
-0.4483265302665725,1.0,2.0,0.0,0.0,2.0,4,subject_27
-0.4483265302665725,1.0,2.0,0.0,0.0,1.0,2,subject_27
-0.4483265302665725,1.0,2.0,0.0,0.0,0.0,1,subject_27
-0.4483265302665725,1.0,2.0,0.0,1.0,2.0,5,subject_27
-0.4483265302665725,1.0,2.0,0.0,1.0,1.0,3,subject_27
-0.4483265302665725,1.0,2.0,0.0,1.0,0.0,2,subject_27
-0.4483265302665725,1.0,1.0,1.0,0.0,2.0,3,subject_27
-0.4483265302665725,1.0,1.0,1.0,0.0,1.0,2,subject_27
-0.4483265302665725,1.0,1.0,1.0,0.0,0.0,1,subject_27
-0.4483265302665725,1.0,1.0,1.0,1.0,2.0,5,subject_27
-0.4483265302665725,1.0,1.0,1.0,1.0,1.0,3,subject_27
-0.4483265302665725,1.0,1.0,1.0,1.0,0.0,1,subject_27
-0.4483265302665725,1.0,1.0,2.0,0.0,2.0,1,subject_27
-0.4483265302665725,1.0,1.0,2.0,0.0,1.0,1,subject_27
-0.4483265302665725,1.0,1.0,2.0,0.0,0.0,1,subject_27
-0.4483265302665725,1.0,1.0,2.0,1.0,2.0,3,subject_27
-0.4483265302665725,1.0,1.0,2.0,1.0,1.0,1,subject_27
-0.4483265302665725,1.0,1.0,2.0,1.0,0.0,1,subject_27
-0.4483265302665725,1.0,1.0,0.0,0.0,2.0,5,subject_27
-0.4483265302665725,1.0,1.0,0.0,0.0,1.0,4,subject_27
-0.4483265302665725,1.0,1.0,0.0,0.0,0.0,2,subject_27
-0.4483265302665725,1.0,1.0,0.0,1.0,2.0,6,subject_27
-0.4483265302665725,1.0,1.0,0.0,1.0,1.0,5,subject_27
-0.4483265302665725,1.0,1.0,0.0,1.0,0.0,3,subject_27
-0.4483265302665725,1.0,0.0,1.0,0.0,2.0,5,subject_27
-0.4483265302665725,1.0,0.0,1.0,0.0,1.0,3,subject_27
-0.4483265302665725,1.0,0.0,1.0,0.0,0.0,2,subject_27
-0.4483265302665725,1.0,0.0,1.0,1.0,2.0,6,subject_27
-0.4483265302665725,1.0,0.0,1.0,1.0,1.0,5,subject_27
-0.4483265302665725,1.0,0.0,1.0,1.0,0.0,3,subject_27
-0.4483265302665725,1.0,0.0,2.0,0.0,2.0,3,subject_27
-0.4483265302665725,1.0,0.0,2.0,0.0,1.0,1,subject_27
-0.4483265302665725,1.0,0.0,2.0,0.0,0.0,1,subject_27
-0.4483265302665725,1.0,0.0,2.0,1.0,2.0,5,subject_27
-0.4483265302665725,1.0,0.0,2.0,1.0,1.0,3,subject_27
-0.4483265302665725,1.0,0.0,2.0,1.0,0.0,1,subject_27
-0.4483265302665725,1.0,0.0,0.0,0.0,2.0,6,subject_27
-0.4483265302665725,1.0,0.0,0.0,0.0,1.0,5,subject_27
-0.4483265302665725,1.0,0.0,0.0,0.0,0.0,4,subject_27
-0.4483265302665725,1.0,0.0,0.0,1.0,2.0,6,subject_27
-0.4483265302665725,1.0,0.0,0.0,1.0,1.0,6,subject_27
-0.4483265302665725,1.0,0.0,0.0,1.0,0.0,5,subject_27
1.3857365480966777,-1.0,2.0,1.0,0.0,2.0,1,subject_27
1.3857365480966777,-1.0,2.0,1.0,0.0,1.0,1,subject_27
1.3857365480966777,-1.0,2.0,1.0,0.0,0.0,1,subject_27
1.3857365480966777,-1.0,2.0,1.0,1.0,2.0,1,subject_27
1.3857365480966777,-1.0,2.0,1.0,1.0,1.0,1,subject_27
1.3857365480966777,-1.0,2.0,1.0,1.0,0.0,1,subject_27
1.3857365480966777,-1.0,2.0,2.0,0.0,2.0,1,subject_27
1.3857365480966777,-1.0,2.0,2.0,0.0,1.0,1,subject_27
1.3857365480966777,-1.0,2.0,2.0,0.0,0.0,1,subject_27
1.3857365480966777,-1.0,2.0,2.0,1.0,2.0,1,subject_27
1.3857365480966777,-1.0,2.0,2.0,1.0,1.0,1,subject_27
1.3857365480966777,-1.0,2.0,2.0,1.0,0.0,1,subject_27
1.3857365480966777,-1.0,2.0,0.0,0.0,2.0,1,subject_27
1.3857365480966777,-1.0,2.0,0.0,0.0,1.0,1,subject_27
1.3857365480966777,-1.0,2.0,0.0,0.0,0.0,1,subject_27
1.3857365480966777,-1.0,2.0,0.0,1.0,2.0,3,subject_27
1.3857365480966777,-1.0,2.0,0.0,1.0,1.0,1,subject_27
1.3857365480966777,-1.0,2.0,0.0,1.0,0.0,1,subject_27
1.3857365480966777,-1.0,1.0,1.0,0.0,2.0,1,subject_27
1.3857365480966777,-1.0,1.0,1.0,0.0,1.0,1,subject_27
1.3857365480966777,-1.0,1.0,1.0,0.0,0.0,1,subject_27
1.3857365480966777,-1.0,1.0,1.0,1.0,2.0,2,subject_27
1.3857365480966777,-1.0,1.0,1.0,1.0,1.0,1,subject_27
1.3857365480966777,-1.0,1.0,1.0,1.0,0.0,1,subject_27
1.3857365480966777,-1.0,1.0,2.0,0.0,2.0,1,subject_27
1.3857365480966777,-1.0,1.0,2.0,0.0,1.0,1,subject_27
1.3857365480966777,-1.0,1.0,2.0,0.0,0.0,1,subject_27
1.3857365480966777,-1.0,1.0,2.0,1.0,2.0,1,subject_27
1.3857365480966777,-1.0,1.0,2.0,1.0,1.0,1,subject_27
1.3857365480966777,-1.0,1.0,2.0,1.0,0.0,1,subject_27
1.3857365480966777,-1.0,1.0,0.0,0.0,2.0,3,subject_27
1.3857365480966777,-1.0,1.0,0.0,0.0,1.0,1,subject_27
1.3857365480966777,-1.0,1.0,0.0,0.0,0.0,1,subject_27
1.3857365480966777,-1.0,1.0,0.0,1.0,2.0,5,subject_27
1.3857365480966777,-1.0,1.0,0.0,1.0,1.0,3,subject_27
1.3857365480966777,-1.0,1.0,0.0,1.0,0.0,1,subject_27
1.3857365480966777,-1.0,0.0,1.0,0.0,2.0,3,subject_27
1.3857365480966777,-1.0,0.0,1.0,0.0,1.0,1,subject_27
1.3857365480966777,-1.0,0.0,1.0,0.0,0.0,1,subject_27
1.3857365480966777,-1.0,0.0,1.0,1.0,2.0,5,subject_27
1.3857365480966777,-1.0,0.0,1.0,1.0,1.0,2,subject_27
1.3857365480966777,-1.0,0.0,1.0,1.0,0.0,1,subject_27
1.3857365480966777,-1.0,0.0,2.0,0.0,2.0,1,subject_27
1.3857365480966777,-1.0,0.0,2.0,0.0,1.0,1,subject_27
1.3857365480966777,-1.0,0.0,2.0,0.0,0.0,1,subject_27
1.3857365480966777,-1.0,0.0,2.0,1.0,2.0,2,subject_27
1.3857365480966777,-1.0,0.0,2.0,1.0,1.0,1,subject_27
1.3857365480966777,-1.0,0.0,2.0,1.0,0.0,1,subject_27
1.3857365480966777,-1.0,0.0,0.0,0.0,2.0,5,subject_27
1.3857365480966777,-1.0,0.0,0.0,0.0,1.0,3,subject_27
1.3857365480966777,-1.0,0.0,0.0,0.0,0.0,1,subject_27
1.3857365480966777,-1.0,0.0,0.0,1.0,2.0,6,subject_27
1.3857365480966777,-1.0,0.0,0.0,1.0,1.0,5,subject_27
1.3857365480966777,-1.0,0.0,0.0,1.0,0.0,3,subject_27
1.3857365480966777,1.0,2.0,1.0,0.0,2.0,2,subject_27
1.3857365480966777,1.0,2.0,1.0,0.0,1.0,1,subject_27
1.3857365480966777,1.0,2.0,1.0,0.0,0.0,1,subject_27
1.3857365480966777,1.0,2.0,1.0,1.0,2.0,4,subject_27
1.3857365480966777,1.0,2.0,1.0,1.0,1.0,2,subject_27
1.3857365480966777,1.0,2.0,1.0,1.0,0.0,1,subject_27
1.3857365480966777,1.0,2.0,2.0,0.0,2.0,1,subject_27
1.3857365480966777,1.0,2.0,2.0,0.0,1.0,1,subject_27
1.3857365480966777,1.0,2.0,2.0,0.0,0.0,1,subject_27
1.3857365480966777,1.0,2.0,2.0,1.0,2.0,2,subject_27
1.3857365480966777,1.0,2.0,2.0,1.0,1.0,1,subject_27
1.3857365480966777,1.0,2.0,2.0,1.0,0.0,1,subject_27
1.3857365480966777,1.0,2.0,0.0,0.0,2.0,4,subject_27
1.3857365480966777,1.0,2.0,0.0,0.0,1.0,2,subject_27
1.3857365480966777,1.0,2.0,0.0,0.0,0.0,1,subject_27
1.3857365480966777,1.0,2.0,0.0,1.0,2.0,6,subject_27
1.3857365480966777,1.0,2.0,0.0,1.0,1.0,4,subject_27
1.3857365480966777,1.0,2.0,0.0,1.0,0.0,2,subject_27
1.3857365480966777,1.0,1.0,1.0,0.0,2.0,4,subject_27
1.3857365480966777,1.0,1.0,1.0,0.0,1.0,2,subject_27
1.3857365480966777,1.0,1.0,1.0,0.0,0.0,1,subject_27
1.3857365480966777,1.0,1.0,1.0,1.0,2.0,5,subject_27
1.3857365480966777,1.0,1.0,1.0,1.0,1.0,4,subject_27
1.3857365480966777,1.0,1.0,1.0,1.0,0.0,2,subject_27
1.3857365480966777,1.0,1.0,2.0,0.0,2.0,2,subject_27
1.3857365480966777,1.0,1.0,2.0,0.0,1.0,1,subject_27
1.3857365480966777,1.0,1.0,2.0,0.0,0.0,1,subject_27
1.3857365480966777,1.0,1.0,2.0,1.0,2.0,4,subject_27
1.3857365480966777,1.0,1.0,2.0,1.0,1.0,2,subject_27
1.3857365480966777,1.0,1.0,2.0,1.0,0.0,1,subject_27
1.3857365480966777,1.0,1.0,0.0,0.0,2.0,6,subject_27
1.3857365480966777,1.0,1.0,0.0,0.0,1.0,4,subject_27
1.3857365480966777,1.0,1.0,0.0,0.0,0.0,2,subject_27
1.3857365480966777,1.0,1.0,0.0,1.0,2.0,6,subject_27
1.3857365480966777,1.0,1.0,0.0,1.0,1.0,6,subject_27
1.3857365480966777,1.0,1.0,0.0,1.0,0.0,4,subject_27
1.3857365480966777,1.0,0.0,1.0,0.0,2.0,6,subject_27
1.3857365480966777,1.0,0.0,1.0,0.0,1.0,4,subject_27
1.3857365480966777,1.0,0.0,1.0,0.0,0.0,2,subject_27
1.3857365480966777,1.0,0.0,1.0,1.0,2.0,6,subject_27
1.3857365480966777,1.0,0.0,1.0,1.0,1.0,5,subject_27
1.3857365480966777,1.0,0.0,1.0,1.0,0.0,4,subject_27
1.3857365480966777,1.0,0.0,2.0,0.0,2.0,4,subject_27
1.3857365480966777,1.0,0.0,2.0,0.0,1.0,2,subject_27
1.3857365480966777,1.0,0.0,2.0,0.0,0.0,1,subject_27
1.3857365480966777,1.0,0.0,2.0,1.0,2.0,5,subject_27
1.3857365480966777,1.0,0.0,2.0,1.0,1.0,4,subject_27
1.3857365480966777,1.0,0.0,2.0,1.0,0.0,2,subject_27
1.3857365480966777,1.0,0.0,0.0,0.0,2.0,6,subject_27
1.3857365480966777,1.0,0.0,0.0,0.0,1.0,6,subject_27
1.3857365480966777,1.0,0.0,0.0,0.0,0.0,4,subject_27
1.3857365480966777,1.0,0.0,0.0,1.0,2.0,6,subject_27
1.3857365480966777,1.0,0.0,0.0,1.0,1.0,6,subject_27
1.3857365480966777,1.0,0.0,0.0,1.0,0.0,6,subject_27
-0.937410017830106,-1.0,2.0,1.0,0.0,2.0,2,subject_28
-0.937410017830106,-1.0,2.0,1.0,0.0,1.0,1,subject_28
-0.937410017830106,-1.0,2.0,1.0,0.0,0.0,1,subject_28
-0.937410017830106,-1.0,2.0,1.0,1.0,2.0,4,subject_28
-0.937410017830106,-1.0,2.0,1.0,1.0,1.0,1,subject_28
-0.937410017830106,-1.0,2.0,1.0,1.0,0.0,1,subject_28
-0.937410017830106,-1.0,2.0,2.0,0.0,2.0,1,subject_28
-0.937410017830106,-1.0,2.0,2.0,0.0,1.0,1,subject_28
-0.937410017830106,-1.0,2.0,2.0,0.0,0.0,1,subject_28
-0.937410017830106,-1.0,2.0,2.0,1.0,2.0,1,subject_28
-0.937410017830106,-1.0,2.0,2.0,1.0,1.0,1,subject_28
-0.937410017830106,-1.0,2.0,2.0,1.0,0.0,1,subject_28
-0.937410017830106,-1.0,2.0,0.0,0.0,2.0,5,subject_28
-0.937410017830106,-1.0,2.0,0.0,0.0,1.0,3,subject_28
-0.937410017830106,-1.0,2.0,0.0,0.0,0.0,1,subject_28
-0.937410017830106,-1.0,2.0,0.0,1.0,2.0,6,subject_28
-0.937410017830106,-1.0,2.0,0.0,1.0,1.0,4,subject_28
-0.937410017830106,-1.0,2.0,0.0,1.0,0.0,1,subject_28
-0.937410017830106,-1.0,1.0,1.0,0.0,2.0,5,subject_28
-0.937410017830106,-1.0,1.0,1.0,0.0,1.0,2,subject_28
-0.937410017830106,-1.0,1.0,1.0,0.0,0.0,1,subject_28
-0.937410017830106,-1.0,1.0,1.0,1.0,2.0,6,subject_28
-0.937410017830106,-1.0,1.0,1.0,1.0,1.0,3,subject_28
-0.937410017830106,-1.0,1.0,1.0,1.0,0.0,1,subject_28
-0.937410017830106,-1.0,1.0,2.0,0.0,2.0,2,subject_28
-0.937410017830106,-1.0,1.0,2.0,0.0,1.0,1,subject_28
-0.937410017830106,-1.0,1.0,2.0,0.0,0.0,1,subject_28
-0.937410017830106,-1.0,1.0,2.0,1.0,2.0,3,subject_28
-0.937410017830106,-1.0,1.0,2.0,1.0,1.0,1,subject_28
-0.937410017830106,-1.0,1.0,2.0,1.0,0.0,1,subject_28
-0.937410017830106,-1.0,1.0,0.0,0.0,2.0,6,subject_28
-0.937410017830106,-1.0,1.0,0.0,0.0,1.0,5,subject_28
-0.937410017830106,-1.0,1.0,0.0,0.0,0.0,2,subject_28
-0.937410017830106,-1.0,1.0,0.0,1.0,2.0,6,subject_28
-0.937410017830106,-1.0,1.0,0.0,1.0,1.0,6,subject_28
-0.937410017830106,-1.0,1.0,0.0,1.0,0.0,3,subject_28
-0.937410017830106,-1.0,0.0,1.0,0.0,2.0,6,subject_28
-0.937410017830106,-1.0,0.0,1.0,0.0,1.0,5,subject_28
-0.937410017830106,-1.0,0.0,1.0,0.0,0.0,2,subject_28
-0.937410017830106,-1.0,0.0,1.0,1.0,2.0,6,subject_28
-0.937410017830106,-1.0,0.0,1.0,1.0,1.0,6,subject_28
-0.937410017830106,-1.0,0.0,1.0,1.0,0.0,3,subject_28
-0.937410017830106,-1.0,0.0,2.0,0.0,2.0,5,subject_28
-0.937410017830106,-1.0,0.0,2.0,0.0,1.0,2,subject_28
-0.937410017830106,-1.0,0.0,2.0,0.0,0.0,1,subject_28
-0.937410017830106,-1.0,0.0,2.0,1.0,2.0,6,subject_28
-0.937410017830106,-1.0,0.0,2.0,1.0,1.0,3,subject_28
-0.937410017830106,-1.0,0.0,2.0,1.0,0.0,1,subject_28
-0.937410017830106,-1.0,0.0,0.0,0.0,2.0,6,subject_28
-0.937410017830106,-1.0,0.0,0.0,0.0,1.0,6,subject_28
-0.937410017830106,-1.0,0.0,0.0,0.0,0.0,5,subject_28
-0.937410017830106,-1.0,0.0,0.0,1.0,2.0,6,subject_28
-0.937410017830106,-1.0,0.0,0.0,1.0,1.0,6,subject_28
-0.937410017830106,-1.0,0.0,0.0,1.0,0.0,6,subject_28
-0.937410017830106,1.0,2.0,1.0,0.0,2.0,2,subject_28
-0.937410017830106,1.0,2.0,1.0,0.0,1.0,1,subject_28
-0.937410017830106,1.0,2.0,1.0,0.0,0.0,1,subject_28
-0.937410017830106,1.0,2.0,1.0,1.0,2.0,3,subject_28
-0.937410017830106,1.0,2.0,1.0,1.0,1.0,1,subject_28
-0.937410017830106,1.0,2.0,1.0,1.0,0.0,1,subject_28
-0.937410017830106,1.0,2.0,2.0,0.0,2.0,1,subject_28
-0.937410017830106,1.0,2.0,2.0,0.0,1.0,1,subject_28
-0.937410017830106,1.0,2.0,2.0,0.0,0.0,1,subject_28
-0.937410017830106,1.0,2.0,2.0,1.0,2.0,1,subject_28
-0.937410017830106,1.0,2.0,2.0,1.0,1.0,1,subject_28
-0.937410017830106,1.0,2.0,2.0,1.0,0.0,1,subject_28
-0.937410017830106,1.0,2.0,0.0,0.0,2.0,4,subject_28
-0.937410017830106,1.0,2.0,0.0,0.0,1.0,2,subject_28
-0.937410017830106,1.0,2.0,0.0,0.0,0.0,1,subject_28
-0.937410017830106,1.0,2.0,0.0,1.0,2.0,5,subject_28
-0.937410017830106,1.0,2.0,0.0,1.0,1.0,3,subject_28
-0.937410017830106,1.0,2.0,0.0,1.0,0.0,1,subject_28
-0.937410017830106,1.0,1.0,1.0,0.0,2.0,4,subject_28
-0.937410017830106,1.0,1.0,1.0,0.0,1.0,1,subject_28
-0.937410017830106,1.0,1.0,1.0,0.0,0.0,1,subject_28
-0.937410017830106,1.0,1.0,1.0,1.0,2.0,5,subject_28
-0.937410017830106,1.0,1.0,1.0,1.0,1.0,2,subject_28
-0.937410017830106,1.0,1.0,1.0,1.0,0.0,1,subject_28
-0.937410017830106,1.0,1.0,2.0,0.0,2.0,1,subject_28
-0.937410017830106,1.0,1.0,2.0,0.0,1.0,1,subject_28
-0.937410017830106,1.0,1.0,2.0,0.0,0.0,1,subject_28
-0.937410017830106,1.0,1.0,2.0,1.0,2.0,2,subject_28
-0.937410017830106,1.0,1.0,2.0,1.0,1.0,1,subject_28
-0.937410017830106,1.0,1.0,2.0,1.0,0.0,1,subject_28
-0.937410017830106,1.0,1.0,0.0,0.0,2.0,6,subject_28
-0.937410017830106,1.0,1.0,0.0,0.0,1.0,4,subject_28
-0.937410017830106,1.0,1.0,0.0,0.0,0.0,1,subject_28
-0.937410017830106,1.0,1.0,0.0,1.0,2.0,6,subject_28
-0.937410017830106,1.0,1.0,0.0,1.0,1.0,5,subject_28
-0.937410017830106,1.0,1.0,0.0,1.0,0.0,2,subject_28
-0.937410017830106,1.0,0.0,1.0,0.0,2.0,6,subject_28
-0.937410017830106,1.0,0.0,1.0,0.0,1.0,3,subject_28
-0.937410017830106,1.0,0.0,1.0,0.0,0.0,1,subject_28
-0.937410017830106,1.0,0.0,1.0,1.0,2.0,6,subject_28
-0.937410017830106,1.0,0.0,1.0,1.0,1.0,5,subject_28
-0.937410017830106,1.0,0.0,1.0,1.0,0.0,2,subject_28
-0.937410017830106,1.0,0.0,2.0,0.0,2.0,3,subject_28
-0.937410017830106,1.0,0.0,2.0,0.0,1.0,1,subject_28
-0.937410017830106,1.0,0.0,2.0,0.0,0.0,1,subject_28
-0.937410017830106,1.0,0.0,2.0,1.0,2.0,5,subject_28
-0.937410017830106,1.0,0.0,2.0,1.0,1.0,2,subject_28
-0.937410017830106,1.0,0.0,2.0,1.0,0.0,1,subject_28
-0.937410017830106,1.0,0.0,0.0,0.0,2.0,6,subject_28
-0.937410017830106,1.0,0.0,0.0,0.0,1.0,6,subject_28
-0.937410017830106,1.0,0.0,0.0,0.0,0.0,4,subject_28
-0.937410017830106,1.0,0.0,0.0,1.0,2.0,6,subject_28
-0.937410017830106,1.0,0.0,0.0,1.0,1.0,6,subject_28
-0.937410017830106,1.0,0.0,0.0,1.0,0.0,5,subject_28
-0.4483265302665725,-1.0,2.0,1.0,0.0,2.0,2,subject_28
-0.4483265302665725,-1.0,2.0,1.0,0.0,1.0,1,subject_28
-0.4483265302665725,-1.0,2.0,1.0,0.0,0.0,1,subject_28
-0.4483265302665725,-1.0,2.0,1.0,1.0,2.0,3,subject_28
-0.4483265302665725,-1.0,2.0,1.0,1.0,1.0,1,subject_28
-0.4483265302665725,-1.0,2.0,1.0,1.0,0.0,1,subject_28
-0.4483265302665725,-1.0,2.0,2.0,0.0,2.0,1,subject_28
-0.4483265302665725,-1.0,2.0,2.0,0.0,1.0,1,subject_28
-0.4483265302665725,-1.0,2.0,2.0,0.0,0.0,1,subject_28
-0.4483265302665725,-1.0,2.0,2.0,1.0,2.0,1,subject_28
-0.4483265302665725,-1.0,2.0,2.0,1.0,1.0,1,subject_28
-0.4483265302665725,-1.0,2.0,2.0,1.0,0.0,1,subject_28
-0.4483265302665725,-1.0,2.0,0.0,0.0,2.0,5,subject_28
-0.4483265302665725,-1.0,2.0,0.0,0.0,1.0,2,subject_28
-0.4483265302665725,-1.0,2.0,0.0,0.0,0.0,1,subject_28
-0.4483265302665725,-1.0,2.0,0.0,1.0,2.0,6,subject_28
-0.4483265302665725,-1.0,2.0,0.0,1.0,1.0,3,subject_28
-0.4483265302665725,-1.0,2.0,0.0,1.0,0.0,1,subject_28
-0.4483265302665725,-1.0,1.0,1.0,0.0,2.0,4,subject_28
-0.4483265302665725,-1.0,1.0,1.0,0.0,1.0,2,subject_28
-0.4483265302665725,-1.0,1.0,1.0,0.0,0.0,1,subject_28
-0.4483265302665725,-1.0,1.0,1.0,1.0,2.0,5,subject_28
-0.4483265302665725,-1.0,1.0,1.0,1.0,1.0,3,subject_28
-0.4483265302665725,-1.0,1.0,1.0,1.0,0.0,1,subject_28
-0.4483265302665725,-1.0,1.0,2.0,0.0,2.0,1,subject_28
-0.4483265302665725,-1.0,1.0,2.0,0.0,1.0,1,subject_28
-0.4483265302665725,-1.0,1.0,2.0,0.0,0.0,1,subject_28
-0.4483265302665725,-1.0,1.0,2.0,1.0,2.0,2,subject_28
-0.4483265302665725,-1.0,1.0,2.0,1.0,1.0,1,subject_28
-0.4483265302665725,-1.0,1.0,2.0,1.0,0.0,1,subject_28
-0.4483265302665725,-1.0,1.0,0.0,0.0,2.0,6,subject_28
-0.4483265302665725,-1.0,1.0,0.0,0.0,1.0,4,subject_28
-0.4483265302665725,-1.0,1.0,0.0,0.0,0.0,2,subject_28
-0.4483265302665725,-1.0,1.0,0.0,1.0,2.0,6,subject_28
-0.4483265302665725,-1.0,1.0,0.0,1.0,1.0,5,subject_28
-0.4483265302665725,-1.0,1.0,0.0,1.0,0.0,3,subject_28
-0.4483265302665725,-1.0,0.0,1.0,0.0,2.0,6,subject_28
-0.4483265302665725,-1.0,0.0,1.0,0.0,1.0,4,subject_28
-0.4483265302665725,-1.0,0.0,1.0,0.0,0.0,1,subject_28
-0.4483265302665725,-1.0,0.0,1.0,1.0,2.0,6,subject_28
-0.4483265302665725,-1.0,0.0,1.0,1.0,1.0,5,subject_28
-0.4483265302665725,-1.0,0.0,1.0,1.0,0.0,2,subject_28
-0.4483265302665725,-1.0,0.0,2.0,0.0,2.0,4,subject_28
-0.4483265302665725,-1.0,0.0,2.0,0.0,1.0,1,subject_28
-0.4483265302665725,-1.0,0.0,2.0,0.0,0.0,1,subject_28
-0.4483265302665725,-1.0,0.0,2.0,1.0,2.0,5,subject_28
-0.4483265302665725,-1.0,0.0,2.0,1.0,1.0,2,subject_28
-0.4483265302665725,-1.0,0.0,2.0,1.0,0.0,1,subject_28
-0.4483265302665725,-1.0,0.0,0.0,0.0,2.0,6,subject_28
-0.4483265302665725,-1.0,0.0,0.0,0.0,1.0,6,subject_28
-0.4483265302665725,-1.0,0.0,0.0,0.0,0.0,4,subject_28
-0.4483265302665725,-1.0,0.0,0.0,1.0,2.0,6,subject_28
-0.4483265302665725,-1.0,0.0,0.0,1.0,1.0,6,subject_28
-0.4483265302665725,-1.0,0.0,0.0,1.0,0.0,5,subject_28
-0.4483265302665725,1.0,2.0,1.0,0.0,2.0,2,subject_28
-0.4483265302665725,1.0,2.0,1.0,0.0,1.0,1,subject_28
-0.4483265302665725,1.0,2.0,1.0,0.0,0.0,1,subject_28
-0.4483265302665725,1.0,2.0,1.0,1.0,2.0,3,subject_28
-0.4483265302665725,1.0,2.0,1.0,1.0,1.0,1,subject_28
-0.4483265302665725,1.0,2.0,1.0,1.0,0.0,1,subject_28
-0.4483265302665725,1.0,2.0,2.0,0.0,2.0,1,subject_28
-0.4483265302665725,1.0,2.0,2.0,0.0,1.0,1,subject_28
-0.4483265302665725,1.0,2.0,2.0,0.0,0.0,1,subject_28
-0.4483265302665725,1.0,2.0,2.0,1.0,2.0,1,subject_28
-0.4483265302665725,1.0,2.0,2.0,1.0,1.0,1,subject_28
-0.4483265302665725,1.0,2.0,2.0,1.0,0.0,1,subject_28
-0.4483265302665725,1.0,2.0,0.0,0.0,2.0,5,subject_28
-0.4483265302665725,1.0,2.0,0.0,0.0,1.0,2,subject_28
-0.4483265302665725,1.0,2.0,0.0,0.0,0.0,1,subject_28
-0.4483265302665725,1.0,2.0,0.0,1.0,2.0,5,subject_28
-0.4483265302665725,1.0,2.0,0.0,1.0,1.0,3,subject_28
-0.4483265302665725,1.0,2.0,0.0,1.0,0.0,1,subject_28
-0.4483265302665725,1.0,1.0,1.0,0.0,2.0,4,subject_28
-0.4483265302665725,1.0,1.0,1.0,0.0,1.0,1,subject_28
-0.4483265302665725,1.0,1.0,1.0,0.0,0.0,1,subject_28
-0.4483265302665725,1.0,1.0,1.0,1.0,2.0,5,subject_28
-0.4483265302665725,1.0,1.0,1.0,1.0,1.0,2,subject_28
-0.4483265302665725,1.0,1.0,1.0,1.0,0.0,1,subject_28
-0.4483265302665725,1.0,1.0,2.0,0.0,2.0,1,subject_28
-0.4483265302665725,1.0,1.0,2.0,0.0,1.0,1,subject_28
-0.4483265302665725,1.0,1.0,2.0,0.0,0.0,1,subject_28
-0.4483265302665725,1.0,1.0,2.0,1.0,2.0,2,subject_28
-0.4483265302665725,1.0,1.0,2.0,1.0,1.0,1,subject_28
-0.4483265302665725,1.0,1.0,2.0,1.0,0.0,1,subject_28
-0.4483265302665725,1.0,1.0,0.0,0.0,2.0,6,subject_28
-0.4483265302665725,1.0,1.0,0.0,0.0,1.0,4,subject_28
-0.4483265302665725,1.0,1.0,0.0,0.0,0.0,2,subject_28
-0.4483265302665725,1.0,1.0,0.0,1.0,2.0,6,subject_28
-0.4483265302665725,1.0,1.0,0.0,1.0,1.0,5,subject_28
-0.4483265302665725,1.0,1.0,0.0,1.0,0.0,2,subject_28
-0.4483265302665725,1.0,0.0,1.0,0.0,2.0,6,subject_28
-0.4483265302665725,1.0,0.0,1.0,0.0,1.0,4,subject_28
-0.4483265302665725,1.0,0.0,1.0,0.0,0.0,1,subject_28
-0.4483265302665725,1.0,0.0,1.0,1.0,2.0,6,subject_28
-0.4483265302665725,1.0,0.0,1.0,1.0,1.0,5,subject_28
-0.4483265302665725,1.0,0.0,1.0,1.0,0.0,2,subject_28
-0.4483265302665725,1.0,0.0,2.0,0.0,2.0,3,subject_28
-0.4483265302665725,1.0,0.0,2.0,0.0,1.0,1,subject_28
-0.4483265302665725,1.0,0.0,2.0,0.0,0.0,1,subject_28
-0.4483265302665725,1.0,0.0,2.0,1.0,2.0,5,subject_28
-0.4483265302665725,1.0,0.0,2.0,1.0,1.0,2,subject_28
-0.4483265302665725,1.0,0.0,2.0,1.0,0.0,1,subject_28
-0.4483265302665725,1.0,0.0,0.0,0.0,2.0,6,subject_28
-0.4483265302665725,1.0,0.0,0.0,0.0,1.0,6,subject_28
-0.4483265302665725,1.0,0.0,0.0,0.0,0.0,4,subject_28
-0.4483265302665725,1.0,0.0,0.0,1.0,2.0,6,subject_28
-0.4483265302665725,1.0,0.0,0.0,1.0,1.0,6,subject_28
-0.4483265302665725,1.0,0.0,0.0,1.0,0.0,5,subject_28
1.3857365480966777,-1.0,2.0,1.0,0.0,2.0,1,subject_28
1.3857365480966777,-1.0,2.0,1.0,0.0,1.0,1,subject_28
1.3857365480966777,-1.0,2.0,1.0,0.0,0.0,1,subject_28
1.3857365480966777,-1.0,2.0,1.0,1.0,2.0,1,subject_28
1.3857365480966777,-1.0,2.0,1.0,1.0,1.0,1,subject_28
1.3857365480966777,-1.0,2.0,1.0,1.0,0.0,1,subject_28
1.3857365480966777,-1.0,2.0,2.0,0.0,2.0,1,subject_28
1.3857365480966777,-1.0,2.0,2.0,0.0,1.0,1,subject_28
1.3857365480966777,-1.0,2.0,2.0,0.0,0.0,1,subject_28
1.3857365480966777,-1.0,2.0,2.0,1.0,2.0,1,subject_28
1.3857365480966777,-1.0,2.0,2.0,1.0,1.0,1,subject_28
1.3857365480966777,-1.0,2.0,2.0,1.0,0.0,1,subject_28
1.3857365480966777,-1.0,2.0,0.0,0.0,2.0,2,subject_28
1.3857365480966777,-1.0,2.0,0.0,0.0,1.0,1,subject_28
1.3857365480966777,-1.0,2.0,0.0,0.0,0.0,1,subject_28
1.3857365480966777,-1.0,2.0,0.0,1.0,2.0,3,subject_28
1.3857365480966777,-1.0,2.0,0.0,1.0,1.0,1,subject_28
1.3857365480966777,-1.0,2.0,0.0,1.0,0.0,1,subject_28
1.3857365480966777,-1.0,1.0,1.0,0.0,2.0,1,subject_28
1.3857365480966777,-1.0,1.0,1.0,0.0,1.0,1,subject_28
1.3857365480966777,-1.0,1.0,1.0,0.0,0.0,1,subject_28
1.3857365480966777,-1.0,1.0,1.0,1.0,2.0,2,subject_28
1.3857365480966777,-1.0,1.0,1.0,1.0,1.0,1,subject_28
1.3857365480966777,-1.0,1.0,1.0,1.0,0.0,1,subject_28
1.3857365480966777,-1.0,1.0,2.0,0.0,2.0,1,subject_28
1.3857365480966777,-1.0,1.0,2.0,0.0,1.0,1,subject_28
1.3857365480966777,-1.0,1.0,2.0,0.0,0.0,1,subject_28
1.3857365480966777,-1.0,1.0,2.0,1.0,2.0,1,subject_28
1.3857365480966777,-1.0,1.0,2.0,1.0,1.0,1,subject_28
1.3857365480966777,-1.0,1.0,2.0,1.0,0.0,1,subject_28
1.3857365480966777,-1.0,1.0,0.0,0.0,2.0,4,subject_28
1.3857365480966777,-1.0,1.0,0.0,0.0,1.0,2,subject_28
1.3857365480966777,-1.0,1.0,0.0,0.0,0.0,1,subject_28
1.3857365480966777,-1.0,1.0,0.0,1.0,2.0,5,subject_28
1.3857365480966777,-1.0,1.0,0.0,1.0,1.0,2,subject_28
1.3857365480966777,-1.0,1.0,0.0,1.0,0.0,1,subject_28
1.3857365480966777,-1.0,0.0,1.0,0.0,2.0,4,subject_28
1.3857365480966777,-1.0,0.0,1.0,0.0,1.0,1,subject_28
1.3857365480966777,-1.0,0.0,1.0,0.0,0.0,1,subject_28
1.3857365480966777,-1.0,0.0,1.0,1.0,2.0,5,subject_28
1.3857365480966777,-1.0,0.0,1.0,1.0,1.0,2,subject_28
1.3857365480966777,-1.0,0.0,1.0,1.0,0.0,1,subject_28
1.3857365480966777,-1.0,0.0,2.0,0.0,2.0,1,subject_28
1.3857365480966777,-1.0,0.0,2.0,0.0,1.0,1,subject_28
1.3857365480966777,-1.0,0.0,2.0,0.0,0.0,1,subject_28
1.3857365480966777,-1.0,0.0,2.0,1.0,2.0,2,subject_28
1.3857365480966777,-1.0,0.0,2.0,1.0,1.0,1,subject_28
1.3857365480966777,-1.0,0.0,2.0,1.0,0.0,1,subject_28
1.3857365480966777,-1.0,0.0,0.0,0.0,2.0,6,subject_28
1.3857365480966777,-1.0,0.0,0.0,0.0,1.0,4,subject_28
1.3857365480966777,-1.0,0.0,0.0,0.0,0.0,1,subject_28
1.3857365480966777,-1.0,0.0,0.0,1.0,2.0,6,subject_28
1.3857365480966777,-1.0,0.0,0.0,1.0,1.0,5,subject_28
1.3857365480966777,-1.0,0.0,0.0,1.0,0.0,2,subject_28
1.3857365480966777,1.0,2.0,1.0,0.0,2.0,2,subject_28
1.3857365480966777,1.0,2.0,1.0,0.0,1.0,1,subject_28
1.3857365480966777,1.0,2.0,1.0,0.0,0.0,1,subject_28
1.3857365480966777,1.0,2.0,1.0,1.0,2.0,3,subject_28
1.3857365480966777,1.0,2.0,1.0,1.0,1.0,1,subject_28
1.3857365480966777,1.0,2.0,1.0,1.0,0.0,1,subject_28
1.3857365480966777,1.0,2.0,2.0,0.0,2.0,1,subject_28
1.3857365480966777,1.0,2.0,2.0,0.0,1.0,1,subject_28
1.3857365480966777,1.0,2.0,2.0,0.0,0.0,1,subject_28
1.3857365480966777,1.0,2.0,2.0,1.0,2.0,1,subject_28
1.3857365480966777,1.0,2.0,2.0,1.0,1.0,1,subject_28
1.3857365480966777,1.0,2.0,2.0,1.0,0.0,1,subject_28
1.3857365480966777,1.0,2.0,0.0,0.0,2.0,5,subject_28
1.3857365480966777,1.0,2.0,0.0,0.0,1.0,2,subject_28
1.3857365480966777,1.0,2.0,0.0,0.0,0.0,1,subject_28
1.3857365480966777,1.0,2.0,0.0,1.0,2.0,6,subject_28
1.3857365480966777,1.0,2.0,0.0,1.0,1.0,3,subject_28
1.3857365480966777,1.0,2.0,0.0,1.0,0.0,1,subject_28
1.3857365480966777,1.0,1.0,1.0,0.0,2.0,4,subject_28
1.3857365480966777,1.0,1.0,1.0,0.0,1.0,2,subject_28
1.3857365480966777,1.0,1.0,1.0,0.0,0.0,1,subject_28
1.3857365480966777,1.0,1.0,1.0,1.0,2.0,5,subject_28
1.3857365480966777,1.0,1.0,1.0,1.0,1.0,3,subject_28
1.3857365480966777,1.0,1.0,1.0,1.0,0.0,1,subject_28
1.3857365480966777,1.0,1.0,2.0,0.0,2.0,2,subject_28
1.3857365480966777,1.0,1.0,2.0,0.0,1.0,1,subject_28
1.3857365480966777,1.0,1.0,2.0,0.0,0.0,1,subject_28
1.3857365480966777,1.0,1.0,2.0,1.0,2.0,3,subject_28
1.3857365480966777,1.0,1.0,2.0,1.0,1.0,1,subject_28
1.3857365480966777,1.0,1.0,2.0,1.0,0.0,1,subject_28
1.3857365480966777,1.0,1.0,0.0,0.0,2.0,6,subject_28
1.3857365480966777,1.0,1.0,0.0,0.0,1.0,5,subject_28
1.3857365480966777,1.0,1.0,0.0,0.0,0.0,2,subject_28
1.3857365480966777,1.0,1.0,0.0,1.0,2.0,6,subject_28
1.3857365480966777,1.0,1.0,0.0,1.0,1.0,5,subject_28
1.3857365480966777,1.0,1.0,0.0,1.0,0.0,3,subject_28
1.3857365480966777,1.0,0.0,1.0,0.0,2.0,6,subject_28
1.3857365480966777,1.0,0.0,1.0,0.0,1.0,4,subject_28
1.3857365480966777,1.0,0.0,1.0,0.0,0.0,1,subject_28
1.3857365480966777,1.0,0.0,1.0,1.0,2.0,6,subject_28
1.3857365480966777,1.0,0.0,1.0,1.0,1.0,5,subject_28
1.3857365480966777,1.0,0.0,1.0,1.0,0.0,2,subject_28
1.3857365480966777,1.0,0.0,2.0,0.0,2.0,4,subject_28
1.3857365480966777,1.0,0.0,2.0,0.0,1.0,1,subject_28
1.3857365480966777,1.0,0.0,2.0,0.0,0.0,1,subject_28
1.3857365480966777,1.0,0.0,2.0,1.0,2.0,5,subject_28
1.3857365480966777,1.0,0.0,2.0,1.0,1.0,2,subject_28
1.3857365480966777,1.0,0.0,2.0,1.0,0.0,1,subject_28
1.3857365480966777,1.0,0.0,0.0,0.0,2.0,6,subject_28
1.3857365480966777,1.0,0.0,0.0,0.0,1.0,6,subject_28
1.3857365480966777,1.0,0.0,0.0,0.0,0.0,4,subject_28
1.3857365480966777,1.0,0.0,0.0,1.0,2.0,6,subject_28
1.3857365480966777,1.0,0.0,0.0,1.0,1.0,6,subject_28
1.3857365480966777,1.0,0.0,0.0,1.0,0.0,5,subject_28
-0.937410017830106,-1.0,2.0,1.0,0.0,2.0,1,subject_29
-0.937410017830106,-1.0,2.0,1.0,0.0,1.0,1,subject_29
-0.937410017830106,-1.0,2.0,1.0,0.0,0.0,1,subject_29
-0.937410017830106,-1.0,2.0,1.0,1.0,2.0,3,subject_29
-0.937410017830106,-1.0,2.0,1.0,1.0,1.0,1,subject_29
-0.937410017830106,-1.0,2.0,1.0,1.0,0.0,1,subject_29
-0.937410017830106,-1.0,2.0,2.0,0.0,2.0,1,subject_29
-0.937410017830106,-1.0,2.0,2.0,0.0,1.0,1,subject_29
-0.937410017830106,-1.0,2.0,2.0,0.0,0.0,1,subject_29
-0.937410017830106,-1.0,2.0,2.0,1.0,2.0,1,subject_29
-0.937410017830106,-1.0,2.0,2.0,1.0,1.0,1,subject_29
-0.937410017830106,-1.0,2.0,2.0,1.0,0.0,1,subject_29
-0.937410017830106,-1.0,2.0,0.0,0.0,2.0,3,subject_29
-0.937410017830106,-1.0,2.0,0.0,0.0,1.0,2,subject_29
-0.937410017830106,-1.0,2.0,0.0,0.0,0.0,1,subject_29
-0.937410017830106,-1.0,2.0,0.0,1.0,2.0,5,subject_29
-0.937410017830106,-1.0,2.0,0.0,1.0,1.0,4,subject_29
-0.937410017830106,-1.0,2.0,0.0,1.0,0.0,2,subject_29
-0.937410017830106,-1.0,1.0,1.0,0.0,2.0,3,subject_29
-0.937410017830106,-1.0,1.0,1.0,0.0,1.0,1,subject_29
-0.937410017830106,-1.0,1.0,1.0,0.0,0.0,1,subject_29
-0.937410017830106,-1.0,1.0,1.0,1.0,2.0,5,subject_29
-0.937410017830106,-1.0,1.0,1.0,1.0,1.0,3,subject_29
-0.937410017830106,-1.0,1.0,1.0,1.0,0.0,2,subject_29
-0.937410017830106,-1.0,1.0,2.0,0.0,2.0,1,subject_29
-0.937410017830106,-1.0,1.0,2.0,0.0,1.0,1,subject_29
-0.937410017830106,-1.0,1.0,2.0,0.0,0.0,1,subject_29
-0.937410017830106,-1.0,1.0,2.0,1.0,2.0,3,subject_29
-0.937410017830106,-1.0,1.0,2.0,1.0,1.0,1,subject_29
-0.937410017830106,-1.0,1.0,2.0,1.0,0.0,1,subject_29
-0.937410017830106,-1.0,1.0,0.0,0.0,2.0,6,subject_29
-0.937410017830106,-1.0,1.0,0.0,0.0,1.0,4,subject_29
-0.937410017830106,-1.0,1.0,0.0,0.0,0.0,2,subject_29
-0.937410017830106,-1.0,1.0,0.0,1.0,2.0,6,subject_29
-0.937410017830106,-1.0,1.0,0.0,1.0,1.0,6,subject_29
-0.937410017830106,-1.0,1.0,0.0,1.0,0.0,4,subject_29
-0.937410017830106,-1.0,0.0,1.0,0.0,2.0,6,subject_29
-0.937410017830106,-1.0,0.0,1.0,0.0,1.0,4,subject_29
-0.937410017830106,-1.0,0.0,1.0,0.0,0.0,2,subject_29
-0.937410017830106,-1.0,0.0,1.0,1.0,2.0,6,subject_29
-0.937410017830106,-1.0,0.0,1.0,1.0,1.0,6,subject_29
-0.937410017830106,-1.0,0.0,1.0,1.0,0.0,4,subject_29
-0.937410017830106,-1.0,0.0,2.0,0.0,2.0,3,subject_29
-0.937410017830106,-1.0,0.0,2.0,0.0,1.0,1,subject_29
-0.937410017830106,-1.0,0.0,2.0,0.0,0.0,1,subject_29
-0.937410017830106,-1.0,0.0,2.0,1.0,2.0,5,subject_29
-0.937410017830106,-1.0,0.0,2.0,1.0,1.0,3,subject_29
-0.937410017830106,-1.0,0.0,2.0,1.0,0.0,2,subject_29
-0.937410017830106,-1.0,0.0,0.0,0.0,2.0,6,subject_29
-0.937410017830106,-1.0,0.0,0.0,0.0,1.0,6,subject_29
-0.937410017830106,-1.0,0.0,0.0,0.0,0.0,4,subject_29
-0.937410017830106,-1.0,0.0,0.0,1.0,2.0,6,subject_29
-0.937410017830106,-1.0,0.0,0.0,1.0,1.0,6,subject_29
-0.937410017830106,-1.0,0.0,0.0,1.0,0.0,6,subject_29
-0.937410017830106,1.0,2.0,1.0,0.0,2.0,1,subject_29
-0.937410017830106,1.0,2.0,1.0,0.0,1.0,1,subject_29
-0.937410017830106,1.0,2.0,1.0,0.0,0.0,1,subject_29
-0.937410017830106,1.0,2.0,1.0,1.0,2.0,2,subject_29
-0.937410017830106,1.0,2.0,1.0,1.0,1.0,1,subject_29
-0.937410017830106,1.0,2.0,1.0,1.0,0.0,1,subject_29
-0.937410017830106,1.0,2.0,2.0,0.0,2.0,1,subject_29
-0.937410017830106,1.0,2.0,2.0,0.0,1.0,1,subject_29
-0.937410017830106,1.0,2.0,2.0,0.0,0.0,1,subject_29
-0.937410017830106,1.0,2.0,2.0,1.0,2.0,1,subject_29
-0.937410017830106,1.0,2.0,2.0,1.0,1.0,1,subject_29
-0.937410017830106,1.0,2.0,2.0,1.0,0.0,1,subject_29
-0.937410017830106,1.0,2.0,0.0,0.0,2.0,3,subject_29
-0.937410017830106,1.0,2.0,0.0,0.0,1.0,1,subject_29
-0.937410017830106,1.0,2.0,0.0,0.0,0.0,1,subject_29
-0.937410017830106,1.0,2.0,0.0,1.0,2.0,5,subject_29
-0.937410017830106,1.0,2.0,0.0,1.0,1.0,3,subject_29
-0.937410017830106,1.0,2.0,0.0,1.0,0.0,1,subject_29
-0.937410017830106,1.0,1.0,1.0,0.0,2.0,2,subject_29
-0.937410017830106,1.0,1.0,1.0,0.0,1.0,1,subject_29
-0.937410017830106,1.0,1.0,1.0,0.0,0.0,1,subject_29
-0.937410017830106,1.0,1.0,1.0,1.0,2.0,5,subject_29
-0.937410017830106,1.0,1.0,1.0,1.0,1.0,3,subject_29
-0.937410017830106,1.0,1.0,1.0,1.0,0.0,1,subject_29
-0.937410017830106,1.0,1.0,2.0,0.0,2.0,1,subject_29
-0.937410017830106,1.0,1.0,2.0,0.0,1.0,1,subject_29
-0.937410017830106,1.0,1.0,2.0,0.0,0.0,1,subject_29
-0.937410017830106,1.0,1.0,2.0,1.0,2.0,2,subject_29
-0.937410017830106,1.0,1.0,2.0,1.0,1.0,1,subject_29
-0.937410017830106,1.0,1.0,2.0,1.0,0.0,1,subject_29
-0.937410017830106,1.0,1.0,0.0,0.0,2.0,5,subject_29
-0.937410017830106,1.0,1.0,0.0,0.0,1.0,3,subject_29
-0.937410017830106,1.0,1.0,0.0,0.0,0.0,1,subject_29
-0.937410017830106,1.0,1.0,0.0,1.0,2.0,6,subject_29
-0.937410017830106,1.0,1.0,0.0,1.0,1.0,5,subject_29
-0.937410017830106,1.0,1.0,0.0,1.0,0.0,3,subject_29
-0.937410017830106,1.0,0.0,1.0,0.0,2.0,5,subject_29
-0.937410017830106,1.0,0.0,1.0,0.0,1.0,3,subject_29
-0.937410017830106,1.0,0.0,1.0,0.0,0.0,1,subject_29
-0.937410017830106,1.0,0.0,1.0,1.0,2.0,6,subject_29
-0.937410017830106,1.0,0.0,1.0,1.0,1.0,5,subject_29
-0.937410017830106,1.0,0.0,1.0,1.0,0.0,3,subject_29
-0.937410017830106,1.0,0.0,2.0,0.0,2.0,2,subject_29
-0.937410017830106,1.0,0.0,2.0,0.0,1.0,1,subject_29
-0.937410017830106,1.0,0.0,2.0,0.0,0.0,1,subject_29
-0.937410017830106,1.0,0.0,2.0,1.0,2.0,5,subject_29
-0.937410017830106,1.0,0.0,2.0,1.0,1.0,3,subject_29
-0.937410017830106,1.0,0.0,2.0,1.0,0.0,1,subject_29
-0.937410017830106,1.0,0.0,0.0,0.0,2.0,6,subject_29
-0.937410017830106,1.0,0.0,0.0,0.0,1.0,5,subject_29
-0.937410017830106,1.0,0.0,0.0,0.0,0.0,3,subject_29
-0.937410017830106,1.0,0.0,0.0,1.0,2.0,6,subject_29
-0.937410017830106,1.0,0.0,0.0,1.0,1.0,6,subject_29
-0.937410017830106,1.0,0.0,0.0,1.0,0.0,5,subject_29
-0.4483265302665725,-1.0,2.0,1.0,0.0,2.0,1,subject_29
-0.4483265302665725,-1.0,2.0,1.0,0.0,1.0,1,subject_29
-0.4483265302665725,-1.0,2.0,1.0,0.0,0.0,1,subject_29
-0.4483265302665725,-1.0,2.0,1.0,1.0,2.0,2,subject_29
-0.4483265302665725,-1.0,2.0,1.0,1.0,1.0,1,subject_29
-0.4483265302665725,-1.0,2.0,1.0,1.0,0.0,1,subject_29
-0.4483265302665725,-1.0,2.0,2.0,0.0,2.0,1,subject_29
-0.4483265302665725,-1.0,2.0,2.0,0.0,1.0,1,subject_29
-0.4483265302665725,-1.0,2.0,2.0,0.0,0.0,1,subject_29
-0.4483265302665725,-1.0,2.0,2.0,1.0,2.0,1,subject_29
-0.4483265302665725,-1.0,2.0,2.0,1.0,1.0,1,subject_29
-0.4483265302665725,-1.0,2.0,2.0,1.0,0.0,1,subject_29
-0.4483265302665725,-1.0,2.0,0.0,0.0,2.0,3,subject_29
-0.4483265302665725,-1.0,2.0,0.0,0.0,1.0,1,subject_29
-0.4483265302665725,-1.0,2.0,0.0,0.0,0.0,1,subject_29
-0.4483265302665725,-1.0,2.0,0.0,1.0,2.0,5,subject_29
-0.4483265302665725,-1.0,2.0,0.0,1.0,1.0,3,subject_29
-0.4483265302665725,-1.0,2.0,0.0,1.0,0.0,1,subject_29
-0.4483265302665725,-1.0,1.0,1.0,0.0,2.0,3,subject_29
-0.4483265302665725,-1.0,1.0,1.0,0.0,1.0,1,subject_29
-0.4483265302665725,-1.0,1.0,1.0,0.0,0.0,1,subject_29
-0.4483265302665725,-1.0,1.0,1.0,1.0,2.0,5,subject_29
-0.4483265302665725,-1.0,1.0,1.0,1.0,1.0,3,subject_29
-0.4483265302665725,-1.0,1.0,1.0,1.0,0.0,1,subject_29
-0.4483265302665725,-1.0,1.0,2.0,0.0,2.0,1,subject_29
-0.4483265302665725,-1.0,1.0,2.0,0.0,1.0,1,subject_29
-0.4483265302665725,-1.0,1.0,2.0,0.0,0.0,1,subject_29
-0.4483265302665725,-1.0,1.0,2.0,1.0,2.0,2,subject_29
-0.4483265302665725,-1.0,1.0,2.0,1.0,1.0,1,subject_29
-0.4483265302665725,-1.0,1.0,2.0,1.0,0.0,1,subject_29
-0.4483265302665725,-1.0,1.0,0.0,0.0,2.0,5,subject_29
-0.4483265302665725,-1.0,1.0,0.0,0.0,1.0,3,subject_29
-0.4483265302665725,-1.0,1.0,0.0,0.0,0.0,1,subject_29
-0.4483265302665725,-1.0,1.0,0.0,1.0,2.0,6,subject_29
-0.4483265302665725,-1.0,1.0,0.0,1.0,1.0,5,subject_29
-0.4483265302665725,-1.0,1.0,0.0,1.0,0.0,3,subject_29
-0.4483265302665725,-1.0,0.0,1.0,0.0,2.0,5,subject_29
-0.4483265302665725,-1.0,0.0,1.0,0.0,1.0,3,subject_29
-0.4483265302665725,-1.0,0.0,1.0,0.0,0.0,1,subject_29
-0.4483265302665725,-1.0,0.0,1.0,1.0,2.0,6,subject_29
-0.4483265302665725,-1.0,0.0,1.0,1.0,1.0,5,subject_29
-0.4483265302665725,-1.0,0.0,1.0,1.0,0.0,3,subject_29
-0.4483265302665725,-1.0,0.0,2.0,0.0,2.0,3,subject_29
-0.4483265302665725,-1.0,0.0,2.0,0.0,1.0,1,subject_29
-0.4483265302665725,-1.0,0.0,2.0,0.0,0.0,1,subject_29
-0.4483265302665725,-1.0,0.0,2.0,1.0,2.0,5,subject_29
-0.4483265302665725,-1.0,0.0,2.0,1.0,1.0,3,subject_29
-0.4483265302665725,-1.0,0.0,2.0,1.0,0.0,1,subject_29
-0.4483265302665725,-1.0,0.0,0.0,0.0,2.0,6,subject_29
-0.4483265302665725,-1.0,0.0,0.0,0.0,1.0,5,subject_29
-0.4483265302665725,-1.0,0.0,0.0,0.0,0.0,4,subject_29
-0.4483265302665725,-1.0,0.0,0.0,1.0,2.0,6,subject_29
-0.4483265302665725,-1.0,0.0,0.0,1.0,1.0,6,subject_29
-0.4483265302665725,-1.0,0.0,0.0,1.0,0.0,5,subject_29
-0.4483265302665725,1.0,2.0,1.0,0.0,2.0,1,subject_29
-0.4483265302665725,1.0,2.0,1.0,0.0,1.0,1,subject_29
-0.4483265302665725,1.0,2.0,1.0,0.0,0.0,1,subject_29
-0.4483265302665725,1.0,2.0,1.0,1.0,2.0,3,subject_29
-0.4483265302665725,1.0,2.0,1.0,1.0,1.0,1,subject_29
-0.4483265302665725,1.0,2.0,1.0,1.0,0.0,1,subject_29
-0.4483265302665725,1.0,2.0,2.0,0.0,2.0,1,subject_29
-0.4483265302665725,1.0,2.0,2.0,0.0,1.0,1,subject_29
-0.4483265302665725,1.0,2.0,2.0,0.0,0.0,1,subject_29
-0.4483265302665725,1.0,2.0,2.0,1.0,2.0,1,subject_29
-0.4483265302665725,1.0,2.0,2.0,1.0,1.0,1,subject_29
-0.4483265302665725,1.0,2.0,2.0,1.0,0.0,1,subject_29
-0.4483265302665725,1.0,2.0,0.0,0.0,2.0,3,subject_29
-0.4483265302665725,1.0,2.0,0.0,0.0,1.0,1,subject_29
-0.4483265302665725,1.0,2.0,0.0,0.0,0.0,1,subject_29
-0.4483265302665725,1.0,2.0,0.0,1.0,2.0,5,subject_29
-0.4483265302665725,1.0,2.0,0.0,1.0,1.0,3,subject_29
-0.4483265302665725,1.0,2.0,0.0,1.0,0.0,1,subject_29
-0.4483265302665725,1.0,1.0,1.0,0.0,2.0,3,subject_29
-0.4483265302665725,1.0,1.0,1.0,0.0,1.0,1,subject_29
-0.4483265302665725,1.0,1.0,1.0,0.0,0.0,1,subject_29
-0.4483265302665725,1.0,1.0,1.0,1.0,2.0,5,subject_29
-0.4483265302665725,1.0,1.0,1.0,1.0,1.0,3,subject_29
-0.4483265302665725,1.0,1.0,1.0,1.0,0.0,1,subject_29
-0.4483265302665725,1.0,1.0,2.0,0.0,2.0,1,subject_29
-0.4483265302665725,1.0,1.0,2.0,0.0,1.0,1,subject_29
-0.4483265302665725,1.0,1.0,2.0,0.0,0.0,1,subject_29
-0.4483265302665725,1.0,1.0,2.0,1.0,2.0,3,subject_29
-0.4483265302665725,1.0,1.0,2.0,1.0,1.0,1,subject_29
-0.4483265302665725,1.0,1.0,2.0,1.0,0.0,1,subject_29
-0.4483265302665725,1.0,1.0,0.0,0.0,2.0,5,subject_29
-0.4483265302665725,1.0,1.0,0.0,0.0,1.0,3,subject_29
-0.4483265302665725,1.0,1.0,0.0,0.0,0.0,1,subject_29
-0.4483265302665725,1.0,1.0,0.0,1.0,2.0,6,subject_29
-0.4483265302665725,1.0,1.0,0.0,1.0,1.0,5,subject_29
-0.4483265302665725,1.0,1.0,0.0,1.0,0.0,3,subject_29
-0.4483265302665725,1.0,0.0,1.0,0.0,2.0,5,subject_29
-0.4483265302665725,1.0,0.0,1.0,0.0,1.0,3,subject_29
-0.4483265302665725,1.0,0.0,1.0,0.0,0.0,1,subject_29
-0.4483265302665725,1.0,0.0,1.0,1.0,2.0,6,subject_29
-0.4483265302665725,1.0,0.0,1.0,1.0,1.0,5,subject_29
-0.4483265302665725,1.0,0.0,1.0,1.0,0.0,3,subject_29
-0.4483265302665725,1.0,0.0,2.0,0.0,2.0,3,subject_29
-0.4483265302665725,1.0,0.0,2.0,0.0,1.0,1,subject_29
-0.4483265302665725,1.0,0.0,2.0,0.0,0.0,1,subject_29
-0.4483265302665725,1.0,0.0,2.0,1.0,2.0,5,subject_29
-0.4483265302665725,1.0,0.0,2.0,1.0,1.0,3,subject_29
-0.4483265302665725,1.0,0.0,2.0,1.0,0.0,1,subject_29
-0.4483265302665725,1.0,0.0,0.0,0.0,2.0,6,subject_29
-0.4483265302665725,1.0,0.0,0.0,0.0,1.0,6,subject_29
-0.4483265302665725,1.0,0.0,0.0,0.0,0.0,4,subject_29
-0.4483265302665725,1.0,0.0,0.0,1.0,2.0,6,subject_29
-0.4483265302665725,1.0,0.0,0.0,1.0,1.0,6,subject_29
-0.4483265302665725,1.0,0.0,0.0,1.0,0.0,6,subject_29
1.3857365480966777,-1.0,2.0,1.0,0.0,2.0,1,subject_29
1.3857365480966777,-1.0,2.0,1.0,0.0,1.0,1,subject_29
1.3857365480966777,-1.0,2.0,1.0,0.0,0.0,1,subject_29
1.3857365480966777,-1.0,2.0,1.0,1.0,2.0,1,subject_29
1.3857365480966777,-1.0,2.0,1.0,1.0,1.0,1,subject_29
1.3857365480966777,-1.0,2.0,1.0,1.0,0.0,1,subject_29
1.3857365480966777,-1.0,2.0,2.0,0.0,2.0,1,subject_29
1.3857365480966777,-1.0,2.0,2.0,0.0,1.0,1,subject_29
1.3857365480966777,-1.0,2.0,2.0,0.0,0.0,1,subject_29
1.3857365480966777,-1.0,2.0,2.0,1.0,2.0,1,subject_29
1.3857365480966777,-1.0,2.0,2.0,1.0,1.0,1,subject_29
1.3857365480966777,-1.0,2.0,2.0,1.0,0.0,1,subject_29
1.3857365480966777,-1.0,2.0,0.0,0.0,2.0,1,subject_29
1.3857365480966777,-1.0,2.0,0.0,0.0,1.0,1,subject_29
1.3857365480966777,-1.0,2.0,0.0,0.0,0.0,1,subject_29
1.3857365480966777,-1.0,2.0,0.0,1.0,2.0,3,subject_29
1.3857365480966777,-1.0,2.0,0.0,1.0,1.0,1,subject_29
1.3857365480966777,-1.0,2.0,0.0,1.0,0.0,1,subject_29
1.3857365480966777,-1.0,1.0,1.0,0.0,2.0,1,subject_29
1.3857365480966777,-1.0,1.0,1.0,0.0,1.0,1,subject_29
1.3857365480966777,-1.0,1.0,1.0,0.0,0.0,1,subject_29
1.3857365480966777,-1.0,1.0,1.0,1.0,2.0,3,subject_29
1.3857365480966777,-1.0,1.0,1.0,1.0,1.0,1,subject_29
1.3857365480966777,-1.0,1.0,1.0,1.0,0.0,1,subject_29
1.3857365480966777,-1.0,1.0,2.0,0.0,2.0,1,subject_29
1.3857365480966777,-1.0,1.0,2.0,0.0,1.0,1,subject_29
1.3857365480966777,-1.0,1.0,2.0,0.0,0.0,1,subject_29
1.3857365480966777,-1.0,1.0,2.0,1.0,2.0,1,subject_29
1.3857365480966777,-1.0,1.0,2.0,1.0,1.0,1,subject_29
1.3857365480966777,-1.0,1.0,2.0,1.0,0.0,1,subject_29
1.3857365480966777,-1.0,1.0,0.0,0.0,2.0,3,subject_29
1.3857365480966777,-1.0,1.0,0.0,0.0,1.0,1,subject_29
1.3857365480966777,-1.0,1.0,0.0,0.0,0.0,1,subject_29
1.3857365480966777,-1.0,1.0,0.0,1.0,2.0,5,subject_29
1.3857365480966777,-1.0,1.0,0.0,1.0,1.0,3,subject_29
1.3857365480966777,-1.0,1.0,0.0,1.0,0.0,1,subject_29
1.3857365480966777,-1.0,0.0,1.0,0.0,2.0,3,subject_29
1.3857365480966777,-1.0,0.0,1.0,0.0,1.0,1,subject_29
1.3857365480966777,-1.0,0.0,1.0,0.0,0.0,1,subject_29
1.3857365480966777,-1.0,0.0,1.0,1.0,2.0,5,subject_29
1.3857365480966777,-1.0,0.0,1.0,1.0,1.0,3,subject_29
1.3857365480966777,-1.0,0.0,1.0,1.0,0.0,1,subject_29
1.3857365480966777,-1.0,0.0,2.0,0.0,2.0,1,subject_29
1.3857365480966777,-1.0,0.0,2.0,0.0,1.0,1,subject_29
1.3857365480966777,-1.0,0.0,2.0,0.0,0.0,1,subject_29
1.3857365480966777,-1.0,0.0,2.0,1.0,2.0,3,subject_29
1.3857365480966777,-1.0,0.0,2.0,1.0,1.0,1,subject_29
1.3857365480966777,-1.0,0.0,2.0,1.0,0.0,1,subject_29
1.3857365480966777,-1.0,0.0,0.0,0.0,2.0,5,subject_29
1.3857365480966777,-1.0,0.0,0.0,0.0,1.0,4,subject_29
1.3857365480966777,-1.0,0.0,0.0,0.0,0.0,2,subject_29
1.3857365480966777,-1.0,0.0,0.0,1.0,2.0,6,subject_29
1.3857365480966777,-1.0,0.0,0.0,1.0,1.0,6,subject_29
1.3857365480966777,-1.0,0.0,0.0,1.0,0.0,4,subject_29
1.3857365480966777,1.0,2.0,1.0,0.0,2.0,2,subject_29
1.3857365480966777,1.0,2.0,1.0,0.0,1.0,1,subject_29
1.3857365480966777,1.0,2.0,1.0,0.0,0.0,1,subject_29
1.3857365480966777,1.0,2.0,1.0,1.0,2.0,4,subject_29
1.3857365480966777,1.0,2.0,1.0,1.0,1.0,2,subject_29
1.3857365480966777,1.0,2.0,1.0,1.0,0.0,1,subject_29
1.3857365480966777,1.0,2.0,2.0,0.0,2.0,1,subject_29
1.3857365480966777,1.0,2.0,2.0,0.0,1.0,1,subject_29
1.3857365480966777,1.0,2.0,2.0,0.0,0.0,1,subject_29
1.3857365480966777,1.0,2.0,2.0,1.0,2.0,2,subject_29
1.3857365480966777,1.0,2.0,2.0,1.0,1.0,1,subject_29
1.3857365480966777,1.0,2.0,2.0,1.0,0.0,1,subject_29
1.3857365480966777,1.0,2.0,0.0,0.0,2.0,4,subject_29
1.3857365480966777,1.0,2.0,0.0,0.0,1.0,2,subject_29
1.3857365480966777,1.0,2.0,0.0,0.0,0.0,1,subject_29
1.3857365480966777,1.0,2.0,0.0,1.0,2.0,6,subject_29
1.3857365480966777,1.0,2.0,0.0,1.0,1.0,4,subject_29
1.3857365480966777,1.0,2.0,0.0,1.0,0.0,2,subject_29
1.3857365480966777,1.0,1.0,1.0,0.0,2.0,4,subject_29
1.3857365480966777,1.0,1.0,1.0,0.0,1.0,2,subject_29
1.3857365480966777,1.0,1.0,1.0,0.0,0.0,1,subject_29
1.3857365480966777,1.0,1.0,1.0,1.0,2.0,6,subject_29
1.3857365480966777,1.0,1.0,1.0,1.0,1.0,4,subject_29
1.3857365480966777,1.0,1.0,1.0,1.0,0.0,2,subject_29
1.3857365480966777,1.0,1.0,2.0,0.0,2.0,2,subject_29
1.3857365480966777,1.0,1.0,2.0,0.0,1.0,1,subject_29
1.3857365480966777,1.0,1.0,2.0,0.0,0.0,1,subject_29
1.3857365480966777,1.0,1.0,2.0,1.0,2.0,4,subject_29
1.3857365480966777,1.0,1.0,2.0,1.0,1.0,2,subject_29
1.3857365480966777,1.0,1.0,2.0,1.0,0.0,1,subject_29
1.3857365480966777,1.0,1.0,0.0,0.0,2.0,6,subject_29
1.3857365480966777,1.0,1.0,0.0,0.0,1.0,5,subject_29
1.3857365480966777,1.0,1.0,0.0,0.0,0.0,2,subject_29
1.3857365480966777,1.0,1.0,0.0,1.0,2.0,6,subject_29
1.3857365480966777,1.0,1.0,0.0,1.0,1.0,6,subject_29
1.3857365480966777,1.0,1.0,0.0,1.0,0.0,5,subject_29
1.3857365480966777,1.0,0.0,1.0,0.0,2.0,6,subject_29
1.3857365480966777,1.0,0.0,1.0,0.0,1.0,5,subject_29
1.3857365480966777,1.0,0.0,1.0,0.0,0.0,2,subject_29
1.3857365480966777,1.0,0.0,1.0,1.0,2.0,6,subject_29
1.3857365480966777,1.0,0.0,1.0,1.0,1.0,6,subject_29
1.3857365480966777,1.0,0.0,1.0,1.0,0.0,5,subject_29
1.3857365480966777,1.0,0.0,2.0,0.0,2.0,4,subject_29
1.3857365480966777,1.0,0.0,2.0,0.0,1.0,2,subject_29
1.3857365480966777,1.0,0.0,2.0,0.0,0.0,1,subject_29
1.3857365480966777,1.0,0.0,2.0,1.0,2.0,6,subject_29
1.3857365480966777,1.0,0.0,2.0,1.0,1.0,4,subject_29
1.3857365480966777,1.0,0.0,2.0,1.0,0.0,2,subject_29
1.3857365480966777,1.0,0.0,0.0,0.0,2.0,6,subject_29
1.3857365480966777,1.0,0.0,0.0,0.0,1.0,6,subject_29
1.3857365480966777,1.0,0.0,0.0,0.0,0.0,5,subject_29
1.3857365480966777,1.0,0.0,0.0,1.0,2.0,6,subject_29
1.3857365480966777,1.0,0.0,0.0,1.0,1.0,6,subject_29
1.3857365480966777,1.0,0.0,0.0,1.0,0.0,6,subject_29
-0.937410017830106,-1.0,2.0,1.0,0.0,2.0,2,subject_30
-0.937410017830106,-1.0,2.0,1.0,0.0,1.0,1,subject_30
-0.937410017830106,-1.0,2.0,1.0,0.0,0.0,1,subject_30
-0.937410017830106,-1.0,2.0,1.0,1.0,2.0,4,subject_30
-0.937410017830106,-1.0,2.0,1.0,1.0,1.0,2,subject_30
-0.937410017830106,-1.0,2.0,1.0,1.0,0.0,1,subject_30
-0.937410017830106,-1.0,2.0,2.0,0.0,2.0,1,subject_30
-0.937410017830106,-1.0,2.0,2.0,0.0,1.0,1,subject_30
-0.937410017830106,-1.0,2.0,2.0,0.0,0.0,1,subject_30
-0.937410017830106,-1.0,2.0,2.0,1.0,2.0,2,subject_30
-0.937410017830106,-1.0,2.0,2.0,1.0,1.0,1,subject_30
-0.937410017830106,-1.0,2.0,2.0,1.0,0.0,1,subject_30
-0.937410017830106,-1.0,2.0,0.0,0.0,2.0,5,subject_30
-0.937410017830106,-1.0,2.0,0.0,0.0,1.0,2,subject_30
-0.937410017830106,-1.0,2.0,0.0,0.0,0.0,1,subject_30
-0.937410017830106,-1.0,2.0,0.0,1.0,2.0,6,subject_30
-0.937410017830106,-1.0,2.0,0.0,1.0,1.0,4,subject_30
-0.937410017830106,-1.0,2.0,0.0,1.0,0.0,2,subject_30
-0.937410017830106,-1.0,1.0,1.0,0.0,2.0,5,subject_30
-0.937410017830106,-1.0,1.0,1.0,0.0,1.0,2,subject_30
-0.937410017830106,-1.0,1.0,1.0,0.0,0.0,1,subject_30
-0.937410017830106,-1.0,1.0,1.0,1.0,2.0,6,subject_30
-0.937410017830106,-1.0,1.0,1.0,1.0,1.0,4,subject_30
-0.937410017830106,-1.0,1.0,1.0,1.0,0.0,1,subject_30
-0.937410017830106,-1.0,1.0,2.0,0.0,2.0,2,subject_30
-0.937410017830106,-1.0,1.0,2.0,0.0,1.0,1,subject_30
-0.937410017830106,-1.0,1.0,2.0,0.0,0.0,1,subject_30
-0.937410017830106,-1.0,1.0,2.0,1.0,2.0,4,subject_30
-0.937410017830106,-1.0,1.0,2.0,1.0,1.0,1,subject_30
-0.937410017830106,-1.0,1.0,2.0,1.0,0.0,1,subject_30
-0.937410017830106,-1.0,1.0,0.0,0.0,2.0,6,subject_30
-0.937410017830106,-1.0,1.0,0.0,0.0,1.0,5,subject_30
-0.937410017830106,-1.0,1.0,0.0,0.0,0.0,2,subject_30
-0.937410017830106,-1.0,1.0,0.0,1.0,2.0,6,subject_30
-0.937410017830106,-1.0,1.0,0.0,1.0,1.0,6,subject_30
-0.937410017830106,-1.0,1.0,0.0,1.0,0.0,4,subject_30
-0.937410017830106,-1.0,0.0,1.0,0.0,2.0,6,subject_30
-0.937410017830106,-1.0,0.0,1.0,0.0,1.0,4,subject_30
-0.937410017830106,-1.0,0.0,1.0,0.0,0.0,2,subject_30
-0.937410017830106,-1.0,0.0,1.0,1.0,2.0,6,subject_30
-0.937410017830106,-1.0,0.0,1.0,1.0,1.0,6,subject_30
-0.937410017830106,-1.0,0.0,1.0,1.0,0.0,3,subject_30
-0.937410017830106,-1.0,0.0,2.0,0.0,2.0,4,subject_30
-0.937410017830106,-1.0,0.0,2.0,0.0,1.0,1,subject_30
-0.937410017830106,-1.0,0.0,2.0,0.0,0.0,1,subject_30
-0.937410017830106,-1.0,0.0,2.0,1.0,2.0,6,subject_30
-0.937410017830106,-1.0,0.0,2.0,1.0,1.0,3,subject_30
-0.937410017830106,-1.0,0.0,2.0,1.0,0.0,1,subject_30
-0.937410017830106,-1.0,0.0,0.0,0.0,2.0,6,subject_30
-0.937410017830106,-1.0,0.0,0.0,0.0,1.0,6,subject_30
-0.937410017830106,-1.0,0.0,0.0,0.0,0.0,4,subject_30
-0.937410017830106,-1.0,0.0,0.0,1.0,2.0,6,subject_30
-0.937410017830106,-1.0,0.0,0.0,1.0,1.0,6,subject_30
-0.937410017830106,-1.0,0.0,0.0,1.0,0.0,6,subject_30
-0.937410017830106,1.0,2.0,1.0,0.0,2.0,1,subject_30
-0.937410017830106,1.0,2.0,1.0,0.0,1.0,1,subject_30
-0.937410017830106,1.0,2.0,1.0,0.0,0.0,1,subject_30
-0.937410017830106,1.0,2.0,1.0,1.0,2.0,2,subject_30
-0.937410017830106,1.0,2.0,1.0,1.0,1.0,1,subject_30
-0.937410017830106,1.0,2.0,1.0,1.0,0.0,1,subject_30
-0.937410017830106,1.0,2.0,2.0,0.0,2.0,1,subject_30
-0.937410017830106,1.0,2.0,2.0,0.0,1.0,1,subject_30
-0.937410017830106,1.0,2.0,2.0,0.0,0.0,1,subject_30
-0.937410017830106,1.0,2.0,2.0,1.0,2.0,1,subject_30
-0.937410017830106,1.0,2.0,2.0,1.0,1.0,1,subject_30
-0.937410017830106,1.0,2.0,2.0,1.0,0.0,1,subject_30
-0.937410017830106,1.0,2.0,0.0,0.0,2.0,3,subject_30
-0.937410017830106,1.0,2.0,0.0,0.0,1.0,1,subject_30
-0.937410017830106,1.0,2.0,0.0,0.0,0.0,1,subject_30
-0.937410017830106,1.0,2.0,0.0,1.0,2.0,5,subject_30
-0.937410017830106,1.0,2.0,0.0,1.0,1.0,2,subject_30
-0.937410017830106,1.0,2.0,0.0,1.0,0.0,1,subject_30
-0.937410017830106,1.0,1.0,1.0,0.0,2.0,3,subject_30
-0.937410017830106,1.0,1.0,1.0,0.0,1.0,1,subject_30
-0.937410017830106,1.0,1.0,1.0,0.0,0.0,1,subject_30
-0.937410017830106,1.0,1.0,1.0,1.0,2.0,5,subject_30
-0.937410017830106,1.0,1.0,1.0,1.0,1.0,2,subject_30
-0.937410017830106,1.0,1.0,1.0,1.0,0.0,1,subject_30
-0.937410017830106,1.0,1.0,2.0,0.0,2.0,1,subject_30
-0.937410017830106,1.0,1.0,2.0,0.0,1.0,1,subject_30
-0.937410017830106,1.0,1.0,2.0,0.0,0.0,1,subject_30
-0.937410017830106,1.0,1.0,2.0,1.0,2.0,2,subject_30
-0.937410017830106,1.0,1.0,2.0,1.0,1.0,1,subject_30
-0.937410017830106,1.0,1.0,2.0,1.0,0.0,1,subject_30
-0.937410017830106,1.0,1.0,0.0,0.0,2.0,5,subject_30
-0.937410017830106,1.0,1.0,0.0,0.0,1.0,3,subject_30
-0.937410017830106,1.0,1.0,0.0,0.0,0.0,1,subject_30
-0.937410017830106,1.0,1.0,0.0,1.0,2.0,6,subject_30
-0.937410017830106,1.0,1.0,0.0,1.0,1.0,5,subject_30
-0.937410017830106,1.0,1.0,0.0,1.0,0.0,2,subject_30
-0.937410017830106,1.0,0.0,1.0,0.0,2.0,5,subject_30
-0.937410017830106,1.0,0.0,1.0,0.0,1.0,2,subject_30
-0.937410017830106,1.0,0.0,1.0,0.0,0.0,1,subject_30
-0.937410017830106,1.0,0.0,1.0,1.0,2.0,6,subject_30
-0.937410017830106,1.0,0.0,1.0,1.0,1.0,4,subject_30
-0.937410017830106,1.0,0.0,1.0,1.0,0.0,2,subject_30
-0.937410017830106,1.0,0.0,2.0,0.0,2.0,2,subject_30
-0.937410017830106,1.0,0.0,2.0,0.0,1.0,1,subject_30
-0.937410017830106,1.0,0.0,2.0,0.0,0.0,1,subject_30
-0.937410017830106,1.0,0.0,2.0,1.0,2.0,4,subject_30
-0.937410017830106,1.0,0.0,2.0,1.0,1.0,2,subject_30
-0.937410017830106,1.0,0.0,2.0,1.0,0.0,1,subject_30
-0.937410017830106,1.0,0.0,0.0,0.0,2.0,6,subject_30
-0.937410017830106,1.0,0.0,0.0,0.0,1.0,5,subject_30
-0.937410017830106,1.0,0.0,0.0,0.0,0.0,2,subject_30
-0.937410017830106,1.0,0.0,0.0,1.0,2.0,6,subject_30
-0.937410017830106,1.0,0.0,0.0,1.0,1.0,6,subject_30
-0.937410017830106,1.0,0.0,0.0,1.0,0.0,4,subject_30
-0.4483265302665725,-1.0,2.0,1.0,0.0,2.0,2,subject_30
-0.4483265302665725,-1.0,2.0,1.0,0.0,1.0,1,subject_30
-0.4483265302665725,-1.0,2.0,1.0,0.0,0.0,1,subject_30
-0.4483265302665725,-1.0,2.0,1.0,1.0,2.0,4,subject_30
-0.4483265302665725,-1.0,2.0,1.0,1.0,1.0,1,subject_30
-0.4483265302665725,-1.0,2.0,1.0,1.0,0.0,1,subject_30
-0.4483265302665725,-1.0,2.0,2.0,0.0,2.0,1,subject_30
-0.4483265302665725,-1.0,2.0,2.0,0.0,1.0,1,subject_30
-0.4483265302665725,-1.0,2.0,2.0,0.0,0.0,1,subject_30
-0.4483265302665725,-1.0,2.0,2.0,1.0,2.0,1,subject_30
-0.4483265302665725,-1.0,2.0,2.0,1.0,1.0,1,subject_30
-0.4483265302665725,-1.0,2.0,2.0,1.0,0.0,1,subject_30
-0.4483265302665725,-1.0,2.0,0.0,0.0,2.0,5,subject_30
-0.4483265302665725,-1.0,2.0,0.0,0.0,1.0,2,subject_30
-0.4483265302665725,-1.0,2.0,0.0,0.0,0.0,1,subject_30
-0.4483265302665725,-1.0,2.0,0.0,1.0,2.0,6,subject_30
-0.4483265302665725,-1.0,2.0,0.0,1.0,1.0,4,subject_30
-0.4483265302665725,-1.0,2.0,0.0,1.0,0.0,1,subject_30
-0.4483265302665725,-1.0,1.0,1.0,0.0,2.0,4,subject_30
-0.4483265302665725,-1.0,1.0,1.0,0.0,1.0,2,subject_30
-0.4483265302665725,-1.0,1.0,1.0,0.0,0.0,1,subject_30
-0.4483265302665725,-1.0,1.0,1.0,1.0,2.0,6,subject_30
-0.4483265302665725,-1.0,1.0,1.0,1.0,1.0,3,subject_30
-0.4483265302665725,-1.0,1.0,1.0,1.0,0.0,1,subject_30
-0.4483265302665725,-1.0,1.0,2.0,0.0,2.0,2,subject_30
-0.4483265302665725,-1.0,1.0,2.0,0.0,1.0,1,subject_30
-0.4483265302665725,-1.0,1.0,2.0,0.0,0.0,1,subject_30
-0.4483265302665725,-1.0,1.0,2.0,1.0,2.0,3,subject_30
-0.4483265302665725,-1.0,1.0,2.0,1.0,1.0,1,subject_30
-0.4483265302665725,-1.0,1.0,2.0,1.0,0.0,1,subject_30
-0.4483265302665725,-1.0,1.0,0.0,0.0,2.0,6,subject_30
-0.4483265302665725,-1.0,1.0,0.0,0.0,1.0,4,subject_30
-0.4483265302665725,-1.0,1.0,0.0,0.0,0.0,2,subject_30
-0.4483265302665725,-1.0,1.0,0.0,1.0,2.0,6,subject_30
-0.4483265302665725,-1.0,1.0,0.0,1.0,1.0,6,subject_30
-0.4483265302665725,-1.0,1.0,0.0,1.0,0.0,3,subject_30
-0.4483265302665725,-1.0,0.0,1.0,0.0,2.0,6,subject_30
-0.4483265302665725,-1.0,0.0,1.0,0.0,1.0,4,subject_30
-0.4483265302665725,-1.0,0.0,1.0,0.0,0.0,1,subject_30
-0.4483265302665725,-1.0,0.0,1.0,1.0,2.0,6,subject_30
-0.4483265302665725,-1.0,0.0,1.0,1.0,1.0,5,subject_30
-0.4483265302665725,-1.0,0.0,1.0,1.0,0.0,3,subject_30
-0.4483265302665725,-1.0,0.0,2.0,0.0,2.0,4,subject_30
-0.4483265302665725,-1.0,0.0,2.0,0.0,1.0,1,subject_30
-0.4483265302665725,-1.0,0.0,2.0,0.0,0.0,1,subject_30
-0.4483265302665725,-1.0,0.0,2.0,1.0,2.0,5,subject_30
-0.4483265302665725,-1.0,0.0,2.0,1.0,1.0,3,subject_30
-0.4483265302665725,-1.0,0.0,2.0,1.0,0.0,1,subject_30
-0.4483265302665725,-1.0,0.0,0.0,0.0,2.0,6,subject_30
-0.4483265302665725,-1.0,0.0,0.0,0.0,1.0,6,subject_30
-0.4483265302665725,-1.0,0.0,0.0,0.0,0.0,4,subject_30
-0.4483265302665725,-1.0,0.0,0.0,1.0,2.0,6,subject_30
-0.4483265302665725,-1.0,0.0,0.0,1.0,1.0,6,subject_30
-0.4483265302665725,-1.0,0.0,0.0,1.0,0.0,5,subject_30
-0.4483265302665725,1.0,2.0,1.0,0.0,2.0,1,subject_30
-0.4483265302665725,1.0,2.0,1.0,0.0,1.0,1,subject_30
-0.4483265302665725,1.0,2.0,1.0,0.0,0.0,1,subject_30
-0.4483265302665725,1.0,2.0,1.0,1.0,2.0,3,subject_30
-0.4483265302665725,1.0,2.0,1.0,1.0,1.0,1,subject_30
-0.4483265302665725,1.0,2.0,1.0,1.0,0.0,1,subject_30
-0.4483265302665725,1.0,2.0,2.0,0.0,2.0,1,subject_30
-0.4483265302665725,1.0,2.0,2.0,0.0,1.0,1,subject_30
-0.4483265302665725,1.0,2.0,2.0,0.0,0.0,1,subject_30
-0.4483265302665725,1.0,2.0,2.0,1.0,2.0,1,subject_30
-0.4483265302665725,1.0,2.0,2.0,1.0,1.0,1,subject_30
-0.4483265302665725,1.0,2.0,2.0,1.0,0.0,1,subject_30
-0.4483265302665725,1.0,2.0,0.0,0.0,2.0,4,subject_30
-0.4483265302665725,1.0,2.0,0.0,0.0,1.0,1,subject_30
-0.4483265302665725,1.0,2.0,0.0,0.0,0.0,1,subject_30
-0.4483265302665725,1.0,2.0,0.0,1.0,2.0,5,subject_30
-0.4483265302665725,1.0,2.0,0.0,1.0,1.0,3,subject_30
-0.4483265302665725,1.0,2.0,0.0,1.0,0.0,1,subject_30
-0.4483265302665725,1.0,1.0,1.0,0.0,2.0,3,subject_30
-0.4483265302665725,1.0,1.0,1.0,0.0,1.0,1,subject_30
-0.4483265302665725,1.0,1.0,1.0,0.0,0.0,1,subject_30
-0.4483265302665725,1.0,1.0,1.0,1.0,2.0,5,subject_30
-0.4483265302665725,1.0,1.0,1.0,1.0,1.0,2,subject_30
-0.4483265302665725,1.0,1.0,1.0,1.0,0.0,1,subject_30
-0.4483265302665725,1.0,1.0,2.0,0.0,2.0,1,subject_30
-0.4483265302665725,1.0,1.0,2.0,0.0,1.0,1,subject_30
-0.4483265302665725,1.0,1.0,2.0,0.0,0.0,1,subject_30
-0.4483265302665725,1.0,1.0,2.0,1.0,2.0,2,subject_30
-0.4483265302665725,1.0,1.0,2.0,1.0,1.0,1,subject_30
-0.4483265302665725,1.0,1.0,2.0,1.0,0.0,1,subject_30
-0.4483265302665725,1.0,1.0,0.0,0.0,2.0,6,subject_30
-0.4483265302665725,1.0,1.0,0.0,0.0,1.0,3,subject_30
-0.4483265302665725,1.0,1.0,0.0,0.0,0.0,1,subject_30
-0.4483265302665725,1.0,1.0,0.0,1.0,2.0,6,subject_30
-0.4483265302665725,1.0,1.0,0.0,1.0,1.0,5,subject_30
-0.4483265302665725,1.0,1.0,0.0,1.0,0.0,2,subject_30
-0.4483265302665725,1.0,0.0,1.0,0.0,2.0,5,subject_30
-0.4483265302665725,1.0,0.0,1.0,0.0,1.0,3,subject_30
-0.4483265302665725,1.0,0.0,1.0,0.0,0.0,1,subject_30
-0.4483265302665725,1.0,0.0,1.0,1.0,2.0,6,subject_30
-0.4483265302665725,1.0,0.0,1.0,1.0,1.0,5,subject_30
-0.4483265302665725,1.0,0.0,1.0,1.0,0.0,2,subject_30
-0.4483265302665725,1.0,0.0,2.0,0.0,2.0,3,subject_30
-0.4483265302665725,1.0,0.0,2.0,0.0,1.0,1,subject_30
-0.4483265302665725,1.0,0.0,2.0,0.0,0.0,1,subject_30
-0.4483265302665725,1.0,0.0,2.0,1.0,2.0,5,subject_30
-0.4483265302665725,1.0,0.0,2.0,1.0,1.0,2,subject_30
-0.4483265302665725,1.0,0.0,2.0,1.0,0.0,1,subject_30
-0.4483265302665725,1.0,0.0,0.0,0.0,2.0,6,subject_30
-0.4483265302665725,1.0,0.0,0.0,0.0,1.0,5,subject_30
-0.4483265302665725,1.0,0.0,0.0,0.0,0.0,3,subject_30
-0.4483265302665725,1.0,0.0,0.0,1.0,2.0,6,subject_30
-0.4483265302665725,1.0,0.0,0.0,1.0,1.0,6,subject_30
-0.4483265302665725,1.0,0.0,0.0,1.0,0.0,5,subject_30
1.3857365480966777,-1.0,2.0,1.0,0.0,2.0,1,subject_30
1.3857365480966777,-1.0,2.0,1.0,0.0,1.0,1,subject_30
1.3857365480966777,-1.0,2.0,1.0,0.0,0.0,1,subject_30
1.3857365480966777,-1.0,2.0,1.0,1.0,2.0,2,subject_30
1.3857365480966777,-1.0,2.0,1.0,1.0,1.0,1,subject_30
1.3857365480966777,-1.0,2.0,1.0,1.0,0.0,1,subject_30
1.3857365480966777,-1.0,2.0,2.0,0.0,2.0,1,subject_30
1.3857365480966777,-1.0,2.0,2.0,0.0,1.0,1,subject_30
1.3857365480966777,-1.0,2.0,2.0,0.0,0.0,1,subject_30
1.3857365480966777,-1.0,2.0,2.0,1.0,2.0,1,subject_30
1.3857365480966777,-1.0,2.0,2.0,1.0,1.0,1,subject_30
1.3857365480966777,-1.0,2.0,2.0,1.0,0.0,1,subject_30
1.3857365480966777,-1.0,2.0,0.0,0.0,2.0,3,subject_30
1.3857365480966777,-1.0,2.0,0.0,0.0,1.0,1,subject_30
1.3857365480966777,-1.0,2.0,0.0,0.0,0.0,1,subject_30
1.3857365480966777,-1.0,2.0,0.0,1.0,2.0,5,subject_30
1.3857365480966777,-1.0,2.0,0.0,1.0,1.0,2,subject_30
1.3857365480966777,-1.0,2.0,0.0,1.0,0.0,1,subject_30
1.3857365480966777,-1.0,1.0,1.0,0.0,2.0,3,subject_30
1.3857365480966777,-1.0,1.0,1.0,0.0,1.0,1,subject_30
1.3857365480966777,-1.0,1.0,1.0,0.0,0.0,1,subject_30
1.3857365480966777,-1.0,1.0,1.0,1.0,2.0,5,subject_30
1.3857365480966777,-1.0,1.0,1.0,1.0,1.0,2,subject_30
1.3857365480966777,-1.0,1.0,1.0,1.0,0.0,1,subject_30
1.3857365480966777,-1.0,1.0,2.0,0.0,2.0,1,subject_30
1.3857365480966777,-1.0,1.0,2.0,0.0,1.0,1,subject_30
1.3857365480966777,-1.0,1.0,2.0,0.0,0.0,1,subject_30
1.3857365480966777,-1.0,1.0,2.0,1.0,2.0,2,subject_30
1.3857365480966777,-1.0,1.0,2.0,1.0,1.0,1,subject_30
1.3857365480966777,-1.0,1.0,2.0,1.0,0.0,1,subject_30
1.3857365480966777,-1.0,1.0,0.0,0.0,2.0,5,subject_30
1.3857365480966777,-1.0,1.0,0.0,0.0,1.0,3,subject_30
1.3857365480966777,-1.0,1.0,0.0,0.0,0.0,1,subject_30
1.3857365480966777,-1.0,1.0,0.0,1.0,2.0,6,subject_30
1.3857365480966777,-1.0,1.0,0.0,1.0,1.0,5,subject_30
1.3857365480966777,-1.0,1.0,0.0,1.0,0.0,2,subject_30
1.3857365480966777,-1.0,0.0,1.0,0.0,2.0,5,subject_30
1.3857365480966777,-1.0,0.0,1.0,0.0,1.0,2,subject_30
1.3857365480966777,-1.0,0.0,1.0,0.0,0.0,1,subject_30
1.3857365480966777,-1.0,0.0,1.0,1.0,2.0,6,subject_30
1.3857365480966777,-1.0,0.0,1.0,1.0,1.0,5,subject_30
1.3857365480966777,-1.0,0.0,1.0,1.0,0.0,2,subject_30
1.3857365480966777,-1.0,0.0,2.0,0.0,2.0,2,subject_30
1.3857365480966777,-1.0,0.0,2.0,0.0,1.0,1,subject_30
1.3857365480966777,-1.0,0.0,2.0,0.0,0.0,1,subject_30
1.3857365480966777,-1.0,0.0,2.0,1.0,2.0,5,subject_30
1.3857365480966777,-1.0,0.0,2.0,1.0,1.0,2,subject_30
1.3857365480966777,-1.0,0.0,2.0,1.0,0.0,1,subject_30
1.3857365480966777,-1.0,0.0,0.0,0.0,2.0,6,subject_30
1.3857365480966777,-1.0,0.0,0.0,0.0,1.0,5,subject_30
1.3857365480966777,-1.0,0.0,0.0,0.0,0.0,2,subject_30
1.3857365480966777,-1.0,0.0,0.0,1.0,2.0,6,subject_30
1.3857365480966777,-1.0,0.0,0.0,1.0,1.0,6,subject_30
1.3857365480966777,-1.0,0.0,0.0,1.0,0.0,4,subject_30
1.3857365480966777,1.0,2.0,1.0,0.0,2.0,3,subject_30
1.3857365480966777,1.0,2.0,1.0,0.0,1.0,1,subject_30
1.3857365480966777,1.0,2.0,1.0,0.0,0.0,1,subject_30
1.3857365480966777,1.0,2.0,1.0,1.0,2.0,5,subject_30
1.3857365480966777,1.0,2.0,1.0,1.0,1.0,2,subject_30
1.3857365480966777,1.0,2.0,1.0,1.0,0.0,1,subject_30
1.3857365480966777,1.0,2.0,2.0,0.0,2.0,1,subject_30
1.3857365480966777,1.0,2.0,2.0,0.0,1.0,1,subject_30
1.3857365480966777,1.0,2.0,2.0,0.0,0.0,1,subject_30
1.3857365480966777,1.0,2.0,2.0,1.0,2.0,2,subject_30
1.3857365480966777,1.0,2.0,2.0,1.0,1.0,1,subject_30
1.3857365480966777,1.0,2.0,2.0,1.0,0.0,1,subject_30
1.3857365480966777,1.0,2.0,0.0,0.0,2.0,6,subject_30
1.3857365480966777,1.0,2.0,0.0,0.0,1.0,3,subject_30
1.3857365480966777,1.0,2.0,0.0,0.0,0.0,1,subject_30
1.3857365480966777,1.0,2.0,0.0,1.0,2.0,6,subject_30
1.3857365480966777,1.0,2.0,0.0,1.0,1.0,5,subject_30
1.3857365480966777,1.0,2.0,0.0,1.0,0.0,2,subject_30
1.3857365480966777,1.0,1.0,1.0,0.0,2.0,5,subject_30
1.3857365480966777,1.0,1.0,1.0,0.0,1.0,3,subject_30
1.3857365480966777,1.0,1.0,1.0,0.0,0.0,1,subject_30
1.3857365480966777,1.0,1.0,1.0,1.0,2.0,6,subject_30
1.3857365480966777,1.0,1.0,1.0,1.0,1.0,5,subject_30
1.3857365480966777,1.0,1.0,1.0,1.0,0.0,2,subject_30
1.3857365480966777,1.0,1.0,2.0,0.0,2.0,3,subject_30
1.3857365480966777,1.0,1.0,2.0,0.0,1.0,1,subject_30
1.3857365480966777,1.0,1.0,2.0,0.0,0.0,1,subject_30
1.3857365480966777,1.0,1.0,2.0,1.0,2.0,5,subject_30
1.3857365480966777,1.0,1.0,2.0,1.0,1.0,2,subject_30
1.3857365480966777,1.0,1.0,2.0,1.0,0.0,1,subject_30
1.3857365480966777,1.0,1.0,0.0,0.0,2.0,6,subject_30
1.3857365480966777,1.0,1.0,0.0,0.0,1.0,5,subject_30
1.3857365480966777,1.0,1.0,0.0,0.0,0.0,3,subject_30
1.3857365480966777,1.0,1.0,0.0,1.0,2.0,6,subject_30
1.3857365480966777,1.0,1.0,0.0,1.0,1.0,6,subject_30
1.3857365480966777,1.0,1.0,0.0,1.0,0.0,5,subject_30
1.3857365480966777,1.0,0.0,1.0,0.0,2.0,6,subject_30
1.3857365480966777,1.0,0.0,1.0,0.0,1.0,5,subject_30
1.3857365480966777,1.0,0.0,1.0,0.0,0.0,2,subject_30
1.3857365480966777,1.0,0.0,1.0,1.0,2.0,6,subject_30
1.3857365480966777,1.0,0.0,1.0,1.0,1.0,6,subject_30
1.3857365480966777,1.0,0.0,1.0,1.0,0.0,4,subject_30
1.3857365480966777,1.0,0.0,2.0,0.0,2.0,5,subject_30
1.3857365480966777,1.0,0.0,2.0,0.0,1.0,2,subject_30
1.3857365480966777,1.0,0.0,2.0,0.0,0.0,1,subject_30
1.3857365480966777,1.0,0.0,2.0,1.0,2.0,6,subject_30
1.3857365480966777,1.0,0.0,2.0,1.0,1.0,4,subject_30
1.3857365480966777,1.0,0.0,2.0,1.0,0.0,2,subject_30
1.3857365480966777,1.0,0.0,0.0,0.0,2.0,6,subject_30
1.3857365480966777,1.0,0.0,0.0,0.0,1.0,6,subject_30
1.3857365480966777,1.0,0.0,0.0,0.0,0.0,5,subject_30
1.3857365480966777,1.0,0.0,0.0,1.0,2.0,6,subject_30
1.3857365480966777,1.0,0.0,0.0,1.0,1.0,6,subject_30
1.3857365480966777,1.0,0.0,0.0,1.0,0.0,6,subject_30
-0.937410017830106,-1.0,2.0,1.0,0.0,2.0,2,subject_31
-0.937410017830106,-1.0,2.0,1.0,0.0,1.0,1,subject_31
-0.937410017830106,-1.0,2.0,1.0,0.0,0.0,1,subject_31
-0.937410017830106,-1.0,2.0,1.0,1.0,2.0,3,subject_31
-0.937410017830106,-1.0,2.0,1.0,1.0,1.0,1,subject_31
-0.937410017830106,-1.0,2.0,1.0,1.0,0.0,1,subject_31
-0.937410017830106,-1.0,2.0,2.0,0.0,2.0,1,subject_31
-0.937410017830106,-1.0,2.0,2.0,0.0,1.0,1,subject_31
-0.937410017830106,-1.0,2.0,2.0,0.0,0.0,1,subject_31
-0.937410017830106,-1.0,2.0,2.0,1.0,2.0,1,subject_31
-0.937410017830106,-1.0,2.0,2.0,1.0,1.0,1,subject_31
-0.937410017830106,-1.0,2.0,2.0,1.0,0.0,1,subject_31
-0.937410017830106,-1.0,2.0,0.0,0.0,2.0,4,subject_31
-0.937410017830106,-1.0,2.0,0.0,0.0,1.0,2,subject_31
-0.937410017830106,-1.0,2.0,0.0,0.0,0.0,1,subject_31
-0.937410017830106,-1.0,2.0,0.0,1.0,2.0,5,subject_31
-0.937410017830106,-1.0,2.0,0.0,1.0,1.0,3,subject_31
-0.937410017830106,-1.0,2.0,0.0,1.0,0.0,1,subject_31
-0.937410017830106,-1.0,1.0,1.0,0.0,2.0,4,subject_31
-0.937410017830106,-1.0,1.0,1.0,0.0,1.0,2,subject_31
-0.937410017830106,-1.0,1.0,1.0,0.0,0.0,1,subject_31
-0.937410017830106,-1.0,1.0,1.0,1.0,2.0,6,subject_31
-0.937410017830106,-1.0,1.0,1.0,1.0,1.0,4,subject_31
-0.937410017830106,-1.0,1.0,1.0,1.0,0.0,2,subject_31
-0.937410017830106,-1.0,1.0,2.0,0.0,2.0,2,subject_31
-0.937410017830106,-1.0,1.0,2.0,0.0,1.0,1,subject_31
-0.937410017830106,-1.0,1.0,2.0,0.0,0.0,1,subject_31
-0.937410017830106,-1.0,1.0,2.0,1.0,2.0,4,subject_31
-0.937410017830106,-1.0,1.0,2.0,1.0,1.0,2,subject_31
-0.937410017830106,-1.0,1.0,2.0,1.0,0.0,1,subject_31
-0.937410017830106,-1.0,1.0,0.0,0.0,2.0,6,subject_31
-0.937410017830106,-1.0,1.0,0.0,0.0,1.0,4,subject_31
-0.937410017830106,-1.0,1.0,0.0,0.0,0.0,2,subject_31
-0.937410017830106,-1.0,1.0,0.0,1.0,2.0,6,subject_31
-0.937410017830106,-1.0,1.0,0.0,1.0,1.0,6,subject_31
-0.937410017830106,-1.0,1.0,0.0,1.0,0.0,4,subject_31
-0.937410017830106,-1.0,0.0,1.0,0.0,2.0,6,subject_31
-0.937410017830106,-1.0,0.0,1.0,0.0,1.0,5,subject_31
-0.937410017830106,-1.0,0.0,1.0,0.0,0.0,2,subject_31
-0.937410017830106,-1.0,0.0,1.0,1.0,2.0,6,subject_31
-0.937410017830106,-1.0,0.0,1.0,1.0,1.0,6,subject_31
-0.937410017830106,-1.0,0.0,1.0,1.0,0.0,4,subject_31
-0.937410017830106,-1.0,0.0,2.0,0.0,2.0,4,subject_31
-0.937410017830106,-1.0,0.0,2.0,0.0,1.0,2,subject_31
-0.937410017830106,-1.0,0.0,2.0,0.0,0.0,1,subject_31
-0.937410017830106,-1.0,0.0,2.0,1.0,2.0,6,subject_31
-0.937410017830106,-1.0,0.0,2.0,1.0,1.0,4,subject_31
-0.937410017830106,-1.0,0.0,2.0,1.0,0.0,2,subject_31
-0.937410017830106,-1.0,0.0,0.0,0.0,2.0,6,subject_31
-0.937410017830106,-1.0,0.0,0.0,0.0,1.0,6,subject_31
-0.937410017830106,-1.0,0.0,0.0,0.0,0.0,5,subject_31
-0.937410017830106,-1.0,0.0,0.0,1.0,2.0,6,subject_31
-0.937410017830106,-1.0,0.0,0.0,1.0,1.0,6,subject_31
-0.937410017830106,-1.0,0.0,0.0,1.0,0.0,6,subject_31
-0.937410017830106,1.0,2.0,1.0,0.0,2.0,1,subject_31
-0.937410017830106,1.0,2.0,1.0,0.0,1.0,1,subject_31
-0.937410017830106,1.0,2.0,1.0,0.0,0.0,1,subject_31
-0.937410017830106,1.0,2.0,1.0,1.0,2.0,2,subject_31
-0.937410017830106,1.0,2.0,1.0,1.0,1.0,1,subject_31
-0.937410017830106,1.0,2.0,1.0,1.0,0.0,1,subject_31
-0.937410017830106,1.0,2.0,2.0,0.0,2.0,1,subject_31
-0.937410017830106,1.0,2.0,2.0,0.0,1.0,1,subject_31
-0.937410017830106,1.0,2.0,2.0,0.0,0.0,1,subject_31
-0.937410017830106,1.0,2.0,2.0,1.0,2.0,1,subject_31
-0.937410017830106,1.0,2.0,2.0,1.0,1.0,1,subject_31
-0.937410017830106,1.0,2.0,2.0,1.0,0.0,1,subject_31
-0.937410017830106,1.0,2.0,0.0,0.0,2.0,3,subject_31
-0.937410017830106,1.0,2.0,0.0,0.0,1.0,1,subject_31
-0.937410017830106,1.0,2.0,0.0,0.0,0.0,1,subject_31
-0.937410017830106,1.0,2.0,0.0,1.0,2.0,5,subject_31
-0.937410017830106,1.0,2.0,0.0,1.0,1.0,2,subject_31
-0.937410017830106,1.0,2.0,0.0,1.0,0.0,1,subject_31
-0.937410017830106,1.0,1.0,1.0,0.0,2.0,3,subject_31
-0.937410017830106,1.0,1.0,1.0,0.0,1.0,1,subject_31
-0.937410017830106,1.0,1.0,1.0,0.0,0.0,1,subject_31
-0.937410017830106,1.0,1.0,1.0,1.0,2.0,5,subject_31
-0.937410017830106,1.0,1.0,1.0,1.0,1.0,3,subject_31
-0.937410017830106,1.0,1.0,1.0,1.0,0.0,1,subject_31
-0.937410017830106,1.0,1.0,2.0,0.0,2.0,1,subject_31
-0.937410017830106,1.0,1.0,2.0,0.0,1.0,1,subject_31
-0.937410017830106,1.0,1.0,2.0,0.0,0.0,1,subject_31
-0.937410017830106,1.0,1.0,2.0,1.0,2.0,3,subject_31
-0.937410017830106,1.0,1.0,2.0,1.0,1.0,1,subject_31
-0.937410017830106,1.0,1.0,2.0,1.0,0.0,1,subject_31
-0.937410017830106,1.0,1.0,0.0,0.0,2.0,5,subject_31
-0.937410017830106,1.0,1.0,0.0,0.0,1.0,3,subject_31
-0.937410017830106,1.0,1.0,0.0,0.0,0.0,1,subject_31
-0.937410017830106,1.0,1.0,0.0,1.0,2.0,6,subject_31
-0.937410017830106,1.0,1.0,0.0,1.0,1.0,5,subject_31
-0.937410017830106,1.0,1.0,0.0,1.0,0.0,3,subject_31
-0.937410017830106,1.0,0.0,1.0,0.0,2.0,6,subject_31
-0.937410017830106,1.0,0.0,1.0,0.0,1.0,4,subject_31
-0.937410017830106,1.0,0.0,1.0,0.0,0.0,2,subject_31
-0.937410017830106,1.0,0.0,1.0,1.0,2.0,6,subject_31
-0.937410017830106,1.0,0.0,1.0,1.0,1.0,5,subject_31
-0.937410017830106,1.0,0.0,1.0,1.0,0.0,3,subject_31
-0.937410017830106,1.0,0.0,2.0,0.0,2.0,3,subject_31
-0.937410017830106,1.0,0.0,2.0,0.0,1.0,1,subject_31
-0.937410017830106,1.0,0.0,2.0,0.0,0.0,1,subject_31
-0.937410017830106,1.0,0.0,2.0,1.0,2.0,5,subject_31
-0.937410017830106,1.0,0.0,2.0,1.0,1.0,3,subject_31
-0.937410017830106,1.0,0.0,2.0,1.0,0.0,1,subject_31
-0.937410017830106,1.0,0.0,0.0,0.0,2.0,6,subject_31
-0.937410017830106,1.0,0.0,0.0,0.0,1.0,6,subject_31
-0.937410017830106,1.0,0.0,0.0,0.0,0.0,4,subject_31
-0.937410017830106,1.0,0.0,0.0,1.0,2.0,6,subject_31
-0.937410017830106,1.0,0.0,0.0,1.0,1.0,6,subject_31
-0.937410017830106,1.0,0.0,0.0,1.0,0.0,5,subject_31
-0.4483265302665725,-1.0,2.0,1.0,0.0,2.0,1,subject_31
-0.4483265302665725,-1.0,2.0,1.0,0.0,1.0,1,subject_31
-0.4483265302665725,-1.0,2.0,1.0,0.0,0.0,1,subject_31
-0.4483265302665725,-1.0,2.0,1.0,1.0,2.0,2,subject_31
-0.4483265302665725,-1.0,2.0,1.0,1.0,1.0,1,subject_31
-0.4483265302665725,-1.0,2.0,1.0,1.0,0.0,1,subject_31
-0.4483265302665725,-1.0,2.0,2.0,0.0,2.0,1,subject_31
-0.4483265302665725,-1.0,2.0,2.0,0.0,1.0,1,subject_31
-0.4483265302665725,-1.0,2.0,2.0,0.0,0.0,1,subject_31
-0.4483265302665725,-1.0,2.0,2.0,1.0,2.0,1,subject_31
-0.4483265302665725,-1.0,2.0,2.0,1.0,1.0,1,subject_31
-0.4483265302665725,-1.0,2.0,2.0,1.0,0.0,1,subject_31
-0.4483265302665725,-1.0,2.0,0.0,0.0,2.0,3,subject_31
-0.4483265302665725,-1.0,2.0,0.0,0.0,1.0,1,subject_31
-0.4483265302665725,-1.0,2.0,0.0,0.0,0.0,1,subject_31
-0.4483265302665725,-1.0,2.0,0.0,1.0,2.0,5,subject_31
-0.4483265302665725,-1.0,2.0,0.0,1.0,1.0,2,subject_31
-0.4483265302665725,-1.0,2.0,0.0,1.0,0.0,1,subject_31
-0.4483265302665725,-1.0,1.0,1.0,0.0,2.0,3,subject_31
-0.4483265302665725,-1.0,1.0,1.0,0.0,1.0,1,subject_31
-0.4483265302665725,-1.0,1.0,1.0,0.0,0.0,1,subject_31
-0.4483265302665725,-1.0,1.0,1.0,1.0,2.0,5,subject_31
-0.4483265302665725,-1.0,1.0,1.0,1.0,1.0,3,subject_31
-0.4483265302665725,-1.0,1.0,1.0,1.0,0.0,1,subject_31
-0.4483265302665725,-1.0,1.0,2.0,0.0,2.0,1,subject_31
-0.4483265302665725,-1.0,1.0,2.0,0.0,1.0,1,subject_31
-0.4483265302665725,-1.0,1.0,2.0,0.0,0.0,1,subject_31
-0.4483265302665725,-1.0,1.0,2.0,1.0,2.0,3,subject_31
-0.4483265302665725,-1.0,1.0,2.0,1.0,1.0,1,subject_31
-0.4483265302665725,-1.0,1.0,2.0,1.0,0.0,1,subject_31
-0.4483265302665725,-1.0,1.0,0.0,0.0,2.0,5,subject_31
-0.4483265302665725,-1.0,1.0,0.0,0.0,1.0,3,subject_31
-0.4483265302665725,-1.0,1.0,0.0,0.0,0.0,1,subject_31
-0.4483265302665725,-1.0,1.0,0.0,1.0,2.0,6,subject_31
-0.4483265302665725,-1.0,1.0,0.0,1.0,1.0,5,subject_31
-0.4483265302665725,-1.0,1.0,0.0,1.0,0.0,3,subject_31
-0.4483265302665725,-1.0,0.0,1.0,0.0,2.0,6,subject_31
-0.4483265302665725,-1.0,0.0,1.0,0.0,1.0,4,subject_31
-0.4483265302665725,-1.0,0.0,1.0,0.0,0.0,2,subject_31
-0.4483265302665725,-1.0,0.0,1.0,1.0,2.0,6,subject_31
-0.4483265302665725,-1.0,0.0,1.0,1.0,1.0,5,subject_31
-0.4483265302665725,-1.0,0.0,1.0,1.0,0.0,3,subject_31
-0.4483265302665725,-1.0,0.0,2.0,0.0,2.0,3,subject_31
-0.4483265302665725,-1.0,0.0,2.0,0.0,1.0,1,subject_31
-0.4483265302665725,-1.0,0.0,2.0,0.0,0.0,1,subject_31
-0.4483265302665725,-1.0,0.0,2.0,1.0,2.0,5,subject_31
-0.4483265302665725,-1.0,0.0,2.0,1.0,1.0,3,subject_31
-0.4483265302665725,-1.0,0.0,2.0,1.0,0.0,1,subject_31
-0.4483265302665725,-1.0,0.0,0.0,0.0,2.0,6,subject_31
-0.4483265302665725,-1.0,0.0,0.0,0.0,1.0,6,subject_31
-0.4483265302665725,-1.0,0.0,0.0,0.0,0.0,4,subject_31
-0.4483265302665725,-1.0,0.0,0.0,1.0,2.0,6,subject_31
-0.4483265302665725,-1.0,0.0,0.0,1.0,1.0,6,subject_31
-0.4483265302665725,-1.0,0.0,0.0,1.0,0.0,5,subject_31
-0.4483265302665725,1.0,2.0,1.0,0.0,2.0,1,subject_31
-0.4483265302665725,1.0,2.0,1.0,0.0,1.0,1,subject_31
-0.4483265302665725,1.0,2.0,1.0,0.0,0.0,1,subject_31
-0.4483265302665725,1.0,2.0,1.0,1.0,2.0,2,subject_31
-0.4483265302665725,1.0,2.0,1.0,1.0,1.0,1,subject_31
-0.4483265302665725,1.0,2.0,1.0,1.0,0.0,1,subject_31
-0.4483265302665725,1.0,2.0,2.0,0.0,2.0,1,subject_31
-0.4483265302665725,1.0,2.0,2.0,0.0,1.0,1,subject_31
-0.4483265302665725,1.0,2.0,2.0,0.0,0.0,1,subject_31
-0.4483265302665725,1.0,2.0,2.0,1.0,2.0,1,subject_31
-0.4483265302665725,1.0,2.0,2.0,1.0,1.0,1,subject_31
-0.4483265302665725,1.0,2.0,2.0,1.0,0.0,1,subject_31
-0.4483265302665725,1.0,2.0,0.0,0.0,2.0,3,subject_31
-0.4483265302665725,1.0,2.0,0.0,0.0,1.0,1,subject_31
-0.4483265302665725,1.0,2.0,0.0,0.0,0.0,1,subject_31
-0.4483265302665725,1.0,2.0,0.0,1.0,2.0,5,subject_31
-0.4483265302665725,1.0,2.0,0.0,1.0,1.0,3,subject_31
-0.4483265302665725,1.0,2.0,0.0,1.0,0.0,1,subject_31
-0.4483265302665725,1.0,1.0,1.0,0.0,2.0,3,subject_31
-0.4483265302665725,1.0,1.0,1.0,0.0,1.0,1,subject_31
-0.4483265302665725,1.0,1.0,1.0,0.0,0.0,1,subject_31
-0.4483265302665725,1.0,1.0,1.0,1.0,2.0,5,subject_31
-0.4483265302665725,1.0,1.0,1.0,1.0,1.0,3,subject_31
-0.4483265302665725,1.0,1.0,1.0,1.0,0.0,1,subject_31
-0.4483265302665725,1.0,1.0,2.0,0.0,2.0,1,subject_31
-0.4483265302665725,1.0,1.0,2.0,0.0,1.0,1,subject_31
-0.4483265302665725,1.0,1.0,2.0,0.0,0.0,1,subject_31
-0.4483265302665725,1.0,1.0,2.0,1.0,2.0,3,subject_31
-0.4483265302665725,1.0,1.0,2.0,1.0,1.0,1,subject_31
-0.4483265302665725,1.0,1.0,2.0,1.0,0.0,1,subject_31
-0.4483265302665725,1.0,1.0,0.0,0.0,2.0,5,subject_31
-0.4483265302665725,1.0,1.0,0.0,0.0,1.0,3,subject_31
-0.4483265302665725,1.0,1.0,0.0,0.0,0.0,1,subject_31
-0.4483265302665725,1.0,1.0,0.0,1.0,2.0,6,subject_31
-0.4483265302665725,1.0,1.0,0.0,1.0,1.0,5,subject_31
-0.4483265302665725,1.0,1.0,0.0,1.0,0.0,3,subject_31
-0.4483265302665725,1.0,0.0,1.0,0.0,2.0,6,subject_31
-0.4483265302665725,1.0,0.0,1.0,0.0,1.0,4,subject_31
-0.4483265302665725,1.0,0.0,1.0,0.0,0.0,2,subject_31
-0.4483265302665725,1.0,0.0,1.0,1.0,2.0,6,subject_31
-0.4483265302665725,1.0,0.0,1.0,1.0,1.0,5,subject_31
-0.4483265302665725,1.0,0.0,1.0,1.0,0.0,3,subject_31
-0.4483265302665725,1.0,0.0,2.0,0.0,2.0,3,subject_31
-0.4483265302665725,1.0,0.0,2.0,0.0,1.0,1,subject_31
-0.4483265302665725,1.0,0.0,2.0,0.0,0.0,1,subject_31
-0.4483265302665725,1.0,0.0,2.0,1.0,2.0,5,subject_31
-0.4483265302665725,1.0,0.0,2.0,1.0,1.0,3,subject_31
-0.4483265302665725,1.0,0.0,2.0,1.0,0.0,1,subject_31
-0.4483265302665725,1.0,0.0,0.0,0.0,2.0,6,subject_31
-0.4483265302665725,1.0,0.0,0.0,0.0,1.0,6,subject_31
-0.4483265302665725,1.0,0.0,0.0,0.0,0.0,4,subject_31
-0.4483265302665725,1.0,0.0,0.0,1.0,2.0,6,subject_31
-0.4483265302665725,1.0,0.0,0.0,1.0,1.0,6,subject_31
-0.4483265302665725,1.0,0.0,0.0,1.0,0.0,5,subject_31
1.3857365480966777,-1.0,2.0,1.0,0.0,2.0,1,subject_31
1.3857365480966777,-1.0,2.0,1.0,0.0,1.0,1,subject_31
1.3857365480966777,-1.0,2.0,1.0,0.0,0.0,1,subject_31
1.3857365480966777,-1.0,2.0,1.0,1.0,2.0,1,subject_31
1.3857365480966777,-1.0,2.0,1.0,1.0,1.0,1,subject_31
1.3857365480966777,-1.0,2.0,1.0,1.0,0.0,1,subject_31
1.3857365480966777,-1.0,2.0,2.0,0.0,2.0,1,subject_31
1.3857365480966777,-1.0,2.0,2.0,0.0,1.0,1,subject_31
1.3857365480966777,-1.0,2.0,2.0,0.0,0.0,1,subject_31
1.3857365480966777,-1.0,2.0,2.0,1.0,2.0,1,subject_31
1.3857365480966777,-1.0,2.0,2.0,1.0,1.0,1,subject_31
1.3857365480966777,-1.0,2.0,2.0,1.0,0.0,1,subject_31
1.3857365480966777,-1.0,2.0,0.0,0.0,2.0,1,subject_31
1.3857365480966777,-1.0,2.0,0.0,0.0,1.0,1,subject_31
1.3857365480966777,-1.0,2.0,0.0,0.0,0.0,1,subject_31
1.3857365480966777,-1.0,2.0,0.0,1.0,2.0,2,subject_31
1.3857365480966777,-1.0,2.0,0.0,1.0,1.0,1,subject_31
1.3857365480966777,-1.0,2.0,0.0,1.0,0.0,1,subject_31
1.3857365480966777,-1.0,1.0,1.0,0.0,2.0,1,subject_31
1.3857365480966777,-1.0,1.0,1.0,0.0,1.0,1,subject_31
1.3857365480966777,-1.0,1.0,1.0,0.0,0.0,1,subject_31
1.3857365480966777,-1.0,1.0,1.0,1.0,2.0,2,subject_31
1.3857365480966777,-1.0,1.0,1.0,1.0,1.0,1,subject_31
1.3857365480966777,-1.0,1.0,1.0,1.0,0.0,1,subject_31
1.3857365480966777,-1.0,1.0,2.0,0.0,2.0,1,subject_31
1.3857365480966777,-1.0,1.0,2.0,0.0,1.0,1,subject_31
1.3857365480966777,-1.0,1.0,2.0,0.0,0.0,1,subject_31
1.3857365480966777,-1.0,1.0,2.0,1.0,2.0,1,subject_31
1.3857365480966777,-1.0,1.0,2.0,1.0,1.0,1,subject_31
1.3857365480966777,-1.0,1.0,2.0,1.0,0.0,1,subject_31
1.3857365480966777,-1.0,1.0,0.0,0.0,2.0,2,subject_31
1.3857365480966777,-1.0,1.0,0.0,0.0,1.0,1,subject_31
1.3857365480966777,-1.0,1.0,0.0,0.0,0.0,1,subject_31
1.3857365480966777,-1.0,1.0,0.0,1.0,2.0,5,subject_31
1.3857365480966777,-1.0,1.0,0.0,1.0,1.0,2,subject_31
1.3857365480966777,-1.0,1.0,0.0,1.0,0.0,1,subject_31
1.3857365480966777,-1.0,0.0,1.0,0.0,2.0,3,subject_31
1.3857365480966777,-1.0,0.0,1.0,0.0,1.0,1,subject_31
1.3857365480966777,-1.0,0.0,1.0,0.0,0.0,1,subject_31
1.3857365480966777,-1.0,0.0,1.0,1.0,2.0,5,subject_31
1.3857365480966777,-1.0,0.0,1.0,1.0,1.0,2,subject_31
1.3857365480966777,-1.0,0.0,1.0,1.0,0.0,1,subject_31
1.3857365480966777,-1.0,0.0,2.0,0.0,2.0,1,subject_31
1.3857365480966777,-1.0,0.0,2.0,0.0,1.0,1,subject_31
1.3857365480966777,-1.0,0.0,2.0,0.0,0.0,1,subject_31
1.3857365480966777,-1.0,0.0,2.0,1.0,2.0,2,subject_31
1.3857365480966777,-1.0,0.0,2.0,1.0,1.0,1,subject_31
1.3857365480966777,-1.0,0.0,2.0,1.0,0.0,1,subject_31
1.3857365480966777,-1.0,0.0,0.0,0.0,2.0,5,subject_31
1.3857365480966777,-1.0,0.0,0.0,0.0,1.0,3,subject_31
1.3857365480966777,-1.0,0.0,0.0,0.0,0.0,1,subject_31
1.3857365480966777,-1.0,0.0,0.0,1.0,2.0,6,subject_31
1.3857365480966777,-1.0,0.0,0.0,1.0,1.0,5,subject_31
1.3857365480966777,-1.0,0.0,0.0,1.0,0.0,2,subject_31
1.3857365480966777,1.0,2.0,1.0,0.0,2.0,1,subject_31
1.3857365480966777,1.0,2.0,1.0,0.0,1.0,1,subject_31
1.3857365480966777,1.0,2.0,1.0,0.0,0.0,1,subject_31
1.3857365480966777,1.0,2.0,1.0,1.0,2.0,3,subject_31
1.3857365480966777,1.0,2.0,1.0,1.0,1.0,1,subject_31
1.3857365480966777,1.0,2.0,1.0,1.0,0.0,1,subject_31
1.3857365480966777,1.0,2.0,2.0,0.0,2.0,1,subject_31
1.3857365480966777,1.0,2.0,2.0,0.0,1.0,1,subject_31
1.3857365480966777,1.0,2.0,2.0,0.0,0.0,1,subject_31
1.3857365480966777,1.0,2.0,2.0,1.0,2.0,1,subject_31
1.3857365480966777,1.0,2.0,2.0,1.0,1.0,1,subject_31
1.3857365480966777,1.0,2.0,2.0,1.0,0.0,1,subject_31
1.3857365480966777,1.0,2.0,0.0,0.0,2.0,3,subject_31
1.3857365480966777,1.0,2.0,0.0,0.0,1.0,1,subject_31
1.3857365480966777,1.0,2.0,0.0,0.0,0.0,1,subject_31
1.3857365480966777,1.0,2.0,0.0,1.0,2.0,5,subject_31
1.3857365480966777,1.0,2.0,0.0,1.0,1.0,3,subject_31
1.3857365480966777,1.0,2.0,0.0,1.0,0.0,1,subject_31
1.3857365480966777,1.0,1.0,1.0,0.0,2.0,3,subject_31
1.3857365480966777,1.0,1.0,1.0,0.0,1.0,1,subject_31
1.3857365480966777,1.0,1.0,1.0,0.0,0.0,1,subject_31
1.3857365480966777,1.0,1.0,1.0,1.0,2.0,5,subject_31
1.3857365480966777,1.0,1.0,1.0,1.0,1.0,3,subject_31
1.3857365480966777,1.0,1.0,1.0,1.0,0.0,1,subject_31
1.3857365480966777,1.0,1.0,2.0,0.0,2.0,1,subject_31
1.3857365480966777,1.0,1.0,2.0,0.0,1.0,1,subject_31
1.3857365480966777,1.0,1.0,2.0,0.0,0.0,1,subject_31
1.3857365480966777,1.0,1.0,2.0,1.0,2.0,3,subject_31
1.3857365480966777,1.0,1.0,2.0,1.0,1.0,1,subject_31
1.3857365480966777,1.0,1.0,2.0,1.0,0.0,1,subject_31
1.3857365480966777,1.0,1.0,0.0,0.0,2.0,6,subject_31
1.3857365480966777,1.0,1.0,0.0,0.0,1.0,4,subject_31
1.3857365480966777,1.0,1.0,0.0,0.0,0.0,2,subject_31
1.3857365480966777,1.0,1.0,0.0,1.0,2.0,6,subject_31
1.3857365480966777,1.0,1.0,0.0,1.0,1.0,5,subject_31
1.3857365480966777,1.0,1.0,0.0,1.0,0.0,3,subject_31
1.3857365480966777,1.0,0.0,1.0,0.0,2.0,6,subject_31
1.3857365480966777,1.0,0.0,1.0,0.0,1.0,4,subject_31
1.3857365480966777,1.0,0.0,1.0,0.0,0.0,2,subject_31
1.3857365480966777,1.0,0.0,1.0,1.0,2.0,6,subject_31
1.3857365480966777,1.0,0.0,1.0,1.0,1.0,6,subject_31
1.3857365480966777,1.0,0.0,1.0,1.0,0.0,4,subject_31
1.3857365480966777,1.0,0.0,2.0,0.0,2.0,4,subject_31
1.3857365480966777,1.0,0.0,2.0,0.0,1.0,2,subject_31
1.3857365480966777,1.0,0.0,2.0,0.0,0.0,1,subject_31
1.3857365480966777,1.0,0.0,2.0,1.0,2.0,5,subject_31
1.3857365480966777,1.0,0.0,2.0,1.0,1.0,3,subject_31
1.3857365480966777,1.0,0.0,2.0,1.0,0.0,1,subject_31
1.3857365480966777,1.0,0.0,0.0,0.0,2.0,6,subject_31
1.3857365480966777,1.0,0.0,0.0,0.0,1.0,6,subject_31
1.3857365480966777,1.0,0.0,0.0,0.0,0.0,4,subject_31
1.3857365480966777,1.0,0.0,0.0,1.0,2.0,6,subject_31
1.3857365480966777,1.0,0.0,0.0,1.0,1.0,6,subject_31
1.3857365480966777,1.0,0.0,0.0,1.0,0.0,6,subject_31
-0.937410017830106,-1.0,2.0,1.0,0.0,2.0,1,subject_32
-0.937410017830106,-1.0,2.0,1.0,0.0,1.0,1,subject_32
-0.937410017830106,-1.0,2.0,1.0,0.0,0.0,1,subject_32
-0.937410017830106,-1.0,2.0,1.0,1.0,2.0,1,subject_32
-0.937410017830106,-1.0,2.0,1.0,1.0,1.0,1,subject_32
-0.937410017830106,-1.0,2.0,1.0,1.0,0.0,1,subject_32
-0.937410017830106,-1.0,2.0,2.0,0.0,2.0,1,subject_32
-0.937410017830106,-1.0,2.0,2.0,0.0,1.0,1,subject_32
-0.937410017830106,-1.0,2.0,2.0,0.0,0.0,1,subject_32
-0.937410017830106,-1.0,2.0,2.0,1.0,2.0,1,subject_32
-0.937410017830106,-1.0,2.0,2.0,1.0,1.0,1,subject_32
-0.937410017830106,-1.0,2.0,2.0,1.0,0.0,1,subject_32
-0.937410017830106,-1.0,2.0,0.0,0.0,2.0,2,subject_32
-0.937410017830106,-1.0,2.0,0.0,0.0,1.0,1,subject_32
-0.937410017830106,-1.0,2.0,0.0,0.0,0.0,1,subject_32
-0.937410017830106,-1.0,2.0,0.0,1.0,2.0,4,subject_32
-0.937410017830106,-1.0,2.0,0.0,1.0,1.0,2,subject_32
-0.937410017830106,-1.0,2.0,0.0,1.0,0.0,1,subject_32
-0.937410017830106,-1.0,1.0,1.0,0.0,2.0,2,subject_32
-0.937410017830106,-1.0,1.0,1.0,0.0,1.0,1,subject_32
-0.937410017830106,-1.0,1.0,1.0,0.0,0.0,1,subject_32
-0.937410017830106,-1.0,1.0,1.0,1.0,2.0,3,subject_32
-0.937410017830106,-1.0,1.0,1.0,1.0,1.0,2,subject_32
-0.937410017830106,-1.0,1.0,1.0,1.0,0.0,1,subject_32
-0.937410017830106,-1.0,1.0,2.0,0.0,2.0,1,subject_32
-0.937410017830106,-1.0,1.0,2.0,0.0,1.0,1,subject_32
-0.937410017830106,-1.0,1.0,2.0,0.0,0.0,1,subject_32
-0.937410017830106,-1.0,1.0,2.0,1.0,2.0,1,subject_32
-0.937410017830106,-1.0,1.0,2.0,1.0,1.0,1,subject_32
-0.937410017830106,-1.0,1.0,2.0,1.0,0.0,1,subject_32
-0.937410017830106,-1.0,1.0,0.0,0.0,2.0,4,subject_32
-0.937410017830106,-1.0,1.0,0.0,0.0,1.0,2,subject_32
-0.937410017830106,-1.0,1.0,0.0,0.0,0.0,1,subject_32
-0.937410017830106,-1.0,1.0,0.0,1.0,2.0,6,subject_32
-0.937410017830106,-1.0,1.0,0.0,1.0,1.0,4,subject_32
-0.937410017830106,-1.0,1.0,0.0,1.0,0.0,2,subject_32
-0.937410017830106,-1.0,0.0,1.0,0.0,2.0,4,subject_32
-0.937410017830106,-1.0,0.0,1.0,0.0,1.0,2,subject_32
-0.937410017830106,-1.0,0.0,1.0,0.0,0.0,1,subject_32
-0.937410017830106,-1.0,0.0,1.0,1.0,2.0,5,subject_32
-0.937410017830106,-1.0,0.0,1.0,1.0,1.0,4,subject_32
-0.937410017830106,-1.0,0.0,1.0,1.0,0.0,2,subject_32
-0.937410017830106,-1.0,0.0,2.0,0.0,2.0,1,subject_32
-0.937410017830106,-1.0,0.0,2.0,0.0,1.0,1,subject_32
-0.937410017830106,-1.0,0.0,2.0,0.0,0.0,1,subject_32
-0.937410017830106,-1.0,0.0,2.0,1.0,2.0,3,subject_32
-0.937410017830106,-1.0,0.0,2.0,1.0,1.0,2,subject_32
-0.937410017830106,-1.0,0.0,2.0,1.0,0.0,1,subject_32
-0.937410017830106,-1.0,0.0,0.0,0.0,2.0,6,subject_32
-0.937410017830106,-1.0,0.0,0.0,0.0,1.0,5,subject_32
-0.937410017830106,-1.0,0.0,0.0,0.0,0.0,3,subject_32
-0.937410017830106,-1.0,0.0,0.0,1.0,2.0,6,subject_32
-0.937410017830106,-1.0,0.0,0.0,1.0,1.0,6,subject_32
-0.937410017830106,-1.0,0.0,0.0,1.0,0.0,5,subject_32
-0.937410017830106,1.0,2.0,1.0,0.0,2.0,1,subject_32
-0.937410017830106,1.0,2.0,1.0,0.0,1.0,1,subject_32
-0.937410017830106,1.0,2.0,1.0,0.0,0.0,1,subject_32
-0.937410017830106,1.0,2.0,1.0,1.0,2.0,3,subject_32
-0.937410017830106,1.0,2.0,1.0,1.0,1.0,2,subject_32
-0.937410017830106,1.0,2.0,1.0,1.0,0.0,1,subject_32
-0.937410017830106,1.0,2.0,2.0,0.0,2.0,1,subject_32
-0.937410017830106,1.0,2.0,2.0,0.0,1.0,1,subject_32
-0.937410017830106,1.0,2.0,2.0,0.0,0.0,1,subject_32
-0.937410017830106,1.0,2.0,2.0,1.0,2.0,1,subject_32
-0.937410017830106,1.0,2.0,2.0,1.0,1.0,1,subject_32
-0.937410017830106,1.0,2.0,2.0,1.0,0.0,1,subject_32
-0.937410017830106,1.0,2.0,0.0,0.0,2.0,4,subject_32
-0.937410017830106,1.0,2.0,0.0,0.0,1.0,2,subject_32
-0.937410017830106,1.0,2.0,0.0,0.0,0.0,1,subject_32
-0.937410017830106,1.0,2.0,0.0,1.0,2.0,5,subject_32
-0.937410017830106,1.0,2.0,0.0,1.0,1.0,4,subject_32
-0.937410017830106,1.0,2.0,0.0,1.0,0.0,2,subject_32
-0.937410017830106,1.0,1.0,1.0,0.0,2.0,3,subject_32
-0.937410017830106,1.0,1.0,1.0,0.0,1.0,2,subject_32
-0.937410017830106,1.0,1.0,1.0,0.0,0.0,1,subject_32
-0.937410017830106,1.0,1.0,1.0,1.0,2.0,5,subject_32
-0.937410017830106,1.0,1.0,1.0,1.0,1.0,4,subject_32
-0.937410017830106,1.0,1.0,1.0,1.0,0.0,2,subject_32
-0.937410017830106,1.0,1.0,2.0,0.0,2.0,1,subject_32
-0.937410017830106,1.0,1.0,2.0,0.0,1.0,1,subject_32
-0.937410017830106,1.0,1.0,2.0,0.0,0.0,1,subject_32
-0.937410017830106,1.0,1.0,2.0,1.0,2.0,3,subject_32
-0.937410017830106,1.0,1.0,2.0,1.0,1.0,1,subject_32
-0.937410017830106,1.0,1.0,2.0,1.0,0.0,1,subject_32
-0.937410017830106,1.0,1.0,0.0,0.0,2.0,6,subject_32
-0.937410017830106,1.0,1.0,0.0,0.0,1.0,4,subject_32
-0.937410017830106,1.0,1.0,0.0,0.0,0.0,2,subject_32
-0.937410017830106,1.0,1.0,0.0,1.0,2.0,6,subject_32
-0.937410017830106,1.0,1.0,0.0,1.0,1.0,6,subject_32
-0.937410017830106,1.0,1.0,0.0,1.0,0.0,4,subject_32
-0.937410017830106,1.0,0.0,1.0,0.0,2.0,5,subject_32
-0.937410017830106,1.0,0.0,1.0,0.0,1.0,4,subject_32
-0.937410017830106,1.0,0.0,1.0,0.0,0.0,2,subject_32
-0.937410017830106,1.0,0.0,1.0,1.0,2.0,6,subject_32
-0.937410017830106,1.0,0.0,1.0,1.0,1.0,6,subject_32
-0.937410017830106,1.0,0.0,1.0,1.0,0.0,4,subject_32
-0.937410017830106,1.0,0.0,2.0,0.0,2.0,3,subject_32
-0.937410017830106,1.0,0.0,2.0,0.0,1.0,1,subject_32
-0.937410017830106,1.0,0.0,2.0,0.0,0.0,1,subject_32
-0.937410017830106,1.0,0.0,2.0,1.0,2.0,5,subject_32
-0.937410017830106,1.0,0.0,2.0,1.0,1.0,3,subject_32
-0.937410017830106,1.0,0.0,2.0,1.0,0.0,2,subject_32
-0.937410017830106,1.0,0.0,0.0,0.0,2.0,6,subject_32
-0.937410017830106,1.0,0.0,0.0,0.0,1.0,6,subject_32
-0.937410017830106,1.0,0.0,0.0,0.0,0.0,5,subject_32
-0.937410017830106,1.0,0.0,0.0,1.0,2.0,6,subject_32
-0.937410017830106,1.0,0.0,0.0,1.0,1.0,6,subject_32
-0.937410017830106,1.0,0.0,0.0,1.0,0.0,6,subject_32
-0.4483265302665725,-1.0,2.0,1.0,0.0,2.0,1,subject_32
-0.4483265302665725,-1.0,2.0,1.0,0.0,1.0,1,subject_32
-0.4483265302665725,-1.0,2.0,1.0,0.0,0.0,1,subject_32
-0.4483265302665725,-1.0,2.0,1.0,1.0,2.0,1,subject_32
-0.4483265302665725,-1.0,2.0,1.0,1.0,1.0,1,subject_32
-0.4483265302665725,-1.0,2.0,1.0,1.0,0.0,1,subject_32
-0.4483265302665725,-1.0,2.0,2.0,0.0,2.0,1,subject_32
-0.4483265302665725,-1.0,2.0,2.0,0.0,1.0,1,subject_32
-0.4483265302665725,-1.0,2.0,2.0,0.0,0.0,1,subject_32
-0.4483265302665725,-1.0,2.0,2.0,1.0,2.0,1,subject_32
-0.4483265302665725,-1.0,2.0,2.0,1.0,1.0,1,subject_32
-0.4483265302665725,-1.0,2.0,2.0,1.0,0.0,1,subject_32
-0.4483265302665725,-1.0,2.0,0.0,0.0,2.0,1,subject_32
-0.4483265302665725,-1.0,2.0,0.0,0.0,1.0,1,subject_32
-0.4483265302665725,-1.0,2.0,0.0,0.0,0.0,1,subject_32
-0.4483265302665725,-1.0,2.0,0.0,1.0,2.0,3,subject_32
-0.4483265302665725,-1.0,2.0,0.0,1.0,1.0,2,subject_32
-0.4483265302665725,-1.0,2.0,0.0,1.0,0.0,1,subject_32
-0.4483265302665725,-1.0,1.0,1.0,0.0,2.0,1,subject_32
-0.4483265302665725,-1.0,1.0,1.0,0.0,1.0,1,subject_32
-0.4483265302665725,-1.0,1.0,1.0,0.0,0.0,1,subject_32
-0.4483265302665725,-1.0,1.0,1.0,1.0,2.0,3,subject_32
-0.4483265302665725,-1.0,1.0,1.0,1.0,1.0,1,subject_32
-0.4483265302665725,-1.0,1.0,1.0,1.0,0.0,1,subject_32
-0.4483265302665725,-1.0,1.0,2.0,0.0,2.0,1,subject_32
-0.4483265302665725,-1.0,1.0,2.0,0.0,1.0,1,subject_32
-0.4483265302665725,-1.0,1.0,2.0,0.0,0.0,1,subject_32
-0.4483265302665725,-1.0,1.0,2.0,1.0,2.0,1,subject_32
-0.4483265302665725,-1.0,1.0,2.0,1.0,1.0,1,subject_32
-0.4483265302665725,-1.0,1.0,2.0,1.0,0.0,1,subject_32
-0.4483265302665725,-1.0,1.0,0.0,0.0,2.0,3,subject_32
-0.4483265302665725,-1.0,1.0,0.0,0.0,1.0,2,subject_32
-0.4483265302665725,-1.0,1.0,0.0,0.0,0.0,1,subject_32
-0.4483265302665725,-1.0,1.0,0.0,1.0,2.0,5,subject_32
-0.4483265302665725,-1.0,1.0,0.0,1.0,1.0,4,subject_32
-0.4483265302665725,-1.0,1.0,0.0,1.0,0.0,2,subject_32
-0.4483265302665725,-1.0,0.0,1.0,0.0,2.0,3,subject_32
-0.4483265302665725,-1.0,0.0,1.0,0.0,1.0,2,subject_32
-0.4483265302665725,-1.0,0.0,1.0,0.0,0.0,1,subject_32
-0.4483265302665725,-1.0,0.0,1.0,1.0,2.0,5,subject_32
-0.4483265302665725,-1.0,0.0,1.0,1.0,1.0,3,subject_32
-0.4483265302665725,-1.0,0.0,1.0,1.0,0.0,2,subject_32
-0.4483265302665725,-1.0,0.0,2.0,0.0,2.0,1,subject_32
-0.4483265302665725,-1.0,0.0,2.0,0.0,1.0,1,subject_32
-0.4483265302665725,-1.0,0.0,2.0,0.0,0.0,1,subject_32
-0.4483265302665725,-1.0,0.0,2.0,1.0,2.0,2,subject_32
-0.4483265302665725,-1.0,0.0,2.0,1.0,1.0,1,subject_32
-0.4483265302665725,-1.0,0.0,2.0,1.0,0.0,1,subject_32
-0.4483265302665725,-1.0,0.0,0.0,0.0,2.0,5,subject_32
-0.4483265302665725,-1.0,0.0,0.0,0.0,1.0,4,subject_32
-0.4483265302665725,-1.0,0.0,0.0,0.0,0.0,2,subject_32
-0.4483265302665725,-1.0,0.0,0.0,1.0,2.0,6,subject_32
-0.4483265302665725,-1.0,0.0,0.0,1.0,1.0,6,subject_32
-0.4483265302665725,-1.0,0.0,0.0,1.0,0.0,4,subject_32
-0.4483265302665725,1.0,2.0,1.0,0.0,2.0,2,subject_32
-0.4483265302665725,1.0,2.0,1.0,0.0,1.0,1,subject_32
-0.4483265302665725,1.0,2.0,1.0,0.0,0.0,1,subject_32
-0.4483265302665725,1.0,2.0,1.0,1.0,2.0,3,subject_32
-0.4483265302665725,1.0,2.0,1.0,1.0,1.0,2,subject_32
-0.4483265302665725,1.0,2.0,1.0,1.0,0.0,1,subject_32
-0.4483265302665725,1.0,2.0,2.0,0.0,2.0,1,subject_32
-0.4483265302665725,1.0,2.0,2.0,0.0,1.0,1,subject_32
-0.4483265302665725,1.0,2.0,2.0,0.0,0.0,1,subject_32
-0.4483265302665725,1.0,2.0,2.0,1.0,2.0,1,subject_32
-0.4483265302665725,1.0,2.0,2.0,1.0,1.0,1,subject_32
-0.4483265302665725,1.0,2.0,2.0,1.0,0.0,1,subject_32
-0.4483265302665725,1.0,2.0,0.0,0.0,2.0,4,subject_32
-0.4483265302665725,1.0,2.0,0.0,0.0,1.0,2,subject_32
-0.4483265302665725,1.0,2.0,0.0,0.0,0.0,1,subject_32
-0.4483265302665725,1.0,2.0,0.0,1.0,2.0,5,subject_32
-0.4483265302665725,1.0,2.0,0.0,1.0,1.0,4,subject_32
-0.4483265302665725,1.0,2.0,0.0,1.0,0.0,2,subject_32
-0.4483265302665725,1.0,1.0,1.0,0.0,2.0,4,subject_32
-0.4483265302665725,1.0,1.0,1.0,0.0,1.0,2,subject_32
-0.4483265302665725,1.0,1.0,1.0,0.0,0.0,1,subject_32
-0.4483265302665725,1.0,1.0,1.0,1.0,2.0,5,subject_32
-0.4483265302665725,1.0,1.0,1.0,1.0,1.0,4,subject_32
-0.4483265302665725,1.0,1.0,1.0,1.0,0.0,2,subject_32
-0.4483265302665725,1.0,1.0,2.0,0.0,2.0,1,subject_32
-0.4483265302665725,1.0,1.0,2.0,0.0,1.0,1,subject_32
-0.4483265302665725,1.0,1.0,2.0,0.0,0.0,1,subject_32
-0.4483265302665725,1.0,1.0,2.0,1.0,2.0,3,subject_32
-0.4483265302665725,1.0,1.0,2.0,1.0,1.0,1,subject_32
-0.4483265302665725,1.0,1.0,2.0,1.0,0.0,1,subject_32
-0.4483265302665725,1.0,1.0,0.0,0.0,2.0,6,subject_32
-0.4483265302665725,1.0,1.0,0.0,0.0,1.0,5,subject_32
-0.4483265302665725,1.0,1.0,0.0,0.0,0.0,3,subject_32
-0.4483265302665725,1.0,1.0,0.0,1.0,2.0,6,subject_32
-0.4483265302665725,1.0,1.0,0.0,1.0,1.0,6,subject_32
-0.4483265302665725,1.0,1.0,0.0,1.0,0.0,5,subject_32
-0.4483265302665725,1.0,0.0,1.0,0.0,2.0,6,subject_32
-0.4483265302665725,1.0,0.0,1.0,0.0,1.0,4,subject_32
-0.4483265302665725,1.0,0.0,1.0,0.0,0.0,2,subject_32
-0.4483265302665725,1.0,0.0,1.0,1.0,2.0,6,subject_32
-0.4483265302665725,1.0,0.0,1.0,1.0,1.0,6,subject_32
-0.4483265302665725,1.0,0.0,1.0,1.0,0.0,4,subject_32
-0.4483265302665725,1.0,0.0,2.0,0.0,2.0,3,subject_32
-0.4483265302665725,1.0,0.0,2.0,0.0,1.0,2,subject_32
-0.4483265302665725,1.0,0.0,2.0,0.0,0.0,1,subject_32
-0.4483265302665725,1.0,0.0,2.0,1.0,2.0,5,subject_32
-0.4483265302665725,1.0,0.0,2.0,1.0,1.0,3,subject_32
-0.4483265302665725,1.0,0.0,2.0,1.0,0.0,2,subject_32
-0.4483265302665725,1.0,0.0,0.0,0.0,2.0,6,subject_32
-0.4483265302665725,1.0,0.0,0.0,0.0,1.0,6,subject_32
-0.4483265302665725,1.0,0.0,0.0,0.0,0.0,5,subject_32
-0.4483265302665725,1.0,0.0,0.0,1.0,2.0,6,subject_32
-0.4483265302665725,1.0,0.0,0.0,1.0,1.0,6,subject_32
-0.4483265302665725,1.0,0.0,0.0,1.0,0.0,6,subject_32
1.3857365480966777,-1.0,2.0,1.0,0.0,2.0,1,subject_32
1.3857365480966777,-1.0,2.0,1.0,0.0,1.0,1,subject_32
1.3857365480966777,-1.0,2.0,1.0,0.0,0.0,1,subject_32
1.3857365480966777,-1.0,2.0,1.0,1.0,2.0,1,subject_32
1.3857365480966777,-1.0,2.0,1.0,1.0,1.0,1,subject_32
1.3857365480966777,-1.0,2.0,1.0,1.0,0.0,1,subject_32
1.3857365480966777,-1.0,2.0,2.0,0.0,2.0,1,subject_32
1.3857365480966777,-1.0,2.0,2.0,0.0,1.0,1,subject_32
1.3857365480966777,-1.0,2.0,2.0,0.0,0.0,1,subject_32
1.3857365480966777,-1.0,2.0,2.0,1.0,2.0,1,subject_32
1.3857365480966777,-1.0,2.0,2.0,1.0,1.0,1,subject_32
1.3857365480966777,-1.0,2.0,2.0,1.0,0.0,1,subject_32
1.3857365480966777,-1.0,2.0,0.0,0.0,2.0,1,subject_32
1.3857365480966777,-1.0,2.0,0.0,0.0,1.0,1,subject_32
1.3857365480966777,-1.0,2.0,0.0,0.0,0.0,1,subject_32
1.3857365480966777,-1.0,2.0,0.0,1.0,2.0,1,subject_32
1.3857365480966777,-1.0,2.0,0.0,1.0,1.0,1,subject_32
1.3857365480966777,-1.0,2.0,0.0,1.0,0.0,1,subject_32
1.3857365480966777,-1.0,1.0,1.0,0.0,2.0,1,subject_32
1.3857365480966777,-1.0,1.0,1.0,0.0,1.0,1,subject_32
1.3857365480966777,-1.0,1.0,1.0,0.0,0.0,1,subject_32
1.3857365480966777,-1.0,1.0,1.0,1.0,2.0,1,subject_32
1.3857365480966777,-1.0,1.0,1.0,1.0,1.0,1,subject_32
1.3857365480966777,-1.0,1.0,1.0,1.0,0.0,1,subject_32
1.3857365480966777,-1.0,1.0,2.0,0.0,2.0,1,subject_32
1.3857365480966777,-1.0,1.0,2.0,0.0,1.0,1,subject_32
1.3857365480966777,-1.0,1.0,2.0,0.0,0.0,1,subject_32
1.3857365480966777,-1.0,1.0,2.0,1.0,2.0,1,subject_32
1.3857365480966777,-1.0,1.0,2.0,1.0,1.0,1,subject_32
1.3857365480966777,-1.0,1.0,2.0,1.0,0.0,1,subject_32
1.3857365480966777,-1.0,1.0,0.0,0.0,2.0,1,subject_32
1.3857365480966777,-1.0,1.0,0.0,0.0,1.0,1,subject_32
1.3857365480966777,-1.0,1.0,0.0,0.0,0.0,1,subject_32
1.3857365480966777,-1.0,1.0,0.0,1.0,2.0,3,subject_32
1.3857365480966777,-1.0,1.0,0.0,1.0,1.0,1,subject_32
1.3857365480966777,-1.0,1.0,0.0,1.0,0.0,1,subject_32
1.3857365480966777,-1.0,0.0,1.0,0.0,2.0,1,subject_32
1.3857365480966777,-1.0,0.0,1.0,0.0,1.0,1,subject_32
1.3857365480966777,-1.0,0.0,1.0,0.0,0.0,1,subject_32
1.3857365480966777,-1.0,0.0,1.0,1.0,2.0,2,subject_32
1.3857365480966777,-1.0,0.0,1.0,1.0,1.0,1,subject_32
1.3857365480966777,-1.0,0.0,1.0,1.0,0.0,1,subject_32
1.3857365480966777,-1.0,0.0,2.0,0.0,2.0,1,subject_32
1.3857365480966777,-1.0,0.0,2.0,0.0,1.0,1,subject_32
1.3857365480966777,-1.0,0.0,2.0,0.0,0.0,1,subject_32
1.3857365480966777,-1.0,0.0,2.0,1.0,2.0,1,subject_32
1.3857365480966777,-1.0,0.0,2.0,1.0,1.0,1,subject_32
1.3857365480966777,-1.0,0.0,2.0,1.0,0.0,1,subject_32
1.3857365480966777,-1.0,0.0,0.0,0.0,2.0,3,subject_32
1.3857365480966777,-1.0,0.0,0.0,0.0,1.0,2,subject_32
1.3857365480966777,-1.0,0.0,0.0,0.0,0.0,1,subject_32
1.3857365480966777,-1.0,0.0,0.0,1.0,2.0,5,subject_32
1.3857365480966777,-1.0,0.0,0.0,1.0,1.0,3,subject_32
1.3857365480966777,-1.0,0.0,0.0,1.0,0.0,2,subject_32
1.3857365480966777,1.0,2.0,1.0,0.0,2.0,2,subject_32
1.3857365480966777,1.0,2.0,1.0,0.0,1.0,1,subject_32
1.3857365480966777,1.0,2.0,1.0,0.0,0.0,1,subject_32
1.3857365480966777,1.0,2.0,1.0,1.0,2.0,4,subject_32
1.3857365480966777,1.0,2.0,1.0,1.0,1.0,2,subject_32
1.3857365480966777,1.0,2.0,1.0,1.0,0.0,1,subject_32
1.3857365480966777,1.0,2.0,2.0,0.0,2.0,1,subject_32
1.3857365480966777,1.0,2.0,2.0,0.0,1.0,1,subject_32
1.3857365480966777,1.0,2.0,2.0,0.0,0.0,1,subject_32
1.3857365480966777,1.0,2.0,2.0,1.0,2.0,2,subject_32
1.3857365480966777,1.0,2.0,2.0,1.0,1.0,1,subject_32
1.3857365480966777,1.0,2.0,2.0,1.0,0.0,1,subject_32
1.3857365480966777,1.0,2.0,0.0,0.0,2.0,5,subject_32
1.3857365480966777,1.0,2.0,0.0,0.0,1.0,3,subject_32
1.3857365480966777,1.0,2.0,0.0,0.0,0.0,2,subject_32
1.3857365480966777,1.0,2.0,0.0,1.0,2.0,6,subject_32
1.3857365480966777,1.0,2.0,0.0,1.0,1.0,5,subject_32
1.3857365480966777,1.0,2.0,0.0,1.0,0.0,3,subject_32
1.3857365480966777,1.0,1.0,1.0,0.0,2.0,5,subject_32
1.3857365480966777,1.0,1.0,1.0,0.0,1.0,3,subject_32
1.3857365480966777,1.0,1.0,1.0,0.0,0.0,1,subject_32
1.3857365480966777,1.0,1.0,1.0,1.0,2.0,6,subject_32
1.3857365480966777,1.0,1.0,1.0,1.0,1.0,5,subject_32
1.3857365480966777,1.0,1.0,1.0,1.0,0.0,3,subject_32
1.3857365480966777,1.0,1.0,2.0,0.0,2.0,2,subject_32
1.3857365480966777,1.0,1.0,2.0,0.0,1.0,1,subject_32
1.3857365480966777,1.0,1.0,2.0,0.0,0.0,1,subject_32
1.3857365480966777,1.0,1.0,2.0,1.0,2.0,4,subject_32
1.3857365480966777,1.0,1.0,2.0,1.0,1.0,2,subject_32
1.3857365480966777,1.0,1.0,2.0,1.0,0.0,1,subject_32
1.3857365480966777,1.0,1.0,0.0,0.0,2.0,6,subject_32
1.3857365480966777,1.0,1.0,0.0,0.0,1.0,5,subject_32
1.3857365480966777,1.0,1.0,0.0,0.0,0.0,4,subject_32
1.3857365480966777,1.0,1.0,0.0,1.0,2.0,6,subject_32
1.3857365480966777,1.0,1.0,0.0,1.0,1.0,6,subject_32
1.3857365480966777,1.0,1.0,0.0,1.0,0.0,5,subject_32
1.3857365480966777,1.0,0.0,1.0,0.0,2.0,6,subject_32
1.3857365480966777,1.0,0.0,1.0,0.0,1.0,5,subject_32
1.3857365480966777,1.0,0.0,1.0,0.0,0.0,3,subject_32
1.3857365480966777,1.0,0.0,1.0,1.0,2.0,6,subject_32
1.3857365480966777,1.0,0.0,1.0,1.0,1.0,6,subject_32
1.3857365480966777,1.0,0.0,1.0,1.0,0.0,5,subject_32
1.3857365480966777,1.0,0.0,2.0,0.0,2.0,4,subject_32
1.3857365480966777,1.0,0.0,2.0,0.0,1.0,2,subject_32
1.3857365480966777,1.0,0.0,2.0,0.0,0.0,1,subject_32
1.3857365480966777,1.0,0.0,2.0,1.0,2.0,6,subject_32
1.3857365480966777,1.0,0.0,2.0,1.0,1.0,5,subject_32
1.3857365480966777,1.0,0.0,2.0,1.0,0.0,3,subject_32
1.3857365480966777,1.0,0.0,0.0,0.0,2.0,6,subject_32
1.3857365480966777,1.0,0.0,0.0,0.0,1.0,6,subject_32
1.3857365480966777,1.0,0.0,0.0,0.0,0.0,6,subject_32
1.3857365480966777,1.0,0.0,0.0,1.0,2.0,6,subject_32
1.3857365480966777,1.0,0.0,0.0,1.0,1.0,6,subject_32
1.3857365480966777,1.0,0.0,0.0,1.0,0.0,6,subject_32
-0.937410017830106,-1.0,2.0,1.0,0.0,2.0,5,subject_33
-0.937410017830106,-1.0,2.0,1.0,0.0,1.0,2,subject_33
-0.937410017830106,-1.0,2.0,1.0,0.0,0.0,1,subject_33
-0.937410017830106,-1.0,2.0,1.0,1.0,2.0,6,subject_33
-0.937410017830106,-1.0,2.0,1.0,1.0,1.0,4,subject_33
-0.937410017830106,-1.0,2.0,1.0,1.0,0.0,1,subject_33
-0.937410017830106,-1.0,2.0,2.0,0.0,2.0,1,subject_33
-0.937410017830106,-1.0,2.0,2.0,0.0,1.0,1,subject_33
-0.937410017830106,-1.0,2.0,2.0,0.0,0.0,1,subject_33
-0.937410017830106,-1.0,2.0,2.0,1.0,2.0,3,subject_33
-0.937410017830106,-1.0,2.0,2.0,1.0,1.0,1,subject_33
-0.937410017830106,-1.0,2.0,2.0,1.0,0.0,1,subject_33
-0.937410017830106,-1.0,2.0,0.0,0.0,2.0,6,subject_33
-0.937410017830106,-1.0,2.0,0.0,0.0,1.0,5,subject_33
-0.937410017830106,-1.0,2.0,0.0,0.0,0.0,2,subject_33
-0.937410017830106,-1.0,2.0,0.0,1.0,2.0,6,subject_33
-0.937410017830106,-1.0,2.0,0.0,1.0,1.0,6,subject_33
-0.937410017830106,-1.0,2.0,0.0,1.0,0.0,4,subject_33
-0.937410017830106,-1.0,1.0,1.0,0.0,2.0,5,subject_33
-0.937410017830106,-1.0,1.0,1.0,0.0,1.0,3,subject_33
-0.937410017830106,-1.0,1.0,1.0,0.0,0.0,1,subject_33
-0.937410017830106,-1.0,1.0,1.0,1.0,2.0,6,subject_33
-0.937410017830106,-1.0,1.0,1.0,1.0,1.0,5,subject_33
-0.937410017830106,-1.0,1.0,1.0,1.0,0.0,2,subject_33
-0.937410017830106,-1.0,1.0,2.0,0.0,2.0,2,subject_33
-0.937410017830106,-1.0,1.0,2.0,0.0,1.0,1,subject_33
-0.937410017830106,-1.0,1.0,2.0,0.0,0.0,1,subject_33
-0.937410017830106,-1.0,1.0,2.0,1.0,2.0,5,subject_33
-0.937410017830106,-1.0,1.0,2.0,1.0,1.0,2,subject_33
-0.937410017830106,-1.0,1.0,2.0,1.0,0.0,1,subject_33
-0.937410017830106,-1.0,1.0,0.0,0.0,2.0,6,subject_33
-0.937410017830106,-1.0,1.0,0.0,0.0,1.0,6,subject_33
-0.937410017830106,-1.0,1.0,0.0,0.0,0.0,3,subject_33
-0.937410017830106,-1.0,1.0,0.0,1.0,2.0,6,subject_33
-0.937410017830106,-1.0,1.0,0.0,1.0,1.0,6,subject_33
-0.937410017830106,-1.0,1.0,0.0,1.0,0.0,5,subject_33
-0.937410017830106,-1.0,0.0,1.0,0.0,2.0,6,subject_33
-0.937410017830106,-1.0,0.0,1.0,0.0,1.0,4,subject_33
-0.937410017830106,-1.0,0.0,1.0,0.0,0.0,1,subject_33
-0.937410017830106,-1.0,0.0,1.0,1.0,2.0,6,subject_33
-0.937410017830106,-1.0,0.0,1.0,1.0,1.0,6,subject_33
-0.937410017830106,-1.0,0.0,1.0,1.0,0.0,3,subject_33
-0.937410017830106,-1.0,0.0,2.0,0.0,2.0,3,subject_33
-0.937410017830106,-1.0,0.0,2.0,0.0,1.0,1,subject_33
-0.937410017830106,-1.0,0.0,2.0,0.0,0.0,1,subject_33
-0.937410017830106,-1.0,0.0,2.0,1.0,2.0,5,subject_33
-0.937410017830106,-1.0,0.0,2.0,1.0,1.0,3,subject_33
-0.937410017830106,-1.0,0.0,2.0,1.0,0.0,1,subject_33
-0.937410017830106,-1.0,0.0,0.0,0.0,2.0,6,subject_33
-0.937410017830106,-1.0,0.0,0.0,0.0,1.0,6,subject_33
-0.937410017830106,-1.0,0.0,0.0,0.0,0.0,5,subject_33
-0.937410017830106,-1.0,0.0,0.0,1.0,2.0,6,subject_33
-0.937410017830106,-1.0,0.0,0.0,1.0,1.0,6,subject_33
-0.937410017830106,-1.0,0.0,0.0,1.0,0.0,6,subject_33
-0.937410017830106,1.0,2.0,1.0,0.0,2.0,4,subject_33
-0.937410017830106,1.0,2.0,1.0,0.0,1.0,1,subject_33
-0.937410017830106,1.0,2.0,1.0,0.0,0.0,1,subject_33
-0.937410017830106,1.0,2.0,1.0,1.0,2.0,6,subject_33
-0.937410017830106,1.0,2.0,1.0,1.0,1.0,3,subject_33
-0.937410017830106,1.0,2.0,1.0,1.0,0.0,1,subject_33
-0.937410017830106,1.0,2.0,2.0,0.0,2.0,1,subject_33
-0.937410017830106,1.0,2.0,2.0,0.0,1.0,1,subject_33
-0.937410017830106,1.0,2.0,2.0,0.0,0.0,1,subject_33
-0.937410017830106,1.0,2.0,2.0,1.0,2.0,2,subject_33
-0.937410017830106,1.0,2.0,2.0,1.0,1.0,1,subject_33
-0.937410017830106,1.0,2.0,2.0,1.0,0.0,1,subject_33
-0.937410017830106,1.0,2.0,0.0,0.0,2.0,6,subject_33
-0.937410017830106,1.0,2.0,0.0,0.0,1.0,4,subject_33
-0.937410017830106,1.0,2.0,0.0,0.0,0.0,2,subject_33
-0.937410017830106,1.0,2.0,0.0,1.0,2.0,6,subject_33
-0.937410017830106,1.0,2.0,0.0,1.0,1.0,6,subject_33
-0.937410017830106,1.0,2.0,0.0,1.0,0.0,4,subject_33
-0.937410017830106,1.0,1.0,1.0,0.0,2.0,5,subject_33
-0.937410017830106,1.0,1.0,1.0,0.0,1.0,2,subject_33
-0.937410017830106,1.0,1.0,1.0,0.0,0.0,1,subject_33
-0.937410017830106,1.0,1.0,1.0,1.0,2.0,6,subject_33
-0.937410017830106,1.0,1.0,1.0,1.0,1.0,4,subject_33
-0.937410017830106,1.0,1.0,1.0,1.0,0.0,2,subject_33
-0.937410017830106,1.0,1.0,2.0,0.0,2.0,2,subject_33
-0.937410017830106,1.0,1.0,2.0,0.0,1.0,1,subject_33
-0.937410017830106,1.0,1.0,2.0,0.0,0.0,1,subject_33
-0.937410017830106,1.0,1.0,2.0,1.0,2.0,4,subject_33
-0.937410017830106,1.0,1.0,2.0,1.0,1.0,1,subject_33
-0.937410017830106,1.0,1.0,2.0,1.0,0.0,1,subject_33
-0.937410017830106,1.0,1.0,0.0,0.0,2.0,6,subject_33
-0.937410017830106,1.0,1.0,0.0,0.0,1.0,5,subject_33
-0.937410017830106,1.0,1.0,0.0,0.0,0.0,2,subject_33
-0.937410017830106,1.0,1.0,0.0,1.0,2.0,6,subject_33
-0.937410017830106,1.0,1.0,0.0,1.0,1.0,6,subject_33
-0.937410017830106,1.0,1.0,0.0,1.0,0.0,5,subject_33
-0.937410017830106,1.0,0.0,1.0,0.0,2.0,6,subject_33
-0.937410017830106,1.0,0.0,1.0,0.0,1.0,3,subject_33
-0.937410017830106,1.0,0.0,1.0,0.0,0.0,1,subject_33
-0.937410017830106,1.0,0.0,1.0,1.0,2.0,6,subject_33
-0.937410017830106,1.0,0.0,1.0,1.0,1.0,5,subject_33
-0.937410017830106,1.0,0.0,1.0,1.0,0.0,2,subject_33
-0.937410017830106,1.0,0.0,2.0,0.0,2.0,2,subject_33
-0.937410017830106,1.0,0.0,2.0,0.0,1.0,1,subject_33
-0.937410017830106,1.0,0.0,2.0,0.0,0.0,1,subject_33
-0.937410017830106,1.0,0.0,2.0,1.0,2.0,5,subject_33
-0.937410017830106,1.0,0.0,2.0,1.0,1.0,2,subject_33
-0.937410017830106,1.0,0.0,2.0,1.0,0.0,1,subject_33
-0.937410017830106,1.0,0.0,0.0,0.0,2.0,6,subject_33
-0.937410017830106,1.0,0.0,0.0,0.0,1.0,6,subject_33
-0.937410017830106,1.0,0.0,0.0,0.0,0.0,4,subject_33
-0.937410017830106,1.0,0.0,0.0,1.0,2.0,6,subject_33
-0.937410017830106,1.0,0.0,0.0,1.0,1.0,6,subject_33
-0.937410017830106,1.0,0.0,0.0,1.0,0.0,6,subject_33
-0.4483265302665725,-1.0,2.0,1.0,0.0,2.0,4,subject_33
-0.4483265302665725,-1.0,2.0,1.0,0.0,1.0,1,subject_33
-0.4483265302665725,-1.0,2.0,1.0,0.0,0.0,1,subject_33
-0.4483265302665725,-1.0,2.0,1.0,1.0,2.0,6,subject_33
-0.4483265302665725,-1.0,2.0,1.0,1.0,1.0,3,subject_33
-0.4483265302665725,-1.0,2.0,1.0,1.0,0.0,1,subject_33
-0.4483265302665725,-1.0,2.0,2.0,0.0,2.0,1,subject_33
-0.4483265302665725,-1.0,2.0,2.0,0.0,1.0,1,subject_33
-0.4483265302665725,-1.0,2.0,2.0,0.0,0.0,1,subject_33
-0.4483265302665725,-1.0,2.0,2.0,1.0,2.0,2,subject_33
-0.4483265302665725,-1.0,2.0,2.0,1.0,1.0,1,subject_33
-0.4483265302665725,-1.0,2.0,2.0,1.0,0.0,1,subject_33
-0.4483265302665725,-1.0,2.0,0.0,0.0,2.0,6,subject_33
-0.4483265302665725,-1.0,2.0,0.0,0.0,1.0,4,subject_33
-0.4483265302665725,-1.0,2.0,0.0,0.0,0.0,2,subject_33
-0.4483265302665725,-1.0,2.0,0.0,1.0,2.0,6,subject_33
-0.4483265302665725,-1.0,2.0,0.0,1.0,1.0,6,subject_33
-0.4483265302665725,-1.0,2.0,0.0,1.0,0.0,4,subject_33
-0.4483265302665725,-1.0,1.0,1.0,0.0,2.0,5,subject_33
-0.4483265302665725,-1.0,1.0,1.0,0.0,1.0,2,subject_33
-0.4483265302665725,-1.0,1.0,1.0,0.0,0.0,1,subject_33
-0.4483265302665725,-1.0,1.0,1.0,1.0,2.0,6,subject_33
-0.4483265302665725,-1.0,1.0,1.0,1.0,1.0,4,subject_33
-0.4483265302665725,-1.0,1.0,1.0,1.0,0.0,2,subject_33
-0.4483265302665725,-1.0,1.0,2.0,0.0,2.0,2,subject_33
-0.4483265302665725,-1.0,1.0,2.0,0.0,1.0,1,subject_33
-0.4483265302665725,-1.0,1.0,2.0,0.0,0.0,1,subject_33
-0.4483265302665725,-1.0,1.0,2.0,1.0,2.0,4,subject_33
-0.4483265302665725,-1.0,1.0,2.0,1.0,1.0,1,subject_33
-0.4483265302665725,-1.0,1.0,2.0,1.0,0.0,1,subject_33
-0.4483265302665725,-1.0,1.0,0.0,0.0,2.0,6,subject_33
-0.4483265302665725,-1.0,1.0,0.0,0.0,1.0,5,subject_33
-0.4483265302665725,-1.0,1.0,0.0,0.0,0.0,2,subject_33
-0.4483265302665725,-1.0,1.0,0.0,1.0,2.0,6,subject_33
-0.4483265302665725,-1.0,1.0,0.0,1.0,1.0,6,subject_33
-0.4483265302665725,-1.0,1.0,0.0,1.0,0.0,5,subject_33
-0.4483265302665725,-1.0,0.0,1.0,0.0,2.0,6,subject_33
-0.4483265302665725,-1.0,0.0,1.0,0.0,1.0,3,subject_33
-0.4483265302665725,-1.0,0.0,1.0,0.0,0.0,1,subject_33
-0.4483265302665725,-1.0,0.0,1.0,1.0,2.0,6,subject_33
-0.4483265302665725,-1.0,0.0,1.0,1.0,1.0,5,subject_33
-0.4483265302665725,-1.0,0.0,1.0,1.0,0.0,2,subject_33
-0.4483265302665725,-1.0,0.0,2.0,0.0,2.0,2,subject_33
-0.4483265302665725,-1.0,0.0,2.0,0.0,1.0,1,subject_33
-0.4483265302665725,-1.0,0.0,2.0,0.0,0.0,1,subject_33
-0.4483265302665725,-1.0,0.0,2.0,1.0,2.0,5,subject_33
-0.4483265302665725,-1.0,0.0,2.0,1.0,1.0,2,subject_33
-0.4483265302665725,-1.0,0.0,2.0,1.0,0.0,1,subject_33
-0.4483265302665725,-1.0,0.0,0.0,0.0,2.0,6,subject_33
-0.4483265302665725,-1.0,0.0,0.0,0.0,1.0,6,subject_33
-0.4483265302665725,-1.0,0.0,0.0,0.0,0.0,4,subject_33
-0.4483265302665725,-1.0,0.0,0.0,1.0,2.0,6,subject_33
-0.4483265302665725,-1.0,0.0,0.0,1.0,1.0,6,subject_33
-0.4483265302665725,-1.0,0.0,0.0,1.0,0.0,6,subject_33
-0.4483265302665725,1.0,2.0,1.0,0.0,2.0,4,subject_33
-0.4483265302665725,1.0,2.0,1.0,0.0,1.0,1,subject_33
-0.4483265302665725,1.0,2.0,1.0,0.0,0.0,1,subject_33
-0.4483265302665725,1.0,2.0,1.0,1.0,2.0,6,subject_33
-0.4483265302665725,1.0,2.0,1.0,1.0,1.0,3,subject_33
-0.4483265302665725,1.0,2.0,1.0,1.0,0.0,1,subject_33
-0.4483265302665725,1.0,2.0,2.0,0.0,2.0,1,subject_33
-0.4483265302665725,1.0,2.0,2.0,0.0,1.0,1,subject_33
-0.4483265302665725,1.0,2.0,2.0,0.0,0.0,1,subject_33
-0.4483265302665725,1.0,2.0,2.0,1.0,2.0,3,subject_33
-0.4483265302665725,1.0,2.0,2.0,1.0,1.0,1,subject_33
-0.4483265302665725,1.0,2.0,2.0,1.0,0.0,1,subject_33
-0.4483265302665725,1.0,2.0,0.0,0.0,2.0,6,subject_33
-0.4483265302665725,1.0,2.0,0.0,0.0,1.0,5,subject_33
-0.4483265302665725,1.0,2.0,0.0,0.0,0.0,2,subject_33
-0.4483265302665725,1.0,2.0,0.0,1.0,2.0,6,subject_33
-0.4483265302665725,1.0,2.0,0.0,1.0,1.0,6,subject_33
-0.4483265302665725,1.0,2.0,0.0,1.0,0.0,4,subject_33
-0.4483265302665725,1.0,1.0,1.0,0.0,2.0,5,subject_33
-0.4483265302665725,1.0,1.0,1.0,0.0,1.0,2,subject_33
-0.4483265302665725,1.0,1.0,1.0,0.0,0.0,1,subject_33
-0.4483265302665725,1.0,1.0,1.0,1.0,2.0,6,subject_33
-0.4483265302665725,1.0,1.0,1.0,1.0,1.0,5,subject_33
-0.4483265302665725,1.0,1.0,1.0,1.0,0.0,2,subject_33
-0.4483265302665725,1.0,1.0,2.0,0.0,2.0,2,subject_33
-0.4483265302665725,1.0,1.0,2.0,0.0,1.0,1,subject_33
-0.4483265302665725,1.0,1.0,2.0,0.0,0.0,1,subject_33
-0.4483265302665725,1.0,1.0,2.0,1.0,2.0,4,subject_33
-0.4483265302665725,1.0,1.0,2.0,1.0,1.0,1,subject_33
-0.4483265302665725,1.0,1.0,2.0,1.0,0.0,1,subject_33
-0.4483265302665725,1.0,1.0,0.0,0.0,2.0,6,subject_33
-0.4483265302665725,1.0,1.0,0.0,0.0,1.0,5,subject_33
-0.4483265302665725,1.0,1.0,0.0,0.0,0.0,3,subject_33
-0.4483265302665725,1.0,1.0,0.0,1.0,2.0,6,subject_33
-0.4483265302665725,1.0,1.0,0.0,1.0,1.0,6,subject_33
-0.4483265302665725,1.0,1.0,0.0,1.0,0.0,5,subject_33
-0.4483265302665725,1.0,0.0,1.0,0.0,2.0,6,subject_33
-0.4483265302665725,1.0,0.0,1.0,0.0,1.0,3,subject_33
-0.4483265302665725,1.0,0.0,1.0,0.0,0.0,1,subject_33
-0.4483265302665725,1.0,0.0,1.0,1.0,2.0,6,subject_33
-0.4483265302665725,1.0,0.0,1.0,1.0,1.0,5,subject_33
-0.4483265302665725,1.0,0.0,1.0,1.0,0.0,3,subject_33
-0.4483265302665725,1.0,0.0,2.0,0.0,2.0,3,subject_33
-0.4483265302665725,1.0,0.0,2.0,0.0,1.0,1,subject_33
-0.4483265302665725,1.0,0.0,2.0,0.0,0.0,1,subject_33
-0.4483265302665725,1.0,0.0,2.0,1.0,2.0,5,subject_33
-0.4483265302665725,1.0,0.0,2.0,1.0,1.0,2,subject_33
-0.4483265302665725,1.0,0.0,2.0,1.0,0.0,1,subject_33
-0.4483265302665725,1.0,0.0,0.0,0.0,2.0,6,subject_33
-0.4483265302665725,1.0,0.0,0.0,0.0,1.0,6,subject_33
-0.4483265302665725,1.0,0.0,0.0,0.0,0.0,4,subject_33
-0.4483265302665725,1.0,0.0,0.0,1.0,2.0,6,subject_33
-0.4483265302665725,1.0,0.0,0.0,1.0,1.0,6,subject_33
-0.4483265302665725,1.0,0.0,0.0,1.0,0.0,6,subject_33
1.3857365480966777,-1.0,2.0,1.0,0.0,2.0,1,subject_33
1.3857365480966777,-1.0,2.0,1.0,0.0,1.0,1,subject_33
1.3857365480966777,-1.0,2.0,1.0,0.0,0.0,1,subject_33
1.3857365480966777,-1.0,2.0,1.0,1.0,2.0,3,subject_33
1.3857365480966777,-1.0,2.0,1.0,1.0,1.0,1,subject_33
1.3857365480966777,-1.0,2.0,1.0,1.0,0.0,1,subject_33
1.3857365480966777,-1.0,2.0,2.0,0.0,2.0,1,subject_33
1.3857365480966777,-1.0,2.0,2.0,0.0,1.0,1,subject_33
1.3857365480966777,-1.0,2.0,2.0,0.0,0.0,1,subject_33
1.3857365480966777,-1.0,2.0,2.0,1.0,2.0,1,subject_33
1.3857365480966777,-1.0,2.0,2.0,1.0,1.0,1,subject_33
1.3857365480966777,-1.0,2.0,2.0,1.0,0.0,1,subject_33
1.3857365480966777,-1.0,2.0,0.0,0.0,2.0,5,subject_33
1.3857365480966777,-1.0,2.0,0.0,0.0,1.0,2,subject_33
1.3857365480966777,-1.0,2.0,0.0,0.0,0.0,1,subject_33
1.3857365480966777,-1.0,2.0,0.0,1.0,2.0,6,subject_33
1.3857365480966777,-1.0,2.0,0.0,1.0,1.0,4,subject_33
1.3857365480966777,-1.0,2.0,0.0,1.0,0.0,1,subject_33
1.3857365480966777,-1.0,1.0,1.0,0.0,2.0,2,subject_33
1.3857365480966777,-1.0,1.0,1.0,0.0,1.0,1,subject_33
1.3857365480966777,-1.0,1.0,1.0,0.0,0.0,1,subject_33
1.3857365480966777,-1.0,1.0,1.0,1.0,2.0,5,subject_33
1.3857365480966777,-1.0,1.0,1.0,1.0,1.0,2,subject_33
1.3857365480966777,-1.0,1.0,1.0,1.0,0.0,1,subject_33
1.3857365480966777,-1.0,1.0,2.0,0.0,2.0,1,subject_33
1.3857365480966777,-1.0,1.0,2.0,0.0,1.0,1,subject_33
1.3857365480966777,-1.0,1.0,2.0,0.0,0.0,1,subject_33
1.3857365480966777,-1.0,1.0,2.0,1.0,2.0,1,subject_33
1.3857365480966777,-1.0,1.0,2.0,1.0,1.0,1,subject_33
1.3857365480966777,-1.0,1.0,2.0,1.0,0.0,1,subject_33
1.3857365480966777,-1.0,1.0,0.0,0.0,2.0,5,subject_33
1.3857365480966777,-1.0,1.0,0.0,0.0,1.0,3,subject_33
1.3857365480966777,-1.0,1.0,0.0,0.0,0.0,1,subject_33
1.3857365480966777,-1.0,1.0,0.0,1.0,2.0,6,subject_33
1.3857365480966777,-1.0,1.0,0.0,1.0,1.0,5,subject_33
1.3857365480966777,-1.0,1.0,0.0,1.0,0.0,2,subject_33
1.3857365480966777,-1.0,0.0,1.0,0.0,2.0,3,subject_33
1.3857365480966777,-1.0,0.0,1.0,0.0,1.0,1,subject_33
1.3857365480966777,-1.0,0.0,1.0,0.0,0.0,1,subject_33
1.3857365480966777,-1.0,0.0,1.0,1.0,2.0,5,subject_33
1.3857365480966777,-1.0,0.0,1.0,1.0,1.0,3,subject_33
1.3857365480966777,-1.0,0.0,1.0,1.0,0.0,1,subject_33
1.3857365480966777,-1.0,0.0,2.0,0.0,2.0,1,subject_33
1.3857365480966777,-1.0,0.0,2.0,0.0,1.0,1,subject_33
1.3857365480966777,-1.0,0.0,2.0,0.0,0.0,1,subject_33
1.3857365480966777,-1.0,0.0,2.0,1.0,2.0,2,subject_33
1.3857365480966777,-1.0,0.0,2.0,1.0,1.0,1,subject_33
1.3857365480966777,-1.0,0.0,2.0,1.0,0.0,1,subject_33
1.3857365480966777,-1.0,0.0,0.0,0.0,2.0,6,subject_33
1.3857365480966777,-1.0,0.0,0.0,0.0,1.0,4,subject_33
1.3857365480966777,-1.0,0.0,0.0,0.0,0.0,1,subject_33
1.3857365480966777,-1.0,0.0,0.0,1.0,2.0,6,subject_33
1.3857365480966777,-1.0,0.0,0.0,1.0,1.0,6,subject_33
1.3857365480966777,-1.0,0.0,0.0,1.0,0.0,3,subject_33
1.3857365480966777,1.0,2.0,1.0,0.0,2.0,5,subject_33
1.3857365480966777,1.0,2.0,1.0,0.0,1.0,2,subject_33
1.3857365480966777,1.0,2.0,1.0,0.0,0.0,1,subject_33
1.3857365480966777,1.0,2.0,1.0,1.0,2.0,6,subject_33
1.3857365480966777,1.0,2.0,1.0,1.0,1.0,4,subject_33
1.3857365480966777,1.0,2.0,1.0,1.0,0.0,1,subject_33
1.3857365480966777,1.0,2.0,2.0,0.0,2.0,1,subject_33
1.3857365480966777,1.0,2.0,2.0,0.0,1.0,1,subject_33
1.3857365480966777,1.0,2.0,2.0,0.0,0.0,1,subject_33
1.3857365480966777,1.0,2.0,2.0,1.0,2.0,3,subject_33
1.3857365480966777,1.0,2.0,2.0,1.0,1.0,1,subject_33
1.3857365480966777,1.0,2.0,2.0,1.0,0.0,1,subject_33
1.3857365480966777,1.0,2.0,0.0,0.0,2.0,6,subject_33
1.3857365480966777,1.0,2.0,0.0,0.0,1.0,5,subject_33
1.3857365480966777,1.0,2.0,0.0,0.0,0.0,2,subject_33
1.3857365480966777,1.0,2.0,0.0,1.0,2.0,6,subject_33
1.3857365480966777,1.0,2.0,0.0,1.0,1.0,6,subject_33
1.3857365480966777,1.0,2.0,0.0,1.0,0.0,5,subject_33
1.3857365480966777,1.0,1.0,1.0,0.0,2.0,5,subject_33
1.3857365480966777,1.0,1.0,1.0,0.0,1.0,3,subject_33
1.3857365480966777,1.0,1.0,1.0,0.0,0.0,1,subject_33
1.3857365480966777,1.0,1.0,1.0,1.0,2.0,6,subject_33
1.3857365480966777,1.0,1.0,1.0,1.0,1.0,5,subject_33
1.3857365480966777,1.0,1.0,1.0,1.0,0.0,2,subject_33
1.3857365480966777,1.0,1.0,2.0,0.0,2.0,2,subject_33
1.3857365480966777,1.0,1.0,2.0,0.0,1.0,1,subject_33
1.3857365480966777,1.0,1.0,2.0,0.0,0.0,1,subject_33
1.3857365480966777,1.0,1.0,2.0,1.0,2.0,5,subject_33
1.3857365480966777,1.0,1.0,2.0,1.0,1.0,2,subject_33
1.3857365480966777,1.0,1.0,2.0,1.0,0.0,1,subject_33
1.3857365480966777,1.0,1.0,0.0,0.0,2.0,6,subject_33
1.3857365480966777,1.0,1.0,0.0,0.0,1.0,6,subject_33
1.3857365480966777,1.0,1.0,0.0,0.0,0.0,3,subject_33
1.3857365480966777,1.0,1.0,0.0,1.0,2.0,6,subject_33
1.3857365480966777,1.0,1.0,0.0,1.0,1.0,6,subject_33
1.3857365480966777,1.0,1.0,0.0,1.0,0.0,5,subject_33
1.3857365480966777,1.0,0.0,1.0,0.0,2.0,6,subject_33
1.3857365480966777,1.0,0.0,1.0,0.0,1.0,4,subject_33
1.3857365480966777,1.0,0.0,1.0,0.0,0.0,1,subject_33
1.3857365480966777,1.0,0.0,1.0,1.0,2.0,6,subject_33
1.3857365480966777,1.0,0.0,1.0,1.0,1.0,6,subject_33
1.3857365480966777,1.0,0.0,1.0,1.0,0.0,3,subject_33
1.3857365480966777,1.0,0.0,2.0,0.0,2.0,3,subject_33
1.3857365480966777,1.0,0.0,2.0,0.0,1.0,1,subject_33
1.3857365480966777,1.0,0.0,2.0,0.0,0.0,1,subject_33
1.3857365480966777,1.0,0.0,2.0,1.0,2.0,5,subject_33
1.3857365480966777,1.0,0.0,2.0,1.0,1.0,3,subject_33
1.3857365480966777,1.0,0.0,2.0,1.0,0.0,1,subject_33
1.3857365480966777,1.0,0.0,0.0,0.0,2.0,6,subject_33
1.3857365480966777,1.0,0.0,0.0,0.0,1.0,6,subject_33
1.3857365480966777,1.0,0.0,0.0,0.0,0.0,5,subject_33
1.3857365480966777,1.0,0.0,0.0,1.0,2.0,6,subject_33
1.3857365480966777,1.0,0.0,0.0,1.0,1.0,6,subject_33
1.3857365480966777,1.0,0.0,0.0,1.0,0.0,6,subject_33
-0.937410017830106,-1.0,2.0,1.0,0.0,2.0,1,subject_34
-0.937410017830106,-1.0,2.0,1.0,0.0,1.0,1,subject_34
-0.937410017830106,-1.0,2.0,1.0,0.0,0.0,1,subject_34
-0.937410017830106,-1.0,2.0,1.0,1.0,2.0,3,subject_34
-0.937410017830106,-1.0,2.0,1.0,1.0,1.0,2,subject_34
-0.937410017830106,-1.0,2.0,1.0,1.0,0.0,1,subject_34
-0.937410017830106,-1.0,2.0,2.0,0.0,2.0,1,subject_34
-0.937410017830106,-1.0,2.0,2.0,0.0,1.0,1,subject_34
-0.937410017830106,-1.0,2.0,2.0,0.0,0.0,1,subject_34
-0.937410017830106,-1.0,2.0,2.0,1.0,2.0,1,subject_34
-0.937410017830106,-1.0,2.0,2.0,1.0,1.0,1,subject_34
-0.937410017830106,-1.0,2.0,2.0,1.0,0.0,1,subject_34
-0.937410017830106,-1.0,2.0,0.0,0.0,2.0,3,subject_34
-0.937410017830106,-1.0,2.0,0.0,0.0,1.0,1,subject_34
-0.937410017830106,-1.0,2.0,0.0,0.0,0.0,1,subject_34
-0.937410017830106,-1.0,2.0,0.0,1.0,2.0,5,subject_34
-0.937410017830106,-1.0,2.0,0.0,1.0,1.0,3,subject_34
-0.937410017830106,-1.0,2.0,0.0,1.0,0.0,2,subject_34
-0.937410017830106,-1.0,1.0,1.0,0.0,2.0,3,subject_34
-0.937410017830106,-1.0,1.0,1.0,0.0,1.0,1,subject_34
-0.937410017830106,-1.0,1.0,1.0,0.0,0.0,1,subject_34
-0.937410017830106,-1.0,1.0,1.0,1.0,2.0,5,subject_34
-0.937410017830106,-1.0,1.0,1.0,1.0,1.0,3,subject_34
-0.937410017830106,-1.0,1.0,1.0,1.0,0.0,2,subject_34
-0.937410017830106,-1.0,1.0,2.0,0.0,2.0,1,subject_34
-0.937410017830106,-1.0,1.0,2.0,0.0,1.0,1,subject_34
-0.937410017830106,-1.0,1.0,2.0,0.0,0.0,1,subject_34
-0.937410017830106,-1.0,1.0,2.0,1.0,2.0,3,subject_34
-0.937410017830106,-1.0,1.0,2.0,1.0,1.0,2,subject_34
-0.937410017830106,-1.0,1.0,2.0,1.0,0.0,1,subject_34
-0.937410017830106,-1.0,1.0,0.0,0.0,2.0,5,subject_34
-0.937410017830106,-1.0,1.0,0.0,0.0,1.0,3,subject_34
-0.937410017830106,-1.0,1.0,0.0,0.0,0.0,2,subject_34
-0.937410017830106,-1.0,1.0,0.0,1.0,2.0,6,subject_34
-0.937410017830106,-1.0,1.0,0.0,1.0,1.0,5,subject_34
-0.937410017830106,-1.0,1.0,0.0,1.0,0.0,4,subject_34
-0.937410017830106,-1.0,0.0,1.0,0.0,2.0,5,subject_34
-0.937410017830106,-1.0,0.0,1.0,0.0,1.0,3,subject_34
-0.937410017830106,-1.0,0.0,1.0,0.0,0.0,2,subject_34
-0.937410017830106,-1.0,0.0,1.0,1.0,2.0,6,subject_34
-0.937410017830106,-1.0,0.0,1.0,1.0,1.0,5,subject_34
-0.937410017830106,-1.0,0.0,1.0,1.0,0.0,4,subject_34
-0.937410017830106,-1.0,0.0,2.0,0.0,2.0,3,subject_34
-0.937410017830106,-1.0,0.0,2.0,0.0,1.0,1,subject_34
-0.937410017830106,-1.0,0.0,2.0,0.0,0.0,1,subject_34
-0.937410017830106,-1.0,0.0,2.0,1.0,2.0,5,subject_34
-0.937410017830106,-1.0,0.0,2.0,1.0,1.0,3,subject_34
-0.937410017830106,-1.0,0.0,2.0,1.0,0.0,2,subject_34
-0.937410017830106,-1.0,0.0,0.0,0.0,2.0,6,subject_34
-0.937410017830106,-1.0,0.0,0.0,0.0,1.0,5,subject_34
-0.937410017830106,-1.0,0.0,0.0,0.0,0.0,4,subject_34
-0.937410017830106,-1.0,0.0,0.0,1.0,2.0,6,subject_34
-0.937410017830106,-1.0,0.0,0.0,1.0,1.0,6,subject_34
-0.937410017830106,-1.0,0.0,0.0,1.0,0.0,5,subject_34
-0.937410017830106,1.0,2.0,1.0,0.0,2.0,1,subject_34
-0.937410017830106,1.0,2.0,1.0,0.0,1.0,1,subject_34
-0.937410017830106,1.0,2.0,1.0,0.0,0.0,1,subject_34
-0.937410017830106,1.0,2.0,1.0,1.0,2.0,2,subject_34
-0.937410017830106,1.0,2.0,1.0,1.0,1.0,1,subject_34
-0.937410017830106,1.0,2.0,1.0,1.0,0.0,1,subject_34
-0.937410017830106,1.0,2.0,2.0,0.0,2.0,1,subject_34
-0.937410017830106,1.0,2.0,2.0,0.0,1.0,1,subject_34
-0.937410017830106,1.0,2.0,2.0,0.0,0.0,1,subject_34
-0.937410017830106,1.0,2.0,2.0,1.0,2.0,1,subject_34
-0.937410017830106,1.0,2.0,2.0,1.0,1.0,1,subject_34
-0.937410017830106,1.0,2.0,2.0,1.0,0.0,1,subject_34
-0.937410017830106,1.0,2.0,0.0,0.0,2.0,2,subject_34
-0.937410017830106,1.0,2.0,0.0,0.0,1.0,1,subject_34
-0.937410017830106,1.0,2.0,0.0,0.0,0.0,1,subject_34
-0.937410017830106,1.0,2.0,0.0,1.0,2.0,4,subject_34
-0.937410017830106,1.0,2.0,0.0,1.0,1.0,2,subject_34
-0.937410017830106,1.0,2.0,0.0,1.0,0.0,1,subject_34
-0.937410017830106,1.0,1.0,1.0,0.0,2.0,2,subject_34
-0.937410017830106,1.0,1.0,1.0,0.0,1.0,1,subject_34
-0.937410017830106,1.0,1.0,1.0,0.0,0.0,1,subject_34
-0.937410017830106,1.0,1.0,1.0,1.0,2.0,4,subject_34
-0.937410017830106,1.0,1.0,1.0,1.0,1.0,2,subject_34
-0.937410017830106,1.0,1.0,1.0,1.0,0.0,1,subject_34
-0.937410017830106,1.0,1.0,2.0,0.0,2.0,1,subject_34
-0.937410017830106,1.0,1.0,2.0,0.0,1.0,1,subject_34
-0.937410017830106,1.0,1.0,2.0,0.0,0.0,1,subject_34
-0.937410017830106,1.0,1.0,2.0,1.0,2.0,2,subject_34
-0.937410017830106,1.0,1.0,2.0,1.0,1.0,1,subject_34
-0.937410017830106,1.0,1.0,2.0,1.0,0.0,1,subject_34
-0.937410017830106,1.0,1.0,0.0,0.0,2.0,4,subject_34
-0.937410017830106,1.0,1.0,0.0,0.0,1.0,2,subject_34
-0.937410017830106,1.0,1.0,0.0,0.0,0.0,1,subject_34
-0.937410017830106,1.0,1.0,0.0,1.0,2.0,6,subject_34
-0.937410017830106,1.0,1.0,0.0,1.0,1.0,5,subject_34
-0.937410017830106,1.0,1.0,0.0,1.0,0.0,3,subject_34
-0.937410017830106,1.0,0.0,1.0,0.0,2.0,4,subject_34
-0.937410017830106,1.0,0.0,1.0,0.0,1.0,2,subject_34
-0.937410017830106,1.0,0.0,1.0,0.0,0.0,1,subject_34
-0.937410017830106,1.0,0.0,1.0,1.0,2.0,6,subject_34
-0.937410017830106,1.0,0.0,1.0,1.0,1.0,5,subject_34
-0.937410017830106,1.0,0.0,1.0,1.0,0.0,3,subject_34
-0.937410017830106,1.0,0.0,2.0,0.0,2.0,2,subject_34
-0.937410017830106,1.0,0.0,2.0,0.0,1.0,1,subject_34
-0.937410017830106,1.0,0.0,2.0,0.0,0.0,1,subject_34
-0.937410017830106,1.0,0.0,2.0,1.0,2.0,5,subject_34
-0.937410017830106,1.0,0.0,2.0,1.0,1.0,2,subject_34
-0.937410017830106,1.0,0.0,2.0,1.0,0.0,1,subject_34
-0.937410017830106,1.0,0.0,0.0,0.0,2.0,6,subject_34
-0.937410017830106,1.0,0.0,0.0,0.0,1.0,5,subject_34
-0.937410017830106,1.0,0.0,0.0,0.0,0.0,3,subject_34
-0.937410017830106,1.0,0.0,0.0,1.0,2.0,6,subject_34
-0.937410017830106,1.0,0.0,0.0,1.0,1.0,6,subject_34
-0.937410017830106,1.0,0.0,0.0,1.0,0.0,5,subject_34
-0.4483265302665725,-1.0,2.0,1.0,0.0,2.0,1,subject_34
-0.4483265302665725,-1.0,2.0,1.0,0.0,1.0,1,subject_34
-0.4483265302665725,-1.0,2.0,1.0,0.0,0.0,1,subject_34
-0.4483265302665725,-1.0,2.0,1.0,1.0,2.0,3,subject_34
-0.4483265302665725,-1.0,2.0,1.0,1.0,1.0,1,subject_34
-0.4483265302665725,-1.0,2.0,1.0,1.0,0.0,1,subject_34
-0.4483265302665725,-1.0,2.0,2.0,0.0,2.0,1,subject_34
-0.4483265302665725,-1.0,2.0,2.0,0.0,1.0,1,subject_34
-0.4483265302665725,-1.0,2.0,2.0,0.0,0.0,1,subject_34
-0.4483265302665725,-1.0,2.0,2.0,1.0,2.0,1,subject_34
-0.4483265302665725,-1.0,2.0,2.0,1.0,1.0,1,subject_34
-0.4483265302665725,-1.0,2.0,2.0,1.0,0.0,1,subject_34
-0.4483265302665725,-1.0,2.0,0.0,0.0,2.0,3,subject_34
-0.4483265302665725,-1.0,2.0,0.0,0.0,1.0,1,subject_34
-0.4483265302665725,-1.0,2.0,0.0,0.0,0.0,1,subject_34
-0.4483265302665725,-1.0,2.0,0.0,1.0,2.0,5,subject_34
-0.4483265302665725,-1.0,2.0,0.0,1.0,1.0,3,subject_34
-0.4483265302665725,-1.0,2.0,0.0,1.0,0.0,2,subject_34
-0.4483265302665725,-1.0,1.0,1.0,0.0,2.0,3,subject_34
-0.4483265302665725,-1.0,1.0,1.0,0.0,1.0,1,subject_34
-0.4483265302665725,-1.0,1.0,1.0,0.0,0.0,1,subject_34
-0.4483265302665725,-1.0,1.0,1.0,1.0,2.0,5,subject_34
-0.4483265302665725,-1.0,1.0,1.0,1.0,1.0,3,subject_34
-0.4483265302665725,-1.0,1.0,1.0,1.0,0.0,2,subject_34
-0.4483265302665725,-1.0,1.0,2.0,0.0,2.0,1,subject_34
-0.4483265302665725,-1.0,1.0,2.0,0.0,1.0,1,subject_34
-0.4483265302665725,-1.0,1.0,2.0,0.0,0.0,1,subject_34
-0.4483265302665725,-1.0,1.0,2.0,1.0,2.0,3,subject_34
-0.4483265302665725,-1.0,1.0,2.0,1.0,1.0,1,subject_34
-0.4483265302665725,-1.0,1.0,2.0,1.0,0.0,1,subject_34
-0.4483265302665725,-1.0,1.0,0.0,0.0,2.0,5,subject_34
-0.4483265302665725,-1.0,1.0,0.0,0.0,1.0,3,subject_34
-0.4483265302665725,-1.0,1.0,0.0,0.0,0.0,1,subject_34
-0.4483265302665725,-1.0,1.0,0.0,1.0,2.0,6,subject_34
-0.4483265302665725,-1.0,1.0,0.0,1.0,1.0,5,subject_34
-0.4483265302665725,-1.0,1.0,0.0,1.0,0.0,3,subject_34
-0.4483265302665725,-1.0,0.0,1.0,0.0,2.0,5,subject_34
-0.4483265302665725,-1.0,0.0,1.0,0.0,1.0,3,subject_34
-0.4483265302665725,-1.0,0.0,1.0,0.0,0.0,1,subject_34
-0.4483265302665725,-1.0,0.0,1.0,1.0,2.0,6,subject_34
-0.4483265302665725,-1.0,0.0,1.0,1.0,1.0,5,subject_34
-0.4483265302665725,-1.0,0.0,1.0,1.0,0.0,3,subject_34
-0.4483265302665725,-1.0,0.0,2.0,0.0,2.0,2,subject_34
-0.4483265302665725,-1.0,0.0,2.0,0.0,1.0,1,subject_34
-0.4483265302665725,-1.0,0.0,2.0,0.0,0.0,1,subject_34
-0.4483265302665725,-1.0,0.0,2.0,1.0,2.0,5,subject_34
-0.4483265302665725,-1.0,0.0,2.0,1.0,1.0,3,subject_34
-0.4483265302665725,-1.0,0.0,2.0,1.0,0.0,2,subject_34
-0.4483265302665725,-1.0,0.0,0.0,0.0,2.0,6,subject_34
-0.4483265302665725,-1.0,0.0,0.0,0.0,1.0,5,subject_34
-0.4483265302665725,-1.0,0.0,0.0,0.0,0.0,3,subject_34
-0.4483265302665725,-1.0,0.0,0.0,1.0,2.0,6,subject_34
-0.4483265302665725,-1.0,0.0,0.0,1.0,1.0,6,subject_34
-0.4483265302665725,-1.0,0.0,0.0,1.0,0.0,5,subject_34
-0.4483265302665725,1.0,2.0,1.0,0.0,2.0,1,subject_34
-0.4483265302665725,1.0,2.0,1.0,0.0,1.0,1,subject_34
-0.4483265302665725,1.0,2.0,1.0,0.0,0.0,1,subject_34
-0.4483265302665725,1.0,2.0,1.0,1.0,2.0,3,subject_34
-0.4483265302665725,1.0,2.0,1.0,1.0,1.0,1,subject_34
-0.4483265302665725,1.0,2.0,1.0,1.0,0.0,1,subject_34
-0.4483265302665725,1.0,2.0,2.0,0.0,2.0,1,subject_34
-0.4483265302665725,1.0,2.0,2.0,0.0,1.0,1,subject_34
-0.4483265302665725,1.0,2.0,2.0,0.0,0.0,1,subject_34
-0.4483265302665725,1.0,2.0,2.0,1.0,2.0,1,subject_34
-0.4483265302665725,1.0,2.0,2.0,1.0,1.0,1,subject_34
-0.4483265302665725,1.0,2.0,2.0,1.0,0.0,1,subject_34
-0.4483265302665725,1.0,2.0,0.0,0.0,2.0,3,subject_34
-0.4483265302665725,1.0,2.0,0.0,0.0,1.0,1,subject_34
-0.4483265302665725,1.0,2.0,0.0,0.0,0.0,1,subject_34
-0.4483265302665725,1.0,2.0,0.0,1.0,2.0,5,subject_34
-0.4483265302665725,1.0,2.0,0.0,1.0,1.0,3,subject_34
-0.4483265302665725,1.0,2.0,0.0,1.0,0.0,2,subject_34
-0.4483265302665725,1.0,1.0,1.0,0.0,2.0,3,subject_34
-0.4483265302665725,1.0,1.0,1.0,0.0,1.0,1,subject_34
-0.4483265302665725,1.0,1.0,1.0,0.0,0.0,1,subject_34
-0.4483265302665725,1.0,1.0,1.0,1.0,2.0,5,subject_34
-0.4483265302665725,1.0,1.0,1.0,1.0,1.0,3,subject_34
-0.4483265302665725,1.0,1.0,1.0,1.0,0.0,2,subject_34
-0.4483265302665725,1.0,1.0,2.0,0.0,2.0,1,subject_34
-0.4483265302665725,1.0,1.0,2.0,0.0,1.0,1,subject_34
-0.4483265302665725,1.0,1.0,2.0,0.0,0.0,1,subject_34
-0.4483265302665725,1.0,1.0,2.0,1.0,2.0,3,subject_34
-0.4483265302665725,1.0,1.0,2.0,1.0,1.0,1,subject_34
-0.4483265302665725,1.0,1.0,2.0,1.0,0.0,1,subject_34
-0.4483265302665725,1.0,1.0,0.0,0.0,2.0,5,subject_34
-0.4483265302665725,1.0,1.0,0.0,0.0,1.0,3,subject_34
-0.4483265302665725,1.0,1.0,0.0,0.0,0.0,2,subject_34
-0.4483265302665725,1.0,1.0,0.0,1.0,2.0,6,subject_34
-0.4483265302665725,1.0,1.0,0.0,1.0,1.0,5,subject_34
-0.4483265302665725,1.0,1.0,0.0,1.0,0.0,3,subject_34
-0.4483265302665725,1.0,0.0,1.0,0.0,2.0,5,subject_34
-0.4483265302665725,1.0,0.0,1.0,0.0,1.0,3,subject_34
-0.4483265302665725,1.0,0.0,1.0,0.0,0.0,1,subject_34
-0.4483265302665725,1.0,0.0,1.0,1.0,2.0,6,subject_34
-0.4483265302665725,1.0,0.0,1.0,1.0,1.0,5,subject_34
-0.4483265302665725,1.0,0.0,1.0,1.0,0.0,3,subject_34
-0.4483265302665725,1.0,0.0,2.0,0.0,2.0,3,subject_34
-0.4483265302665725,1.0,0.0,2.0,0.0,1.0,1,subject_34
-0.4483265302665725,1.0,0.0,2.0,0.0,0.0,1,subject_34
-0.4483265302665725,1.0,0.0,2.0,1.0,2.0,5,subject_34
-0.4483265302665725,1.0,0.0,2.0,1.0,1.0,3,subject_34
-0.4483265302665725,1.0,0.0,2.0,1.0,0.0,2,subject_34
-0.4483265302665725,1.0,0.0,0.0,0.0,2.0,6,subject_34
-0.4483265302665725,1.0,0.0,0.0,0.0,1.0,5,subject_34
-0.4483265302665725,1.0,0.0,0.0,0.0,0.0,3,subject_34
-0.4483265302665725,1.0,0.0,0.0,1.0,2.0,6,subject_34
-0.4483265302665725,1.0,0.0,0.0,1.0,1.0,6,subject_34
-0.4483265302665725,1.0,0.0,0.0,1.0,0.0,5,subject_34
1.3857365480966777,-1.0,2.0,1.0,0.0,2.0,1,subject_34
1.3857365480966777,-1.0,2.0,1.0,0.0,1.0,1,subject_34
1.3857365480966777,-1.0,2.0,1.0,0.0,0.0,1,subject_34
1.3857365480966777,-1.0,2.0,1.0,1.0,2.0,2,subject_34
1.3857365480966777,-1.0,2.0,1.0,1.0,1.0,1,subject_34
1.3857365480966777,-1.0,2.0,1.0,1.0,0.0,1,subject_34
1.3857365480966777,-1.0,2.0,2.0,0.0,2.0,1,subject_34
1.3857365480966777,-1.0,2.0,2.0,0.0,1.0,1,subject_34
1.3857365480966777,-1.0,2.0,2.0,0.0,0.0,1,subject_34
1.3857365480966777,-1.0,2.0,2.0,1.0,2.0,1,subject_34
1.3857365480966777,-1.0,2.0,2.0,1.0,1.0,1,subject_34
1.3857365480966777,-1.0,2.0,2.0,1.0,0.0,1,subject_34
1.3857365480966777,-1.0,2.0,0.0,0.0,2.0,2,subject_34
1.3857365480966777,-1.0,2.0,0.0,0.0,1.0,1,subject_34
1.3857365480966777,-1.0,2.0,0.0,0.0,0.0,1,subject_34
1.3857365480966777,-1.0,2.0,0.0,1.0,2.0,4,subject_34
1.3857365480966777,-1.0,2.0,0.0,1.0,1.0,2,subject_34
1.3857365480966777,-1.0,2.0,0.0,1.0,0.0,1,subject_34
1.3857365480966777,-1.0,1.0,1.0,0.0,2.0,2,subject_34
1.3857365480966777,-1.0,1.0,1.0,0.0,1.0,1,subject_34
1.3857365480966777,-1.0,1.0,1.0,0.0,0.0,1,subject_34
1.3857365480966777,-1.0,1.0,1.0,1.0,2.0,4,subject_34
1.3857365480966777,-1.0,1.0,1.0,1.0,1.0,2,subject_34
1.3857365480966777,-1.0,1.0,1.0,1.0,0.0,1,subject_34
1.3857365480966777,-1.0,1.0,2.0,0.0,2.0,1,subject_34
1.3857365480966777,-1.0,1.0,2.0,0.0,1.0,1,subject_34
1.3857365480966777,-1.0,1.0,2.0,0.0,0.0,1,subject_34
1.3857365480966777,-1.0,1.0,2.0,1.0,2.0,2,subject_34
1.3857365480966777,-1.0,1.0,2.0,1.0,1.0,1,subject_34
1.3857365480966777,-1.0,1.0,2.0,1.0,0.0,1,subject_34
1.3857365480966777,-1.0,1.0,0.0,0.0,2.0,4,subject_34
1.3857365480966777,-1.0,1.0,0.0,0.0,1.0,2,subject_34
1.3857365480966777,-1.0,1.0,0.0,0.0,0.0,1,subject_34
1.3857365480966777,-1.0,1.0,0.0,1.0,2.0,6,subject_34
1.3857365480966777,-1.0,1.0,0.0,1.0,1.0,4,subject_34
1.3857365480966777,-1.0,1.0,0.0,1.0,0.0,2,subject_34
1.3857365480966777,-1.0,0.0,1.0,0.0,2.0,4,subject_34
1.3857365480966777,-1.0,0.0,1.0,0.0,1.0,2,subject_34
1.3857365480966777,-1.0,0.0,1.0,0.0,0.0,1,subject_34
1.3857365480966777,-1.0,0.0,1.0,1.0,2.0,6,subject_34
1.3857365480966777,-1.0,0.0,1.0,1.0,1.0,4,subject_34
1.3857365480966777,-1.0,0.0,1.0,1.0,0.0,2,subject_34
1.3857365480966777,-1.0,0.0,2.0,0.0,2.0,2,subject_34
1.3857365480966777,-1.0,0.0,2.0,0.0,1.0,1,subject_34
1.3857365480966777,-1.0,0.0,2.0,0.0,0.0,1,subject_34
1.3857365480966777,-1.0,0.0,2.0,1.0,2.0,4,subject_34
1.3857365480966777,-1.0,0.0,2.0,1.0,1.0,2,subject_34
1.3857365480966777,-1.0,0.0,2.0,1.0,0.0,1,subject_34
1.3857365480966777,-1.0,0.0,0.0,0.0,2.0,6,subject_34
1.3857365480966777,-1.0,0.0,0.0,0.0,1.0,4,subject_34
1.3857365480966777,-1.0,0.0,0.0,0.0,0.0,2,subject_34
1.3857365480966777,-1.0,0.0,0.0,1.0,2.0,6,subject_34
1.3857365480966777,-1.0,0.0,0.0,1.0,1.0,6,subject_34
1.3857365480966777,-1.0,0.0,0.0,1.0,0.0,5,subject_34
1.3857365480966777,1.0,2.0,1.0,0.0,2.0,3,subject_34
1.3857365480966777,1.0,2.0,1.0,0.0,1.0,2,subject_34
1.3857365480966777,1.0,2.0,1.0,0.0,0.0,1,subject_34
1.3857365480966777,1.0,2.0,1.0,1.0,2.0,5,subject_34
1.3857365480966777,1.0,2.0,1.0,1.0,1.0,4,subject_34
1.3857365480966777,1.0,2.0,1.0,1.0,0.0,2,subject_34
1.3857365480966777,1.0,2.0,2.0,0.0,2.0,1,subject_34
1.3857365480966777,1.0,2.0,2.0,0.0,1.0,1,subject_34
1.3857365480966777,1.0,2.0,2.0,0.0,0.0,1,subject_34
1.3857365480966777,1.0,2.0,2.0,1.0,2.0,3,subject_34
1.3857365480966777,1.0,2.0,2.0,1.0,1.0,2,subject_34
1.3857365480966777,1.0,2.0,2.0,1.0,0.0,1,subject_34
1.3857365480966777,1.0,2.0,0.0,0.0,2.0,5,subject_34
1.3857365480966777,1.0,2.0,0.0,0.0,1.0,3,subject_34
1.3857365480966777,1.0,2.0,0.0,0.0,0.0,2,subject_34
1.3857365480966777,1.0,2.0,0.0,1.0,2.0,6,subject_34
1.3857365480966777,1.0,2.0,0.0,1.0,1.0,5,subject_34
1.3857365480966777,1.0,2.0,0.0,1.0,0.0,4,subject_34
1.3857365480966777,1.0,1.0,1.0,0.0,2.0,5,subject_34
1.3857365480966777,1.0,1.0,1.0,0.0,1.0,3,subject_34
1.3857365480966777,1.0,1.0,1.0,0.0,0.0,2,subject_34
1.3857365480966777,1.0,1.0,1.0,1.0,2.0,6,subject_34
1.3857365480966777,1.0,1.0,1.0,1.0,1.0,5,subject_34
1.3857365480966777,1.0,1.0,1.0,1.0,0.0,4,subject_34
1.3857365480966777,1.0,1.0,2.0,0.0,2.0,3,subject_34
1.3857365480966777,1.0,1.0,2.0,0.0,1.0,1,subject_34
1.3857365480966777,1.0,1.0,2.0,0.0,0.0,1,subject_34
1.3857365480966777,1.0,1.0,2.0,1.0,2.0,5,subject_34
1.3857365480966777,1.0,1.0,2.0,1.0,1.0,4,subject_34
1.3857365480966777,1.0,1.0,2.0,1.0,0.0,2,subject_34
1.3857365480966777,1.0,1.0,0.0,0.0,2.0,6,subject_34
1.3857365480966777,1.0,1.0,0.0,0.0,1.0,5,subject_34
1.3857365480966777,1.0,1.0,0.0,0.0,0.0,4,subject_34
1.3857365480966777,1.0,1.0,0.0,1.0,2.0,6,subject_34
1.3857365480966777,1.0,1.0,0.0,1.0,1.0,6,subject_34
1.3857365480966777,1.0,1.0,0.0,1.0,0.0,6,subject_34
1.3857365480966777,1.0,0.0,1.0,0.0,2.0,6,subject_34
1.3857365480966777,1.0,0.0,1.0,0.0,1.0,5,subject_34
1.3857365480966777,1.0,0.0,1.0,0.0,0.0,4,subject_34
1.3857365480966777,1.0,0.0,1.0,1.0,2.0,6,subject_34
1.3857365480966777,1.0,0.0,1.0,1.0,1.0,6,subject_34
1.3857365480966777,1.0,0.0,1.0,1.0,0.0,6,subject_34
1.3857365480966777,1.0,0.0,2.0,0.0,2.0,5,subject_34
1.3857365480966777,1.0,0.0,2.0,0.0,1.0,3,subject_34
1.3857365480966777,1.0,0.0,2.0,0.0,0.0,2,subject_34
1.3857365480966777,1.0,0.0,2.0,1.0,2.0,6,subject_34
1.3857365480966777,1.0,0.0,2.0,1.0,1.0,5,subject_34
1.3857365480966777,1.0,0.0,2.0,1.0,0.0,4,subject_34
1.3857365480966777,1.0,0.0,0.0,0.0,2.0,6,subject_34
1.3857365480966777,1.0,0.0,0.0,0.0,1.0,6,subject_34
1.3857365480966777,1.0,0.0,0.0,0.0,0.0,6,subject_34
1.3857365480966777,1.0,0.0,0.0,1.0,2.0,6,subject_34
1.3857365480966777,1.0,0.0,0.0,1.0,1.0,6,subject_34
1.3857365480966777,1.0,0.0,0.0,1.0,0.0,6,subject_34
-0.937410017830106,-1.0,2.0,1.0,0.0,2.0,1,subject_35
-0.937410017830106,-1.0,2.0,1.0,0.0,1.0,1,subject_35
-0.937410017830106,-1.0,2.0,1.0,0.0,0.0,1,subject_35
-0.937410017830106,-1.0,2.0,1.0,1.0,2.0,2,subject_35
-0.937410017830106,-1.0,2.0,1.0,1.0,1.0,1,subject_35
-0.937410017830106,-1.0,2.0,1.0,1.0,0.0,1,subject_35
-0.937410017830106,-1.0,2.0,2.0,0.0,2.0,1,subject_35
-0.937410017830106,-1.0,2.0,2.0,0.0,1.0,1,subject_35
-0.937410017830106,-1.0,2.0,2.0,0.0,0.0,1,subject_35
-0.937410017830106,-1.0,2.0,2.0,1.0,2.0,1,subject_35
-0.937410017830106,-1.0,2.0,2.0,1.0,1.0,1,subject_35
-0.937410017830106,-1.0,2.0,2.0,1.0,0.0,1,subject_35
-0.937410017830106,-1.0,2.0,0.0,0.0,2.0,2,subject_35
-0.937410017830106,-1.0,2.0,0.0,0.0,1.0,1,subject_35
-0.937410017830106,-1.0,2.0,0.0,0.0,0.0,1,subject_35
-0.937410017830106,-1.0,2.0,0.0,1.0,2.0,4,subject_35
-0.937410017830106,-1.0,2.0,0.0,1.0,1.0,2,subject_35
-0.937410017830106,-1.0,2.0,0.0,1.0,0.0,1,subject_35
-0.937410017830106,-1.0,1.0,1.0,0.0,2.0,2,subject_35
-0.937410017830106,-1.0,1.0,1.0,0.0,1.0,1,subject_35
-0.937410017830106,-1.0,1.0,1.0,0.0,0.0,1,subject_35
-0.937410017830106,-1.0,1.0,1.0,1.0,2.0,4,subject_35
-0.937410017830106,-1.0,1.0,1.0,1.0,1.0,2,subject_35
-0.937410017830106,-1.0,1.0,1.0,1.0,0.0,1,subject_35
-0.937410017830106,-1.0,1.0,2.0,0.0,2.0,1,subject_35
-0.937410017830106,-1.0,1.0,2.0,0.0,1.0,1,subject_35
-0.937410017830106,-1.0,1.0,2.0,0.0,0.0,1,subject_35
-0.937410017830106,-1.0,1.0,2.0,1.0,2.0,2,subject_35
-0.937410017830106,-1.0,1.0,2.0,1.0,1.0,1,subject_35
-0.937410017830106,-1.0,1.0,2.0,1.0,0.0,1,subject_35
-0.937410017830106,-1.0,1.0,0.0,0.0,2.0,4,subject_35
-0.937410017830106,-1.0,1.0,0.0,0.0,1.0,2,subject_35
-0.937410017830106,-1.0,1.0,0.0,0.0,0.0,1,subject_35
-0.937410017830106,-1.0,1.0,0.0,1.0,2.0,6,subject_35
-0.937410017830106,-1.0,1.0,0.0,1.0,1.0,5,subject_35
-0.937410017830106,-1.0,1.0,0.0,1.0,0.0,3,subject_35
-0.937410017830106,-1.0,0.0,1.0,0.0,2.0,4,subject_35
-0.937410017830106,-1.0,0.0,1.0,0.0,1.0,2,subject_35
-0.937410017830106,-1.0,0.0,1.0,0.0,0.0,1,subject_35
-0.937410017830106,-1.0,0.0,1.0,1.0,2.0,6,subject_35
-0.937410017830106,-1.0,0.0,1.0,1.0,1.0,5,subject_35
-0.937410017830106,-1.0,0.0,1.0,1.0,0.0,3,subject_35
-0.937410017830106,-1.0,0.0,2.0,0.0,2.0,2,subject_35
-0.937410017830106,-1.0,0.0,2.0,0.0,1.0,1,subject_35
-0.937410017830106,-1.0,0.0,2.0,0.0,0.0,1,subject_35
-0.937410017830106,-1.0,0.0,2.0,1.0,2.0,4,subject_35
-0.937410017830106,-1.0,0.0,2.0,1.0,1.0,2,subject_35
-0.937410017830106,-1.0,0.0,2.0,1.0,0.0,1,subject_35
-0.937410017830106,-1.0,0.0,0.0,0.0,2.0,6,subject_35
-0.937410017830106,-1.0,0.0,0.0,0.0,1.0,5,subject_35
-0.937410017830106,-1.0,0.0,0.0,0.0,0.0,3,subject_35
-0.937410017830106,-1.0,0.0,0.0,1.0,2.0,6,subject_35
-0.937410017830106,-1.0,0.0,0.0,1.0,1.0,6,subject_35
-0.937410017830106,-1.0,0.0,0.0,1.0,0.0,5,subject_35
-0.937410017830106,1.0,2.0,1.0,0.0,2.0,1,subject_35
-0.937410017830106,1.0,2.0,1.0,0.0,1.0,1,subject_35
-0.937410017830106,1.0,2.0,1.0,0.0,0.0,1,subject_35
-0.937410017830106,1.0,2.0,1.0,1.0,2.0,2,subject_35
-0.937410017830106,1.0,2.0,1.0,1.0,1.0,1,subject_35
-0.937410017830106,1.0,2.0,1.0,1.0,0.0,1,subject_35
-0.937410017830106,1.0,2.0,2.0,0.0,2.0,1,subject_35
-0.937410017830106,1.0,2.0,2.0,0.0,1.0,1,subject_35
-0.937410017830106,1.0,2.0,2.0,0.0,0.0,1,subject_35
-0.937410017830106,1.0,2.0,2.0,1.0,2.0,1,subject_35
-0.937410017830106,1.0,2.0,2.0,1.0,1.0,1,subject_35
-0.937410017830106,1.0,2.0,2.0,1.0,0.0,1,subject_35
-0.937410017830106,1.0,2.0,0.0,0.0,2.0,2,subject_35
-0.937410017830106,1.0,2.0,0.0,0.0,1.0,1,subject_35
-0.937410017830106,1.0,2.0,0.0,0.0,0.0,1,subject_35
-0.937410017830106,1.0,2.0,0.0,1.0,2.0,4,subject_35
-0.937410017830106,1.0,2.0,0.0,1.0,1.0,2,subject_35
-0.937410017830106,1.0,2.0,0.0,1.0,0.0,1,subject_35
-0.937410017830106,1.0,1.0,1.0,0.0,2.0,2,subject_35
-0.937410017830106,1.0,1.0,1.0,0.0,1.0,1,subject_35
-0.937410017830106,1.0,1.0,1.0,0.0,0.0,1,subject_35
-0.937410017830106,1.0,1.0,1.0,1.0,2.0,4,subject_35
-0.937410017830106,1.0,1.0,1.0,1.0,1.0,2,subject_35
-0.937410017830106,1.0,1.0,1.0,1.0,0.0,1,subject_35
-0.937410017830106,1.0,1.0,2.0,0.0,2.0,1,subject_35
-0.937410017830106,1.0,1.0,2.0,0.0,1.0,1,subject_35
-0.937410017830106,1.0,1.0,2.0,0.0,0.0,1,subject_35
-0.937410017830106,1.0,1.0,2.0,1.0,2.0,2,subject_35
-0.937410017830106,1.0,1.0,2.0,1.0,1.0,1,subject_35
-0.937410017830106,1.0,1.0,2.0,1.0,0.0,1,subject_35
-0.937410017830106,1.0,1.0,0.0,0.0,2.0,4,subject_35
-0.937410017830106,1.0,1.0,0.0,0.0,1.0,2,subject_35
-0.937410017830106,1.0,1.0,0.0,0.0,0.0,1,subject_35
-0.937410017830106,1.0,1.0,0.0,1.0,2.0,6,subject_35
-0.937410017830106,1.0,1.0,0.0,1.0,1.0,5,subject_35
-0.937410017830106,1.0,1.0,0.0,1.0,0.0,3,subject_35
-0.937410017830106,1.0,0.0,1.0,0.0,2.0,4,subject_35
-0.937410017830106,1.0,0.0,1.0,0.0,1.0,2,subject_35
-0.937410017830106,1.0,0.0,1.0,0.0,0.0,1,subject_35
-0.937410017830106,1.0,0.0,1.0,1.0,2.0,6,subject_35
-0.937410017830106,1.0,0.0,1.0,1.0,1.0,5,subject_35
-0.937410017830106,1.0,0.0,1.0,1.0,0.0,3,subject_35
-0.937410017830106,1.0,0.0,2.0,0.0,2.0,2,subject_35
-0.937410017830106,1.0,0.0,2.0,0.0,1.0,1,subject_35
-0.937410017830106,1.0,0.0,2.0,0.0,0.0,1,subject_35
-0.937410017830106,1.0,0.0,2.0,1.0,2.0,4,subject_35
-0.937410017830106,1.0,0.0,2.0,1.0,1.0,2,subject_35
-0.937410017830106,1.0,0.0,2.0,1.0,0.0,1,subject_35
-0.937410017830106,1.0,0.0,0.0,0.0,2.0,6,subject_35
-0.937410017830106,1.0,0.0,0.0,0.0,1.0,5,subject_35
-0.937410017830106,1.0,0.0,0.0,0.0,0.0,3,subject_35
-0.937410017830106,1.0,0.0,0.0,1.0,2.0,6,subject_35
-0.937410017830106,1.0,0.0,0.0,1.0,1.0,6,subject_35
-0.937410017830106,1.0,0.0,0.0,1.0,0.0,5,subject_35
-0.4483265302665725,-1.0,2.0,1.0,0.0,2.0,1,subject_35
-0.4483265302665725,-1.0,2.0,1.0,0.0,1.0,1,subject_35
-0.4483265302665725,-1.0,2.0,1.0,0.0,0.0,1,subject_35
-0.4483265302665725,-1.0,2.0,1.0,1.0,2.0,1,subject_35
-0.4483265302665725,-1.0,2.0,1.0,1.0,1.0,1,subject_35
-0.4483265302665725,-1.0,2.0,1.0,1.0,0.0,1,subject_35
-0.4483265302665725,-1.0,2.0,2.0,0.0,2.0,1,subject_35
-0.4483265302665725,-1.0,2.0,2.0,0.0,1.0,1,subject_35
-0.4483265302665725,-1.0,2.0,2.0,0.0,0.0,1,subject_35
-0.4483265302665725,-1.0,2.0,2.0,1.0,2.0,1,subject_35
-0.4483265302665725,-1.0,2.0,2.0,1.0,1.0,1,subject_35
-0.4483265302665725,-1.0,2.0,2.0,1.0,0.0,1,subject_35
-0.4483265302665725,-1.0,2.0,0.0,0.0,2.0,2,subject_35
-0.4483265302665725,-1.0,2.0,0.0,0.0,1.0,1,subject_35
-0.4483265302665725,-1.0,2.0,0.0,0.0,0.0,1,subject_35
-0.4483265302665725,-1.0,2.0,0.0,1.0,2.0,3,subject_35
-0.4483265302665725,-1.0,2.0,0.0,1.0,1.0,2,subject_35
-0.4483265302665725,-1.0,2.0,0.0,1.0,0.0,1,subject_35
-0.4483265302665725,-1.0,1.0,1.0,0.0,2.0,2,subject_35
-0.4483265302665725,-1.0,1.0,1.0,0.0,1.0,1,subject_35
-0.4483265302665725,-1.0,1.0,1.0,0.0,0.0,1,subject_35
-0.4483265302665725,-1.0,1.0,1.0,1.0,2.0,3,subject_35
-0.4483265302665725,-1.0,1.0,1.0,1.0,1.0,2,subject_35
-0.4483265302665725,-1.0,1.0,1.0,1.0,0.0,1,subject_35
-0.4483265302665725,-1.0,1.0,2.0,0.0,2.0,1,subject_35
-0.4483265302665725,-1.0,1.0,2.0,0.0,1.0,1,subject_35
-0.4483265302665725,-1.0,1.0,2.0,0.0,0.0,1,subject_35
-0.4483265302665725,-1.0,1.0,2.0,1.0,2.0,1,subject_35
-0.4483265302665725,-1.0,1.0,2.0,1.0,1.0,1,subject_35
-0.4483265302665725,-1.0,1.0,2.0,1.0,0.0,1,subject_35
-0.4483265302665725,-1.0,1.0,0.0,0.0,2.0,4,subject_35
-0.4483265302665725,-1.0,1.0,0.0,0.0,1.0,2,subject_35
-0.4483265302665725,-1.0,1.0,0.0,0.0,0.0,1,subject_35
-0.4483265302665725,-1.0,1.0,0.0,1.0,2.0,6,subject_35
-0.4483265302665725,-1.0,1.0,0.0,1.0,1.0,4,subject_35
-0.4483265302665725,-1.0,1.0,0.0,1.0,0.0,2,subject_35
-0.4483265302665725,-1.0,0.0,1.0,0.0,2.0,4,subject_35
-0.4483265302665725,-1.0,0.0,1.0,0.0,1.0,2,subject_35
-0.4483265302665725,-1.0,0.0,1.0,0.0,0.0,1,subject_35
-0.4483265302665725,-1.0,0.0,1.0,1.0,2.0,6,subject_35
-0.4483265302665725,-1.0,0.0,1.0,1.0,1.0,4,subject_35
-0.4483265302665725,-1.0,0.0,1.0,1.0,0.0,2,subject_35
-0.4483265302665725,-1.0,0.0,2.0,0.0,2.0,1,subject_35
-0.4483265302665725,-1.0,0.0,2.0,0.0,1.0,1,subject_35
-0.4483265302665725,-1.0,0.0,2.0,0.0,0.0,1,subject_35
-0.4483265302665725,-1.0,0.0,2.0,1.0,2.0,4,subject_35
-0.4483265302665725,-1.0,0.0,2.0,1.0,1.0,2,subject_35
-0.4483265302665725,-1.0,0.0,2.0,1.0,0.0,1,subject_35
-0.4483265302665725,-1.0,0.0,0.0,0.0,2.0,6,subject_35
-0.4483265302665725,-1.0,0.0,0.0,0.0,1.0,5,subject_35
-0.4483265302665725,-1.0,0.0,0.0,0.0,0.0,3,subject_35
-0.4483265302665725,-1.0,0.0,0.0,1.0,2.0,6,subject_35
-0.4483265302665725,-1.0,0.0,0.0,1.0,1.0,6,subject_35
-0.4483265302665725,-1.0,0.0,0.0,1.0,0.0,5,subject_35
-0.4483265302665725,1.0,2.0,1.0,0.0,2.0,1,subject_35
-0.4483265302665725,1.0,2.0,1.0,0.0,1.0,1,subject_35
-0.4483265302665725,1.0,2.0,1.0,0.0,0.0,1,subject_35
-0.4483265302665725,1.0,2.0,1.0,1.0,2.0,2,subject_35
-0.4483265302665725,1.0,2.0,1.0,1.0,1.0,1,subject_35
-0.4483265302665725,1.0,2.0,1.0,1.0,0.0,1,subject_35
-0.4483265302665725,1.0,2.0,2.0,0.0,2.0,1,subject_35
-0.4483265302665725,1.0,2.0,2.0,0.0,1.0,1,subject_35
-0.4483265302665725,1.0,2.0,2.0,0.0,0.0,1,subject_35
-0.4483265302665725,1.0,2.0,2.0,1.0,2.0,1,subject_35
-0.4483265302665725,1.0,2.0,2.0,1.0,1.0,1,subject_35
-0.4483265302665725,1.0,2.0,2.0,1.0,0.0,1,subject_35
-0.4483265302665725,1.0,2.0,0.0,0.0,2.0,2,subject_35
-0.4483265302665725,1.0,2.0,0.0,0.0,1.0,1,subject_35
-0.4483265302665725,1.0,2.0,0.0,0.0,0.0,1,subject_35
-0.4483265302665725,1.0,2.0,0.0,1.0,2.0,4,subject_35
-0.4483265302665725,1.0,2.0,0.0,1.0,1.0,2,subject_35
-0.4483265302665725,1.0,2.0,0.0,1.0,0.0,1,subject_35
-0.4483265302665725,1.0,1.0,1.0,0.0,2.0,2,subject_35
-0.4483265302665725,1.0,1.0,1.0,0.0,1.0,1,subject_35
-0.4483265302665725,1.0,1.0,1.0,0.0,0.0,1,subject_35
-0.4483265302665725,1.0,1.0,1.0,1.0,2.0,5,subject_35
-0.4483265302665725,1.0,1.0,1.0,1.0,1.0,3,subject_35
-0.4483265302665725,1.0,1.0,1.0,1.0,0.0,1,subject_35
-0.4483265302665725,1.0,1.0,2.0,0.0,2.0,1,subject_35
-0.4483265302665725,1.0,1.0,2.0,0.0,1.0,1,subject_35
-0.4483265302665725,1.0,1.0,2.0,0.0,0.0,1,subject_35
-0.4483265302665725,1.0,1.0,2.0,1.0,2.0,2,subject_35
-0.4483265302665725,1.0,1.0,2.0,1.0,1.0,1,subject_35
-0.4483265302665725,1.0,1.0,2.0,1.0,0.0,1,subject_35
-0.4483265302665725,1.0,1.0,0.0,0.0,2.0,5,subject_35
-0.4483265302665725,1.0,1.0,0.0,0.0,1.0,3,subject_35
-0.4483265302665725,1.0,1.0,0.0,0.0,0.0,2,subject_35
-0.4483265302665725,1.0,1.0,0.0,1.0,2.0,6,subject_35
-0.4483265302665725,1.0,1.0,0.0,1.0,1.0,5,subject_35
-0.4483265302665725,1.0,1.0,0.0,1.0,0.0,3,subject_35
-0.4483265302665725,1.0,0.0,1.0,0.0,2.0,5,subject_35
-0.4483265302665725,1.0,0.0,1.0,0.0,1.0,3,subject_35
-0.4483265302665725,1.0,0.0,1.0,0.0,0.0,2,subject_35
-0.4483265302665725,1.0,0.0,1.0,1.0,2.0,6,subject_35
-0.4483265302665725,1.0,0.0,1.0,1.0,1.0,5,subject_35
-0.4483265302665725,1.0,0.0,1.0,1.0,0.0,3,subject_35
-0.4483265302665725,1.0,0.0,2.0,0.0,2.0,2,subject_35
-0.4483265302665725,1.0,0.0,2.0,0.0,1.0,1,subject_35
-0.4483265302665725,1.0,0.0,2.0,0.0,0.0,1,subject_35
-0.4483265302665725,1.0,0.0,2.0,1.0,2.0,5,subject_35
-0.4483265302665725,1.0,0.0,2.0,1.0,1.0,3,subject_35
-0.4483265302665725,1.0,0.0,2.0,1.0,0.0,1,subject_35
-0.4483265302665725,1.0,0.0,0.0,0.0,2.0,6,subject_35
-0.4483265302665725,1.0,0.0,0.0,0.0,1.0,5,subject_35
-0.4483265302665725,1.0,0.0,0.0,0.0,0.0,4,subject_35
-0.4483265302665725,1.0,0.0,0.0,1.0,2.0,6,subject_35
-0.4483265302665725,1.0,0.0,0.0,1.0,1.0,6,subject_35
-0.4483265302665725,1.0,0.0,0.0,1.0,0.0,6,subject_35
1.3857365480966777,-1.0,2.0,1.0,0.0,2.0,1,subject_35
1.3857365480966777,-1.0,2.0,1.0,0.0,1.0,1,subject_35
1.3857365480966777,-1.0,2.0,1.0,0.0,0.0,1,subject_35
1.3857365480966777,-1.0,2.0,1.0,1.0,2.0,1,subject_35
1.3857365480966777,-1.0,2.0,1.0,1.0,1.0,1,subject_35
1.3857365480966777,-1.0,2.0,1.0,1.0,0.0,1,subject_35
1.3857365480966777,-1.0,2.0,2.0,0.0,2.0,1,subject_35
1.3857365480966777,-1.0,2.0,2.0,0.0,1.0,1,subject_35
1.3857365480966777,-1.0,2.0,2.0,0.0,0.0,1,subject_35
1.3857365480966777,-1.0,2.0,2.0,1.0,2.0,1,subject_35
1.3857365480966777,-1.0,2.0,2.0,1.0,1.0,1,subject_35
1.3857365480966777,-1.0,2.0,2.0,1.0,0.0,1,subject_35
1.3857365480966777,-1.0,2.0,0.0,0.0,2.0,1,subject_35
1.3857365480966777,-1.0,2.0,0.0,0.0,1.0,1,subject_35
1.3857365480966777,-1.0,2.0,0.0,0.0,0.0,1,subject_35
1.3857365480966777,-1.0,2.0,0.0,1.0,2.0,2,subject_35
1.3857365480966777,-1.0,2.0,0.0,1.0,1.0,1,subject_35
1.3857365480966777,-1.0,2.0,0.0,1.0,0.0,1,subject_35
1.3857365480966777,-1.0,1.0,1.0,0.0,2.0,1,subject_35
1.3857365480966777,-1.0,1.0,1.0,0.0,1.0,1,subject_35
1.3857365480966777,-1.0,1.0,1.0,0.0,0.0,1,subject_35
1.3857365480966777,-1.0,1.0,1.0,1.0,2.0,2,subject_35
1.3857365480966777,-1.0,1.0,1.0,1.0,1.0,1,subject_35
1.3857365480966777,-1.0,1.0,1.0,1.0,0.0,1,subject_35
1.3857365480966777,-1.0,1.0,2.0,0.0,2.0,1,subject_35
1.3857365480966777,-1.0,1.0,2.0,0.0,1.0,1,subject_35
1.3857365480966777,-1.0,1.0,2.0,0.0,0.0,1,subject_35
1.3857365480966777,-1.0,1.0,2.0,1.0,2.0,1,subject_35
1.3857365480966777,-1.0,1.0,2.0,1.0,1.0,1,subject_35
1.3857365480966777,-1.0,1.0,2.0,1.0,0.0,1,subject_35
1.3857365480966777,-1.0,1.0,0.0,0.0,2.0,2,subject_35
1.3857365480966777,-1.0,1.0,0.0,0.0,1.0,1,subject_35
1.3857365480966777,-1.0,1.0,0.0,0.0,0.0,1,subject_35
1.3857365480966777,-1.0,1.0,0.0,1.0,2.0,5,subject_35
1.3857365480966777,-1.0,1.0,0.0,1.0,1.0,3,subject_35
1.3857365480966777,-1.0,1.0,0.0,1.0,0.0,1,subject_35
1.3857365480966777,-1.0,0.0,1.0,0.0,2.0,2,subject_35
1.3857365480966777,-1.0,0.0,1.0,0.0,1.0,1,subject_35
1.3857365480966777,-1.0,0.0,1.0,0.0,0.0,1,subject_35
1.3857365480966777,-1.0,0.0,1.0,1.0,2.0,5,subject_35
1.3857365480966777,-1.0,0.0,1.0,1.0,1.0,3,subject_35
1.3857365480966777,-1.0,0.0,1.0,1.0,0.0,1,subject_35
1.3857365480966777,-1.0,0.0,2.0,0.0,2.0,1,subject_35
1.3857365480966777,-1.0,0.0,2.0,0.0,1.0,1,subject_35
1.3857365480966777,-1.0,0.0,2.0,0.0,0.0,1,subject_35
1.3857365480966777,-1.0,0.0,2.0,1.0,2.0,2,subject_35
1.3857365480966777,-1.0,0.0,2.0,1.0,1.0,1,subject_35
1.3857365480966777,-1.0,0.0,2.0,1.0,0.0,1,subject_35
1.3857365480966777,-1.0,0.0,0.0,0.0,2.0,5,subject_35
1.3857365480966777,-1.0,0.0,0.0,0.0,1.0,3,subject_35
1.3857365480966777,-1.0,0.0,0.0,0.0,0.0,2,subject_35
1.3857365480966777,-1.0,0.0,0.0,1.0,2.0,6,subject_35
1.3857365480966777,-1.0,0.0,0.0,1.0,1.0,5,subject_35
1.3857365480966777,-1.0,0.0,0.0,1.0,0.0,4,subject_35
1.3857365480966777,1.0,2.0,1.0,0.0,2.0,2,subject_35
1.3857365480966777,1.0,2.0,1.0,0.0,1.0,1,subject_35
1.3857365480966777,1.0,2.0,1.0,0.0,0.0,1,subject_35
1.3857365480966777,1.0,2.0,1.0,1.0,2.0,4,subject_35
1.3857365480966777,1.0,2.0,1.0,1.0,1.0,2,subject_35
1.3857365480966777,1.0,2.0,1.0,1.0,0.0,1,subject_35
1.3857365480966777,1.0,2.0,2.0,0.0,2.0,1,subject_35
1.3857365480966777,1.0,2.0,2.0,0.0,1.0,1,subject_35
1.3857365480966777,1.0,2.0,2.0,0.0,0.0,1,subject_35
1.3857365480966777,1.0,2.0,2.0,1.0,2.0,1,subject_35
1.3857365480966777,1.0,2.0,2.0,1.0,1.0,1,subject_35
1.3857365480966777,1.0,2.0,2.0,1.0,0.0,1,subject_35
1.3857365480966777,1.0,2.0,0.0,0.0,2.0,4,subject_35
1.3857365480966777,1.0,2.0,0.0,0.0,1.0,2,subject_35
1.3857365480966777,1.0,2.0,0.0,0.0,0.0,1,subject_35
1.3857365480966777,1.0,2.0,0.0,1.0,2.0,6,subject_35
1.3857365480966777,1.0,2.0,0.0,1.0,1.0,5,subject_35
1.3857365480966777,1.0,2.0,0.0,1.0,0.0,3,subject_35
1.3857365480966777,1.0,1.0,1.0,0.0,2.0,4,subject_35
1.3857365480966777,1.0,1.0,1.0,0.0,1.0,2,subject_35
1.3857365480966777,1.0,1.0,1.0,0.0,0.0,1,subject_35
1.3857365480966777,1.0,1.0,1.0,1.0,2.0,6,subject_35
1.3857365480966777,1.0,1.0,1.0,1.0,1.0,5,subject_35
1.3857365480966777,1.0,1.0,1.0,1.0,0.0,3,subject_35
1.3857365480966777,1.0,1.0,2.0,0.0,2.0,2,subject_35
1.3857365480966777,1.0,1.0,2.0,0.0,1.0,1,subject_35
1.3857365480966777,1.0,1.0,2.0,0.0,0.0,1,subject_35
1.3857365480966777,1.0,1.0,2.0,1.0,2.0,4,subject_35
1.3857365480966777,1.0,1.0,2.0,1.0,1.0,2,subject_35
1.3857365480966777,1.0,1.0,2.0,1.0,0.0,1,subject_35
1.3857365480966777,1.0,1.0,0.0,0.0,2.0,6,subject_35
1.3857365480966777,1.0,1.0,0.0,0.0,1.0,5,subject_35
1.3857365480966777,1.0,1.0,0.0,0.0,0.0,3,subject_35
1.3857365480966777,1.0,1.0,0.0,1.0,2.0,6,subject_35
1.3857365480966777,1.0,1.0,0.0,1.0,1.0,6,subject_35
1.3857365480966777,1.0,1.0,0.0,1.0,0.0,5,subject_35
1.3857365480966777,1.0,0.0,1.0,0.0,2.0,6,subject_35
1.3857365480966777,1.0,0.0,1.0,0.0,1.0,5,subject_35
1.3857365480966777,1.0,0.0,1.0,0.0,0.0,3,subject_35
1.3857365480966777,1.0,0.0,1.0,1.0,2.0,6,subject_35
1.3857365480966777,1.0,0.0,1.0,1.0,1.0,6,subject_35
1.3857365480966777,1.0,0.0,1.0,1.0,0.0,5,subject_35
1.3857365480966777,1.0,0.0,2.0,0.0,2.0,4,subject_35
1.3857365480966777,1.0,0.0,2.0,0.0,1.0,2,subject_35
1.3857365480966777,1.0,0.0,2.0,0.0,0.0,1,subject_35
1.3857365480966777,1.0,0.0,2.0,1.0,2.0,6,subject_35
1.3857365480966777,1.0,0.0,2.0,1.0,1.0,5,subject_35
1.3857365480966777,1.0,0.0,2.0,1.0,0.0,3,subject_35
1.3857365480966777,1.0,0.0,0.0,0.0,2.0,6,subject_35
1.3857365480966777,1.0,0.0,0.0,0.0,1.0,6,subject_35
1.3857365480966777,1.0,0.0,0.0,0.0,0.0,5,subject_35
1.3857365480966777,1.0,0.0,0.0,1.0,2.0,6,subject_35
1.3857365480966777,1.0,0.0,0.0,1.0,1.0,6,subject_35
1.3857365480966777,1.0,0.0,0.0,1.0,0.0,6,subject_35
-0.937410017830106,-1.0,2.0,1.0,0.0,2.0,1,subject_36
-0.937410017830106,-1.0,2.0,1.0,0.0,1.0,1,subject_36
-0.937410017830106,-1.0,2.0,1.0,0.0,0.0,1,subject_36
-0.937410017830106,-1.0,2.0,1.0,1.0,2.0,3,subject_36
-0.937410017830106,-1.0,2.0,1.0,1.0,1.0,2,subject_36
-0.937410017830106,-1.0,2.0,1.0,1.0,0.0,1,subject_36
-0.937410017830106,-1.0,2.0,2.0,0.0,2.0,1,subject_36
-0.937410017830106,-1.0,2.0,2.0,0.0,1.0,1,subject_36
-0.937410017830106,-1.0,2.0,2.0,0.0,0.0,1,subject_36
-0.937410017830106,-1.0,2.0,2.0,1.0,2.0,1,subject_36
-0.937410017830106,-1.0,2.0,2.0,1.0,1.0,1,subject_36
-0.937410017830106,-1.0,2.0,2.0,1.0,0.0,1,subject_36
-0.937410017830106,-1.0,2.0,0.0,0.0,2.0,3,subject_36
-0.937410017830106,-1.0,2.0,0.0,0.0,1.0,2,subject_36
-0.937410017830106,-1.0,2.0,0.0,0.0,0.0,1,subject_36
-0.937410017830106,-1.0,2.0,0.0,1.0,2.0,5,subject_36
-0.937410017830106,-1.0,2.0,0.0,1.0,1.0,4,subject_36
-0.937410017830106,-1.0,2.0,0.0,1.0,0.0,3,subject_36
-0.937410017830106,-1.0,1.0,1.0,0.0,2.0,2,subject_36
-0.937410017830106,-1.0,1.0,1.0,0.0,1.0,1,subject_36
-0.937410017830106,-1.0,1.0,1.0,0.0,0.0,1,subject_36
-0.937410017830106,-1.0,1.0,1.0,1.0,2.0,5,subject_36
-0.937410017830106,-1.0,1.0,1.0,1.0,1.0,3,subject_36
-0.937410017830106,-1.0,1.0,1.0,1.0,0.0,2,subject_36
-0.937410017830106,-1.0,1.0,2.0,0.0,2.0,1,subject_36
-0.937410017830106,-1.0,1.0,2.0,0.0,1.0,1,subject_36
-0.937410017830106,-1.0,1.0,2.0,0.0,0.0,1,subject_36
-0.937410017830106,-1.0,1.0,2.0,1.0,2.0,2,subject_36
-0.937410017830106,-1.0,1.0,2.0,1.0,1.0,1,subject_36
-0.937410017830106,-1.0,1.0,2.0,1.0,0.0,1,subject_36
-0.937410017830106,-1.0,1.0,0.0,0.0,2.0,5,subject_36
-0.937410017830106,-1.0,1.0,0.0,0.0,1.0,3,subject_36
-0.937410017830106,-1.0,1.0,0.0,0.0,0.0,2,subject_36
-0.937410017830106,-1.0,1.0,0.0,1.0,2.0,6,subject_36
-0.937410017830106,-1.0,1.0,0.0,1.0,1.0,6,subject_36
-0.937410017830106,-1.0,1.0,0.0,1.0,0.0,5,subject_36
-0.937410017830106,-1.0,0.0,1.0,0.0,2.0,3,subject_36
-0.937410017830106,-1.0,0.0,1.0,0.0,1.0,2,subject_36
-0.937410017830106,-1.0,0.0,1.0,0.0,0.0,1,subject_36
-0.937410017830106,-1.0,0.0,1.0,1.0,2.0,6,subject_36
-0.937410017830106,-1.0,0.0,1.0,1.0,1.0,5,subject_36
-0.937410017830106,-1.0,0.0,1.0,1.0,0.0,4,subject_36
-0.937410017830106,-1.0,0.0,2.0,0.0,2.0,1,subject_36
-0.937410017830106,-1.0,0.0,2.0,0.0,1.0,1,subject_36
-0.937410017830106,-1.0,0.0,2.0,0.0,0.0,1,subject_36
-0.937410017830106,-1.0,0.0,2.0,1.0,2.0,4,subject_36
-0.937410017830106,-1.0,0.0,2.0,1.0,1.0,2,subject_36
-0.937410017830106,-1.0,0.0,2.0,1.0,0.0,1,subject_36
-0.937410017830106,-1.0,0.0,0.0,0.0,2.0,6,subject_36
-0.937410017830106,-1.0,0.0,0.0,0.0,1.0,5,subject_36
-0.937410017830106,-1.0,0.0,0.0,0.0,0.0,4,subject_36
-0.937410017830106,-1.0,0.0,0.0,1.0,2.0,6,subject_36
-0.937410017830106,-1.0,0.0,0.0,1.0,1.0,6,subject_36
-0.937410017830106,-1.0,0.0,0.0,1.0,0.0,6,subject_36
-0.937410017830106,1.0,2.0,1.0,0.0,2.0,1,subject_36
-0.937410017830106,1.0,2.0,1.0,0.0,1.0,1,subject_36
-0.937410017830106,1.0,2.0,1.0,0.0,0.0,1,subject_36
-0.937410017830106,1.0,2.0,1.0,1.0,2.0,3,subject_36
-0.937410017830106,1.0,2.0,1.0,1.0,1.0,2,subject_36
-0.937410017830106,1.0,2.0,1.0,1.0,0.0,1,subject_36
-0.937410017830106,1.0,2.0,2.0,0.0,2.0,1,subject_36
-0.937410017830106,1.0,2.0,2.0,0.0,1.0,1,subject_36
-0.937410017830106,1.0,2.0,2.0,0.0,0.0,1,subject_36
-0.937410017830106,1.0,2.0,2.0,1.0,2.0,1,subject_36
-0.937410017830106,1.0,2.0,2.0,1.0,1.0,1,subject_36
-0.937410017830106,1.0,2.0,2.0,1.0,0.0,1,subject_36
-0.937410017830106,1.0,2.0,0.0,0.0,2.0,3,subject_36
-0.937410017830106,1.0,2.0,0.0,0.0,1.0,2,subject_36
-0.937410017830106,1.0,2.0,0.0,0.0,0.0,1,subject_36
-0.937410017830106,1.0,2.0,0.0,1.0,2.0,5,subject_36
-0.937410017830106,1.0,2.0,0.0,1.0,1.0,4,subject_36
-0.937410017830106,1.0,2.0,0.0,1.0,0.0,3,subject_36
-0.937410017830106,1.0,1.0,1.0,0.0,2.0,2,subject_36
-0.937410017830106,1.0,1.0,1.0,0.0,1.0,1,subject_36
-0.937410017830106,1.0,1.0,1.0,0.0,0.0,1,subject_36
-0.937410017830106,1.0,1.0,1.0,1.0,2.0,5,subject_36
-0.937410017830106,1.0,1.0,1.0,1.0,1.0,3,subject_36
-0.937410017830106,1.0,1.0,1.0,1.0,0.0,2,subject_36
-0.937410017830106,1.0,1.0,2.0,0.0,2.0,1,subject_36
-0.937410017830106,1.0,1.0,2.0,0.0,1.0,1,subject_36
-0.937410017830106,1.0,1.0,2.0,0.0,0.0,1,subject_36
-0.937410017830106,1.0,1.0,2.0,1.0,2.0,2,subject_36
-0.937410017830106,1.0,1.0,2.0,1.0,1.0,1,subject_36
-0.937410017830106,1.0,1.0,2.0,1.0,0.0,1,subject_36
-0.937410017830106,1.0,1.0,0.0,0.0,2.0,5,subject_36
-0.937410017830106,1.0,1.0,0.0,0.0,1.0,3,subject_36
-0.937410017830106,1.0,1.0,0.0,0.0,0.0,2,subject_36
-0.937410017830106,1.0,1.0,0.0,1.0,2.0,6,subject_36
-0.937410017830106,1.0,1.0,0.0,1.0,1.0,6,subject_36
-0.937410017830106,1.0,1.0,0.0,1.0,0.0,5,subject_36
-0.937410017830106,1.0,0.0,1.0,0.0,2.0,4,subject_36
-0.937410017830106,1.0,0.0,1.0,0.0,1.0,2,subject_36
-0.937410017830106,1.0,0.0,1.0,0.0,0.0,1,subject_36
-0.937410017830106,1.0,0.0,1.0,1.0,2.0,6,subject_36
-0.937410017830106,1.0,0.0,1.0,1.0,1.0,5,subject_36
-0.937410017830106,1.0,0.0,1.0,1.0,0.0,4,subject_36
-0.937410017830106,1.0,0.0,2.0,0.0,2.0,1,subject_36
-0.937410017830106,1.0,0.0,2.0,0.0,1.0,1,subject_36
-0.937410017830106,1.0,0.0,2.0,0.0,0.0,1,subject_36
-0.937410017830106,1.0,0.0,2.0,1.0,2.0,4,subject_36
-0.937410017830106,1.0,0.0,2.0,1.0,1.0,2,subject_36
-0.937410017830106,1.0,0.0,2.0,1.0,0.0,2,subject_36
-0.937410017830106,1.0,0.0,0.0,0.0,2.0,6,subject_36
-0.937410017830106,1.0,0.0,0.0,0.0,1.0,5,subject_36
-0.937410017830106,1.0,0.0,0.0,0.0,0.0,4,subject_36
-0.937410017830106,1.0,0.0,0.0,1.0,2.0,6,subject_36
-0.937410017830106,1.0,0.0,0.0,1.0,1.0,6,subject_36
-0.937410017830106,1.0,0.0,0.0,1.0,0.0,6,subject_36
-0.4483265302665725,-1.0,2.0,1.0,0.0,2.0,1,subject_36
-0.4483265302665725,-1.0,2.0,1.0,0.0,1.0,1,subject_36
-0.4483265302665725,-1.0,2.0,1.0,0.0,0.0,1,subject_36
-0.4483265302665725,-1.0,2.0,1.0,1.0,2.0,2,subject_36
-0.4483265302665725,-1.0,2.0,1.0,1.0,1.0,1,subject_36
-0.4483265302665725,-1.0,2.0,1.0,1.0,0.0,1,subject_36
-0.4483265302665725,-1.0,2.0,2.0,0.0,2.0,1,subject_36
-0.4483265302665725,-1.0,2.0,2.0,0.0,1.0,1,subject_36
-0.4483265302665725,-1.0,2.0,2.0,0.0,0.0,1,subject_36
-0.4483265302665725,-1.0,2.0,2.0,1.0,2.0,1,subject_36
-0.4483265302665725,-1.0,2.0,2.0,1.0,1.0,1,subject_36
-0.4483265302665725,-1.0,2.0,2.0,1.0,0.0,1,subject_36
-0.4483265302665725,-1.0,2.0,0.0,0.0,2.0,2,subject_36
-0.4483265302665725,-1.0,2.0,0.0,0.0,1.0,1,subject_36
-0.4483265302665725,-1.0,2.0,0.0,0.0,0.0,1,subject_36
-0.4483265302665725,-1.0,2.0,0.0,1.0,2.0,5,subject_36
-0.4483265302665725,-1.0,2.0,0.0,1.0,1.0,4,subject_36
-0.4483265302665725,-1.0,2.0,0.0,1.0,0.0,2,subject_36
-0.4483265302665725,-1.0,1.0,1.0,0.0,2.0,2,subject_36
-0.4483265302665725,-1.0,1.0,1.0,0.0,1.0,1,subject_36
-0.4483265302665725,-1.0,1.0,1.0,0.0,0.0,1,subject_36
-0.4483265302665725,-1.0,1.0,1.0,1.0,2.0,4,subject_36
-0.4483265302665725,-1.0,1.0,1.0,1.0,1.0,3,subject_36
-0.4483265302665725,-1.0,1.0,1.0,1.0,0.0,2,subject_36
-0.4483265302665725,-1.0,1.0,2.0,0.0,2.0,1,subject_36
-0.4483265302665725,-1.0,1.0,2.0,0.0,1.0,1,subject_36
-0.4483265302665725,-1.0,1.0,2.0,0.0,0.0,1,subject_36
-0.4483265302665725,-1.0,1.0,2.0,1.0,2.0,2,subject_36
-0.4483265302665725,-1.0,1.0,2.0,1.0,1.0,1,subject_36
-0.4483265302665725,-1.0,1.0,2.0,1.0,0.0,1,subject_36
-0.4483265302665725,-1.0,1.0,0.0,0.0,2.0,4,subject_36
-0.4483265302665725,-1.0,1.0,0.0,0.0,1.0,3,subject_36
-0.4483265302665725,-1.0,1.0,0.0,0.0,0.0,2,subject_36
-0.4483265302665725,-1.0,1.0,0.0,1.0,2.0,6,subject_36
-0.4483265302665725,-1.0,1.0,0.0,1.0,1.0,5,subject_36
-0.4483265302665725,-1.0,1.0,0.0,1.0,0.0,4,subject_36
-0.4483265302665725,-1.0,0.0,1.0,0.0,2.0,3,subject_36
-0.4483265302665725,-1.0,0.0,1.0,0.0,1.0,2,subject_36
-0.4483265302665725,-1.0,0.0,1.0,0.0,0.0,1,subject_36
-0.4483265302665725,-1.0,0.0,1.0,1.0,2.0,6,subject_36
-0.4483265302665725,-1.0,0.0,1.0,1.0,1.0,5,subject_36
-0.4483265302665725,-1.0,0.0,1.0,1.0,0.0,3,subject_36
-0.4483265302665725,-1.0,0.0,2.0,0.0,2.0,1,subject_36
-0.4483265302665725,-1.0,0.0,2.0,0.0,1.0,1,subject_36
-0.4483265302665725,-1.0,0.0,2.0,0.0,0.0,1,subject_36
-0.4483265302665725,-1.0,0.0,2.0,1.0,2.0,3,subject_36
-0.4483265302665725,-1.0,0.0,2.0,1.0,1.0,2,subject_36
-0.4483265302665725,-1.0,0.0,2.0,1.0,0.0,1,subject_36
-0.4483265302665725,-1.0,0.0,0.0,0.0,2.0,5,subject_36
-0.4483265302665725,-1.0,0.0,0.0,0.0,1.0,5,subject_36
-0.4483265302665725,-1.0,0.0,0.0,0.0,0.0,3,subject_36
-0.4483265302665725,-1.0,0.0,0.0,1.0,2.0,6,subject_36
-0.4483265302665725,-1.0,0.0,0.0,1.0,1.0,6,subject_36
-0.4483265302665725,-1.0,0.0,0.0,1.0,0.0,6,subject_36
-0.4483265302665725,1.0,2.0,1.0,0.0,2.0,1,subject_36
-0.4483265302665725,1.0,2.0,1.0,0.0,1.0,1,subject_36
-0.4483265302665725,1.0,2.0,1.0,0.0,0.0,1,subject_36
-0.4483265302665725,1.0,2.0,1.0,1.0,2.0,4,subject_36
-0.4483265302665725,1.0,2.0,1.0,1.0,1.0,2,subject_36
-0.4483265302665725,1.0,2.0,1.0,1.0,0.0,1,subject_36
-0.4483265302665725,1.0,2.0,2.0,0.0,2.0,1,subject_36
-0.4483265302665725,1.0,2.0,2.0,0.0,1.0,1,subject_36
-0.4483265302665725,1.0,2.0,2.0,0.0,0.0,1,subject_36
-0.4483265302665725,1.0,2.0,2.0,1.0,2.0,1,subject_36
-0.4483265302665725,1.0,2.0,2.0,1.0,1.0,1,subject_36
-0.4483265302665725,1.0,2.0,2.0,1.0,0.0,1,subject_36
-0.4483265302665725,1.0,2.0,0.0,0.0,2.0,3,subject_36
-0.4483265302665725,1.0,2.0,0.0,0.0,1.0,2,subject_36
-0.4483265302665725,1.0,2.0,0.0,0.0,0.0,1,subject_36
-0.4483265302665725,1.0,2.0,0.0,1.0,2.0,6,subject_36
-0.4483265302665725,1.0,2.0,0.0,1.0,1.0,5,subject_36
-0.4483265302665725,1.0,2.0,0.0,1.0,0.0,3,subject_36
-0.4483265302665725,1.0,1.0,1.0,0.0,2.0,2,subject_36
-0.4483265302665725,1.0,1.0,1.0,0.0,1.0,1,subject_36
-0.4483265302665725,1.0,1.0,1.0,0.0,0.0,1,subject_36
-0.4483265302665725,1.0,1.0,1.0,1.0,2.0,5,subject_36
-0.4483265302665725,1.0,1.0,1.0,1.0,1.0,4,subject_36
-0.4483265302665725,1.0,1.0,1.0,1.0,0.0,2,subject_36
-0.4483265302665725,1.0,1.0,2.0,0.0,2.0,1,subject_36
-0.4483265302665725,1.0,1.0,2.0,0.0,1.0,1,subject_36
-0.4483265302665725,1.0,1.0,2.0,0.0,0.0,1,subject_36
-0.4483265302665725,1.0,1.0,2.0,1.0,2.0,3,subject_36
-0.4483265302665725,1.0,1.0,2.0,1.0,1.0,2,subject_36
-0.4483265302665725,1.0,1.0,2.0,1.0,0.0,1,subject_36
-0.4483265302665725,1.0,1.0,0.0,0.0,2.0,5,subject_36
-0.4483265302665725,1.0,1.0,0.0,0.0,1.0,4,subject_36
-0.4483265302665725,1.0,1.0,0.0,0.0,0.0,2,subject_36
-0.4483265302665725,1.0,1.0,0.0,1.0,2.0,6,subject_36
-0.4483265302665725,1.0,1.0,0.0,1.0,1.0,6,subject_36
-0.4483265302665725,1.0,1.0,0.0,1.0,0.0,5,subject_36
-0.4483265302665725,1.0,0.0,1.0,0.0,2.0,4,subject_36
-0.4483265302665725,1.0,0.0,1.0,0.0,1.0,3,subject_36
-0.4483265302665725,1.0,0.0,1.0,0.0,0.0,2,subject_36
-0.4483265302665725,1.0,0.0,1.0,1.0,2.0,6,subject_36
-0.4483265302665725,1.0,0.0,1.0,1.0,1.0,5,subject_36
-0.4483265302665725,1.0,0.0,1.0,1.0,0.0,4,subject_36
-0.4483265302665725,1.0,0.0,2.0,0.0,2.0,2,subject_36
-0.4483265302665725,1.0,0.0,2.0,0.0,1.0,1,subject_36
-0.4483265302665725,1.0,0.0,2.0,0.0,0.0,1,subject_36
-0.4483265302665725,1.0,0.0,2.0,1.0,2.0,5,subject_36
-0.4483265302665725,1.0,0.0,2.0,1.0,1.0,3,subject_36
-0.4483265302665725,1.0,0.0,2.0,1.0,0.0,2,subject_36
-0.4483265302665725,1.0,0.0,0.0,0.0,2.0,6,subject_36
-0.4483265302665725,1.0,0.0,0.0,0.0,1.0,5,subject_36
-0.4483265302665725,1.0,0.0,0.0,0.0,0.0,4,subject_36
-0.4483265302665725,1.0,0.0,0.0,1.0,2.0,6,subject_36
-0.4483265302665725,1.0,0.0,0.0,1.0,1.0,6,subject_36
-0.4483265302665725,1.0,0.0,0.0,1.0,0.0,6,subject_36
1.3857365480966777,-1.0,2.0,1.0,0.0,2.0,1,subject_36
1.3857365480966777,-1.0,2.0,1.0,0.0,1.0,1,subject_36
1.3857365480966777,-1.0,2.0,1.0,0.0,0.0,1,subject_36
1.3857365480966777,-1.0,2.0,1.0,1.0,2.0,1,subject_36
1.3857365480966777,-1.0,2.0,1.0,1.0,1.0,1,subject_36
1.3857365480966777,-1.0,2.0,1.0,1.0,0.0,1,subject_36
1.3857365480966777,-1.0,2.0,2.0,0.0,2.0,1,subject_36
1.3857365480966777,-1.0,2.0,2.0,0.0,1.0,1,subject_36
1.3857365480966777,-1.0,2.0,2.0,0.0,0.0,1,subject_36
1.3857365480966777,-1.0,2.0,2.0,1.0,2.0,1,subject_36
1.3857365480966777,-1.0,2.0,2.0,1.0,1.0,1,subject_36
1.3857365480966777,-1.0,2.0,2.0,1.0,0.0,1,subject_36
1.3857365480966777,-1.0,2.0,0.0,0.0,2.0,1,subject_36
1.3857365480966777,-1.0,2.0,0.0,0.0,1.0,1,subject_36
1.3857365480966777,-1.0,2.0,0.0,0.0,0.0,1,subject_36
1.3857365480966777,-1.0,2.0,0.0,1.0,2.0,3,subject_36
1.3857365480966777,-1.0,2.0,0.0,1.0,1.0,2,subject_36
1.3857365480966777,-1.0,2.0,0.0,1.0,0.0,1,subject_36
1.3857365480966777,-1.0,1.0,1.0,0.0,2.0,1,subject_36
1.3857365480966777,-1.0,1.0,1.0,0.0,1.0,1,subject_36
1.3857365480966777,-1.0,1.0,1.0,0.0,0.0,1,subject_36
1.3857365480966777,-1.0,1.0,1.0,1.0,2.0,2,subject_36
1.3857365480966777,-1.0,1.0,1.0,1.0,1.0,1,subject_36
1.3857365480966777,-1.0,1.0,1.0,1.0,0.0,1,subject_36
1.3857365480966777,-1.0,1.0,2.0,0.0,2.0,1,subject_36
1.3857365480966777,-1.0,1.0,2.0,0.0,1.0,1,subject_36
1.3857365480966777,-1.0,1.0,2.0,0.0,0.0,1,subject_36
1.3857365480966777,-1.0,1.0,2.0,1.0,2.0,1,subject_36
1.3857365480966777,-1.0,1.0,2.0,1.0,1.0,1,subject_36
1.3857365480966777,-1.0,1.0,2.0,1.0,0.0,1,subject_36
1.3857365480966777,-1.0,1.0,0.0,0.0,2.0,2,subject_36
1.3857365480966777,-1.0,1.0,0.0,0.0,1.0,1,subject_36
1.3857365480966777,-1.0,1.0,0.0,0.0,0.0,1,subject_36
1.3857365480966777,-1.0,1.0,0.0,1.0,2.0,5,subject_36
1.3857365480966777,-1.0,1.0,0.0,1.0,1.0,4,subject_36
1.3857365480966777,-1.0,1.0,0.0,1.0,0.0,2,subject_36
1.3857365480966777,-1.0,0.0,1.0,0.0,2.0,2,subject_36
1.3857365480966777,-1.0,0.0,1.0,0.0,1.0,1,subject_36
1.3857365480966777,-1.0,0.0,1.0,0.0,0.0,1,subject_36
1.3857365480966777,-1.0,0.0,1.0,1.0,2.0,4,subject_36
1.3857365480966777,-1.0,0.0,1.0,1.0,1.0,3,subject_36
1.3857365480966777,-1.0,0.0,1.0,1.0,0.0,2,subject_36
1.3857365480966777,-1.0,0.0,2.0,0.0,2.0,1,subject_36
1.3857365480966777,-1.0,0.0,2.0,0.0,1.0,1,subject_36
1.3857365480966777,-1.0,0.0,2.0,0.0,0.0,1,subject_36
1.3857365480966777,-1.0,0.0,2.0,1.0,2.0,2,subject_36
1.3857365480966777,-1.0,0.0,2.0,1.0,1.0,1,subject_36
1.3857365480966777,-1.0,0.0,2.0,1.0,0.0,1,subject_36
1.3857365480966777,-1.0,0.0,0.0,0.0,2.0,4,subject_36
1.3857365480966777,-1.0,0.0,0.0,0.0,1.0,2,subject_36
1.3857365480966777,-1.0,0.0,0.0,0.0,0.0,2,subject_36
1.3857365480966777,-1.0,0.0,0.0,1.0,2.0,6,subject_36
1.3857365480966777,-1.0,0.0,0.0,1.0,1.0,5,subject_36
1.3857365480966777,-1.0,0.0,0.0,1.0,0.0,4,subject_36
1.3857365480966777,1.0,2.0,1.0,0.0,2.0,2,subject_36
1.3857365480966777,1.0,2.0,1.0,0.0,1.0,1,subject_36
1.3857365480966777,1.0,2.0,1.0,0.0,0.0,1,subject_36
1.3857365480966777,1.0,2.0,1.0,1.0,2.0,5,subject_36
1.3857365480966777,1.0,2.0,1.0,1.0,1.0,4,subject_36
1.3857365480966777,1.0,2.0,1.0,1.0,0.0,2,subject_36
1.3857365480966777,1.0,2.0,2.0,0.0,2.0,1,subject_36
1.3857365480966777,1.0,2.0,2.0,0.0,1.0,1,subject_36
1.3857365480966777,1.0,2.0,2.0,0.0,0.0,1,subject_36
1.3857365480966777,1.0,2.0,2.0,1.0,2.0,2,subject_36
1.3857365480966777,1.0,2.0,2.0,1.0,1.0,1,subject_36
1.3857365480966777,1.0,2.0,2.0,1.0,0.0,1,subject_36
1.3857365480966777,1.0,2.0,0.0,0.0,2.0,5,subject_36
1.3857365480966777,1.0,2.0,0.0,0.0,1.0,3,subject_36
1.3857365480966777,1.0,2.0,0.0,0.0,0.0,2,subject_36
1.3857365480966777,1.0,2.0,0.0,1.0,2.0,6,subject_36
1.3857365480966777,1.0,2.0,0.0,1.0,1.0,6,subject_36
1.3857365480966777,1.0,2.0,0.0,1.0,0.0,5,subject_36
1.3857365480966777,1.0,1.0,1.0,0.0,2.0,4,subject_36
1.3857365480966777,1.0,1.0,1.0,0.0,1.0,2,subject_36
1.3857365480966777,1.0,1.0,1.0,0.0,0.0,1,subject_36
1.3857365480966777,1.0,1.0,1.0,1.0,2.0,6,subject_36
1.3857365480966777,1.0,1.0,1.0,1.0,1.0,5,subject_36
1.3857365480966777,1.0,1.0,1.0,1.0,0.0,4,subject_36
1.3857365480966777,1.0,1.0,2.0,0.0,2.0,1,subject_36
1.3857365480966777,1.0,1.0,2.0,0.0,1.0,1,subject_36
1.3857365480966777,1.0,1.0,2.0,0.0,0.0,1,subject_36
1.3857365480966777,1.0,1.0,2.0,1.0,2.0,4,subject_36
1.3857365480966777,1.0,1.0,2.0,1.0,1.0,3,subject_36
1.3857365480966777,1.0,1.0,2.0,1.0,0.0,2,subject_36
1.3857365480966777,1.0,1.0,0.0,0.0,2.0,6,subject_36
1.3857365480966777,1.0,1.0,0.0,0.0,1.0,5,subject_36
1.3857365480966777,1.0,1.0,0.0,0.0,0.0,4,subject_36
1.3857365480966777,1.0,1.0,0.0,1.0,2.0,6,subject_36
1.3857365480966777,1.0,1.0,0.0,1.0,1.0,6,subject_36
1.3857365480966777,1.0,1.0,0.0,1.0,0.0,6,subject_36
1.3857365480966777,1.0,0.0,1.0,0.0,2.0,5,subject_36
1.3857365480966777,1.0,0.0,1.0,0.0,1.0,4,subject_36
1.3857365480966777,1.0,0.0,1.0,0.0,0.0,3,subject_36
1.3857365480966777,1.0,0.0,1.0,1.0,2.0,6,subject_36
1.3857365480966777,1.0,0.0,1.0,1.0,1.0,6,subject_36
1.3857365480966777,1.0,0.0,1.0,1.0,0.0,6,subject_36
1.3857365480966777,1.0,0.0,2.0,0.0,2.0,3,subject_36
1.3857365480966777,1.0,0.0,2.0,0.0,1.0,2,subject_36
1.3857365480966777,1.0,0.0,2.0,0.0,0.0,1,subject_36
1.3857365480966777,1.0,0.0,2.0,1.0,2.0,6,subject_36
1.3857365480966777,1.0,0.0,2.0,1.0,1.0,5,subject_36
1.3857365480966777,1.0,0.0,2.0,1.0,0.0,3,subject_36
1.3857365480966777,1.0,0.0,0.0,0.0,2.0,6,subject_36
1.3857365480966777,1.0,0.0,0.0,0.0,1.0,6,subject_36
1.3857365480966777,1.0,0.0,0.0,0.0,0.0,5,subject_36
1.3857365480966777,1.0,0.0,0.0,1.0,2.0,6,subject_36
1.3857365480966777,1.0,0.0,0.0,1.0,1.0,6,subject_36
1.3857365480966777,1.0,0.0,0.0,1.0,0.0,6,subject_36
-0.937410017830106,-1.0,2.0,1.0,0.0,2.0,1,subject_37
-0.937410017830106,-1.0,2.0,1.0,0.0,1.0,1,subject_37
-0.937410017830106,-1.0,2.0,1.0,0.0,0.0,1,subject_37
-0.937410017830106,-1.0,2.0,1.0,1.0,2.0,3,subject_37
-0.937410017830106,-1.0,2.0,1.0,1.0,1.0,1,subject_37
-0.937410017830106,-1.0,2.0,1.0,1.0,0.0,1,subject_37
-0.937410017830106,-1.0,2.0,2.0,0.0,2.0,1,subject_37
-0.937410017830106,-1.0,2.0,2.0,0.0,1.0,1,subject_37
-0.937410017830106,-1.0,2.0,2.0,0.0,0.0,1,subject_37
-0.937410017830106,-1.0,2.0,2.0,1.0,2.0,1,subject_37
-0.937410017830106,-1.0,2.0,2.0,1.0,1.0,1,subject_37
-0.937410017830106,-1.0,2.0,2.0,1.0,0.0,1,subject_37
-0.937410017830106,-1.0,2.0,0.0,0.0,2.0,4,subject_37
-0.937410017830106,-1.0,2.0,0.0,0.0,1.0,2,subject_37
-0.937410017830106,-1.0,2.0,0.0,0.0,0.0,1,subject_37
-0.937410017830106,-1.0,2.0,0.0,1.0,2.0,6,subject_37
-0.937410017830106,-1.0,2.0,0.0,1.0,1.0,4,subject_37
-0.937410017830106,-1.0,2.0,0.0,1.0,0.0,2,subject_37
-0.937410017830106,-1.0,1.0,1.0,0.0,2.0,3,subject_37
-0.937410017830106,-1.0,1.0,1.0,0.0,1.0,1,subject_37
-0.937410017830106,-1.0,1.0,1.0,0.0,0.0,1,subject_37
-0.937410017830106,-1.0,1.0,1.0,1.0,2.0,5,subject_37
-0.937410017830106,-1.0,1.0,1.0,1.0,1.0,3,subject_37
-0.937410017830106,-1.0,1.0,1.0,1.0,0.0,1,subject_37
-0.937410017830106,-1.0,1.0,2.0,0.0,2.0,1,subject_37
-0.937410017830106,-1.0,1.0,2.0,0.0,1.0,1,subject_37
-0.937410017830106,-1.0,1.0,2.0,0.0,0.0,1,subject_37
-0.937410017830106,-1.0,1.0,2.0,1.0,2.0,2,subject_37
-0.937410017830106,-1.0,1.0,2.0,1.0,1.0,1,subject_37
-0.937410017830106,-1.0,1.0,2.0,1.0,0.0,1,subject_37
-0.937410017830106,-1.0,1.0,0.0,0.0,2.0,5,subject_37
-0.937410017830106,-1.0,1.0,0.0,0.0,1.0,3,subject_37
-0.937410017830106,-1.0,1.0,0.0,0.0,0.0,1,subject_37
-0.937410017830106,-1.0,1.0,0.0,1.0,2.0,6,subject_37
-0.937410017830106,-1.0,1.0,0.0,1.0,1.0,6,subject_37
-0.937410017830106,-1.0,1.0,0.0,1.0,0.0,4,subject_37
-0.937410017830106,-1.0,0.0,1.0,0.0,2.0,5,subject_37
-0.937410017830106,-1.0,0.0,1.0,0.0,1.0,2,subject_37
-0.937410017830106,-1.0,0.0,1.0,0.0,0.0,1,subject_37
-0.937410017830106,-1.0,0.0,1.0,1.0,2.0,6,subject_37
-0.937410017830106,-1.0,0.0,1.0,1.0,1.0,5,subject_37
-0.937410017830106,-1.0,0.0,1.0,1.0,0.0,2,subject_37
-0.937410017830106,-1.0,0.0,2.0,0.0,2.0,2,subject_37
-0.937410017830106,-1.0,0.0,2.0,0.0,1.0,1,subject_37
-0.937410017830106,-1.0,0.0,2.0,0.0,0.0,1,subject_37
-0.937410017830106,-1.0,0.0,2.0,1.0,2.0,4,subject_37
-0.937410017830106,-1.0,0.0,2.0,1.0,1.0,2,subject_37
-0.937410017830106,-1.0,0.0,2.0,1.0,0.0,1,subject_37
-0.937410017830106,-1.0,0.0,0.0,0.0,2.0,6,subject_37
-0.937410017830106,-1.0,0.0,0.0,0.0,1.0,5,subject_37
-0.937410017830106,-1.0,0.0,0.0,0.0,0.0,3,subject_37
-0.937410017830106,-1.0,0.0,0.0,1.0,2.0,6,subject_37
-0.937410017830106,-1.0,0.0,0.0,1.0,1.0,6,subject_37
-0.937410017830106,-1.0,0.0,0.0,1.0,0.0,5,subject_37
-0.937410017830106,1.0,2.0,1.0,0.0,2.0,1,subject_37
-0.937410017830106,1.0,2.0,1.0,0.0,1.0,1,subject_37
-0.937410017830106,1.0,2.0,1.0,0.0,0.0,1,subject_37
-0.937410017830106,1.0,2.0,1.0,1.0,2.0,4,subject_37
-0.937410017830106,1.0,2.0,1.0,1.0,1.0,2,subject_37
-0.937410017830106,1.0,2.0,1.0,1.0,0.0,1,subject_37
-0.937410017830106,1.0,2.0,2.0,0.0,2.0,1,subject_37
-0.937410017830106,1.0,2.0,2.0,0.0,1.0,1,subject_37
-0.937410017830106,1.0,2.0,2.0,0.0,0.0,1,subject_37
-0.937410017830106,1.0,2.0,2.0,1.0,2.0,1,subject_37
-0.937410017830106,1.0,2.0,2.0,1.0,1.0,1,subject_37
-0.937410017830106,1.0,2.0,2.0,1.0,0.0,1,subject_37
-0.937410017830106,1.0,2.0,0.0,0.0,2.0,4,subject_37
-0.937410017830106,1.0,2.0,0.0,0.0,1.0,2,subject_37
-0.937410017830106,1.0,2.0,0.0,0.0,0.0,1,subject_37
-0.937410017830106,1.0,2.0,0.0,1.0,2.0,6,subject_37
-0.937410017830106,1.0,2.0,0.0,1.0,1.0,4,subject_37
-0.937410017830106,1.0,2.0,0.0,1.0,0.0,2,subject_37
-0.937410017830106,1.0,1.0,1.0,0.0,2.0,3,subject_37
-0.937410017830106,1.0,1.0,1.0,0.0,1.0,1,subject_37
-0.937410017830106,1.0,1.0,1.0,0.0,0.0,1,subject_37
-0.937410017830106,1.0,1.0,1.0,1.0,2.0,5,subject_37
-0.937410017830106,1.0,1.0,1.0,1.0,1.0,3,subject_37
-0.937410017830106,1.0,1.0,1.0,1.0,0.0,1,subject_37
-0.937410017830106,1.0,1.0,2.0,0.0,2.0,1,subject_37
-0.937410017830106,1.0,1.0,2.0,0.0,1.0,1,subject_37
-0.937410017830106,1.0,1.0,2.0,0.0,0.0,1,subject_37
-0.937410017830106,1.0,1.0,2.0,1.0,2.0,2,subject_37
-0.937410017830106,1.0,1.0,2.0,1.0,1.0,1,subject_37
-0.937410017830106,1.0,1.0,2.0,1.0,0.0,1,subject_37
-0.937410017830106,1.0,1.0,0.0,0.0,2.0,6,subject_37
-0.937410017830106,1.0,1.0,0.0,0.0,1.0,4,subject_37
-0.937410017830106,1.0,1.0,0.0,0.0,0.0,2,subject_37
-0.937410017830106,1.0,1.0,0.0,1.0,2.0,6,subject_37
-0.937410017830106,1.0,1.0,0.0,1.0,1.0,6,subject_37
-0.937410017830106,1.0,1.0,0.0,1.0,0.0,4,subject_37
-0.937410017830106,1.0,0.0,1.0,0.0,2.0,5,subject_37
-0.937410017830106,1.0,0.0,1.0,0.0,1.0,3,subject_37
-0.937410017830106,1.0,0.0,1.0,0.0,0.0,1,subject_37
-0.937410017830106,1.0,0.0,1.0,1.0,2.0,6,subject_37
-0.937410017830106,1.0,0.0,1.0,1.0,1.0,5,subject_37
-0.937410017830106,1.0,0.0,1.0,1.0,0.0,3,subject_37
-0.937410017830106,1.0,0.0,2.0,0.0,2.0,2,subject_37
-0.937410017830106,1.0,0.0,2.0,0.0,1.0,1,subject_37
-0.937410017830106,1.0,0.0,2.0,0.0,0.0,1,subject_37
-0.937410017830106,1.0,0.0,2.0,1.0,2.0,5,subject_37
-0.937410017830106,1.0,0.0,2.0,1.0,1.0,2,subject_37
-0.937410017830106,1.0,0.0,2.0,1.0,0.0,1,subject_37
-0.937410017830106,1.0,0.0,0.0,0.0,2.0,6,subject_37
-0.937410017830106,1.0,0.0,0.0,0.0,1.0,5,subject_37
-0.937410017830106,1.0,0.0,0.0,0.0,0.0,3,subject_37
-0.937410017830106,1.0,0.0,0.0,1.0,2.0,6,subject_37
-0.937410017830106,1.0,0.0,0.0,1.0,1.0,6,subject_37
-0.937410017830106,1.0,0.0,0.0,1.0,0.0,6,subject_37
-0.4483265302665725,-1.0,2.0,1.0,0.0,2.0,1,subject_37
-0.4483265302665725,-1.0,2.0,1.0,0.0,1.0,1,subject_37
-0.4483265302665725,-1.0,2.0,1.0,0.0,0.0,1,subject_37
-0.4483265302665725,-1.0,2.0,1.0,1.0,2.0,3,subject_37
-0.4483265302665725,-1.0,2.0,1.0,1.0,1.0,1,subject_37
-0.4483265302665725,-1.0,2.0,1.0,1.0,0.0,1,subject_37
-0.4483265302665725,-1.0,2.0,2.0,0.0,2.0,1,subject_37
-0.4483265302665725,-1.0,2.0,2.0,0.0,1.0,1,subject_37
-0.4483265302665725,-1.0,2.0,2.0,0.0,0.0,1,subject_37
-0.4483265302665725,-1.0,2.0,2.0,1.0,2.0,1,subject_37
-0.4483265302665725,-1.0,2.0,2.0,1.0,1.0,1,subject_37
-0.4483265302665725,-1.0,2.0,2.0,1.0,0.0,1,subject_37
-0.4483265302665725,-1.0,2.0,0.0,0.0,2.0,3,subject_37
-0.4483265302665725,-1.0,2.0,0.0,0.0,1.0,1,subject_37
-0.4483265302665725,-1.0,2.0,0.0,0.0,0.0,1,subject_37
-0.4483265302665725,-1.0,2.0,0.0,1.0,2.0,6,subject_37
-0.4483265302665725,-1.0,2.0,0.0,1.0,1.0,4,subject_37
-0.4483265302665725,-1.0,2.0,0.0,1.0,0.0,2,subject_37
-0.4483265302665725,-1.0,1.0,1.0,0.0,2.0,2,subject_37
-0.4483265302665725,-1.0,1.0,1.0,0.0,1.0,1,subject_37
-0.4483265302665725,-1.0,1.0,1.0,0.0,0.0,1,subject_37
-0.4483265302665725,-1.0,1.0,1.0,1.0,2.0,5,subject_37
-0.4483265302665725,-1.0,1.0,1.0,1.0,1.0,2,subject_37
-0.4483265302665725,-1.0,1.0,1.0,1.0,0.0,1,subject_37
-0.4483265302665725,-1.0,1.0,2.0,0.0,2.0,1,subject_37
-0.4483265302665725,-1.0,1.0,2.0,0.0,1.0,1,subject_37
-0.4483265302665725,-1.0,1.0,2.0,0.0,0.0,1,subject_37
-0.4483265302665725,-1.0,1.0,2.0,1.0,2.0,2,subject_37
-0.4483265302665725,-1.0,1.0,2.0,1.0,1.0,1,subject_37
-0.4483265302665725,-1.0,1.0,2.0,1.0,0.0,1,subject_37
-0.4483265302665725,-1.0,1.0,0.0,0.0,2.0,5,subject_37
-0.4483265302665725,-1.0,1.0,0.0,0.0,1.0,3,subject_37
-0.4483265302665725,-1.0,1.0,0.0,0.0,0.0,1,subject_37
-0.4483265302665725,-1.0,1.0,0.0,1.0,2.0,6,subject_37
-0.4483265302665725,-1.0,1.0,0.0,1.0,1.0,5,subject_37
-0.4483265302665725,-1.0,1.0,0.0,1.0,0.0,3,subject_37
-0.4483265302665725,-1.0,0.0,1.0,0.0,2.0,4,subject_37
-0.4483265302665725,-1.0,0.0,1.0,0.0,1.0,2,subject_37
-0.4483265302665725,-1.0,0.0,1.0,0.0,0.0,1,subject_37
-0.4483265302665725,-1.0,0.0,1.0,1.0,2.0,6,subject_37
-0.4483265302665725,-1.0,0.0,1.0,1.0,1.0,5,subject_37
-0.4483265302665725,-1.0,0.0,1.0,1.0,0.0,2,subject_37
-0.4483265302665725,-1.0,0.0,2.0,0.0,2.0,2,subject_37
-0.4483265302665725,-1.0,0.0,2.0,0.0,1.0,1,subject_37
-0.4483265302665725,-1.0,0.0,2.0,0.0,0.0,1,subject_37
-0.4483265302665725,-1.0,0.0,2.0,1.0,2.0,4,subject_37
-0.4483265302665725,-1.0,0.0,2.0,1.0,1.0,2,subject_37
-0.4483265302665725,-1.0,0.0,2.0,1.0,0.0,1,subject_37
-0.4483265302665725,-1.0,0.0,0.0,0.0,2.0,6,subject_37
-0.4483265302665725,-1.0,0.0,0.0,0.0,1.0,5,subject_37
-0.4483265302665725,-1.0,0.0,0.0,0.0,0.0,3,subject_37
-0.4483265302665725,-1.0,0.0,0.0,1.0,2.0,6,subject_37
-0.4483265302665725,-1.0,0.0,0.0,1.0,1.0,6,subject_37
-0.4483265302665725,-1.0,0.0,0.0,1.0,0.0,5,subject_37
-0.4483265302665725,1.0,2.0,1.0,0.0,2.0,2,subject_37
-0.4483265302665725,1.0,2.0,1.0,0.0,1.0,1,subject_37
-0.4483265302665725,1.0,2.0,1.0,0.0,0.0,1,subject_37
-0.4483265302665725,1.0,2.0,1.0,1.0,2.0,4,subject_37
-0.4483265302665725,1.0,2.0,1.0,1.0,1.0,2,subject_37
-0.4483265302665725,1.0,2.0,1.0,1.0,0.0,1,subject_37
-0.4483265302665725,1.0,2.0,2.0,0.0,2.0,1,subject_37
-0.4483265302665725,1.0,2.0,2.0,0.0,1.0,1,subject_37
-0.4483265302665725,1.0,2.0,2.0,0.0,0.0,1,subject_37
-0.4483265302665725,1.0,2.0,2.0,1.0,2.0,1,subject_37
-0.4483265302665725,1.0,2.0,2.0,1.0,1.0,1,subject_37
-0.4483265302665725,1.0,2.0,2.0,1.0,0.0,1,subject_37
-0.4483265302665725,1.0,2.0,0.0,0.0,2.0,5,subject_37
-0.4483265302665725,1.0,2.0,0.0,0.0,1.0,2,subject_37
-0.4483265302665725,1.0,2.0,0.0,0.0,0.0,1,subject_37
-0.4483265302665725,1.0,2.0,0.0,1.0,2.0,6,subject_37
-0.4483265302665725,1.0,2.0,0.0,1.0,1.0,5,subject_37
-0.4483265302665725,1.0,2.0,0.0,1.0,0.0,2,subject_37
-0.4483265302665725,1.0,1.0,1.0,0.0,2.0,4,subject_37
-0.4483265302665725,1.0,1.0,1.0,0.0,1.0,2,subject_37
-0.4483265302665725,1.0,1.0,1.0,0.0,0.0,1,subject_37
-0.4483265302665725,1.0,1.0,1.0,1.0,2.0,6,subject_37
-0.4483265302665725,1.0,1.0,1.0,1.0,1.0,4,subject_37
-0.4483265302665725,1.0,1.0,1.0,1.0,0.0,2,subject_37
-0.4483265302665725,1.0,1.0,2.0,0.0,2.0,1,subject_37
-0.4483265302665725,1.0,1.0,2.0,0.0,1.0,1,subject_37
-0.4483265302665725,1.0,1.0,2.0,0.0,0.0,1,subject_37
-0.4483265302665725,1.0,1.0,2.0,1.0,2.0,3,subject_37
-0.4483265302665725,1.0,1.0,2.0,1.0,1.0,1,subject_37
-0.4483265302665725,1.0,1.0,2.0,1.0,0.0,1,subject_37
-0.4483265302665725,1.0,1.0,0.0,0.0,2.0,6,subject_37
-0.4483265302665725,1.0,1.0,0.0,0.0,1.0,4,subject_37
-0.4483265302665725,1.0,1.0,0.0,0.0,0.0,2,subject_37
-0.4483265302665725,1.0,1.0,0.0,1.0,2.0,6,subject_37
-0.4483265302665725,1.0,1.0,0.0,1.0,1.0,6,subject_37
-0.4483265302665725,1.0,1.0,0.0,1.0,0.0,5,subject_37
-0.4483265302665725,1.0,0.0,1.0,0.0,2.0,5,subject_37
-0.4483265302665725,1.0,0.0,1.0,0.0,1.0,3,subject_37
-0.4483265302665725,1.0,0.0,1.0,0.0,0.0,1,subject_37
-0.4483265302665725,1.0,0.0,1.0,1.0,2.0,6,subject_37
-0.4483265302665725,1.0,0.0,1.0,1.0,1.0,6,subject_37
-0.4483265302665725,1.0,0.0,1.0,1.0,0.0,3,subject_37
-0.4483265302665725,1.0,0.0,2.0,0.0,2.0,2,subject_37
-0.4483265302665725,1.0,0.0,2.0,0.0,1.0,1,subject_37
-0.4483265302665725,1.0,0.0,2.0,0.0,0.0,1,subject_37
-0.4483265302665725,1.0,0.0,2.0,1.0,2.0,5,subject_37
-0.4483265302665725,1.0,0.0,2.0,1.0,1.0,3,subject_37
-0.4483265302665725,1.0,0.0,2.0,1.0,0.0,1,subject_37
-0.4483265302665725,1.0,0.0,0.0,0.0,2.0,6,subject_37
-0.4483265302665725,1.0,0.0,0.0,0.0,1.0,6,subject_37
-0.4483265302665725,1.0,0.0,0.0,0.0,0.0,4,subject_37
-0.4483265302665725,1.0,0.0,0.0,1.0,2.0,6,subject_37
-0.4483265302665725,1.0,0.0,0.0,1.0,1.0,6,subject_37
-0.4483265302665725,1.0,0.0,0.0,1.0,0.0,6,subject_37
1.3857365480966777,-1.0,2.0,1.0,0.0,2.0,1,subject_37
1.3857365480966777,-1.0,2.0,1.0,0.0,1.0,1,subject_37
1.3857365480966777,-1.0,2.0,1.0,0.0,0.0,1,subject_37
1.3857365480966777,-1.0,2.0,1.0,1.0,2.0,2,subject_37
1.3857365480966777,-1.0,2.0,1.0,1.0,1.0,1,subject_37
1.3857365480966777,-1.0,2.0,1.0,1.0,0.0,1,subject_37
1.3857365480966777,-1.0,2.0,2.0,0.0,2.0,1,subject_37
1.3857365480966777,-1.0,2.0,2.0,0.0,1.0,1,subject_37
1.3857365480966777,-1.0,2.0,2.0,0.0,0.0,1,subject_37
1.3857365480966777,-1.0,2.0,2.0,1.0,2.0,1,subject_37
1.3857365480966777,-1.0,2.0,2.0,1.0,1.0,1,subject_37
1.3857365480966777,-1.0,2.0,2.0,1.0,0.0,1,subject_37
1.3857365480966777,-1.0,2.0,0.0,0.0,2.0,2,subject_37
1.3857365480966777,-1.0,2.0,0.0,0.0,1.0,1,subject_37
1.3857365480966777,-1.0,2.0,0.0,0.0,0.0,1,subject_37
1.3857365480966777,-1.0,2.0,0.0,1.0,2.0,5,subject_37
1.3857365480966777,-1.0,2.0,0.0,1.0,1.0,2,subject_37
1.3857365480966777,-1.0,2.0,0.0,1.0,0.0,1,subject_37
1.3857365480966777,-1.0,1.0,1.0,0.0,2.0,1,subject_37
1.3857365480966777,-1.0,1.0,1.0,0.0,1.0,1,subject_37
1.3857365480966777,-1.0,1.0,1.0,0.0,0.0,1,subject_37
1.3857365480966777,-1.0,1.0,1.0,1.0,2.0,4,subject_37
1.3857365480966777,-1.0,1.0,1.0,1.0,1.0,2,subject_37
1.3857365480966777,-1.0,1.0,1.0,1.0,0.0,1,subject_37
1.3857365480966777,-1.0,1.0,2.0,0.0,2.0,1,subject_37
1.3857365480966777,-1.0,1.0,2.0,0.0,1.0,1,subject_37
1.3857365480966777,-1.0,1.0,2.0,0.0,0.0,1,subject_37
1.3857365480966777,-1.0,1.0,2.0,1.0,2.0,1,subject_37
1.3857365480966777,-1.0,1.0,2.0,1.0,1.0,1,subject_37
1.3857365480966777,-1.0,1.0,2.0,1.0,0.0,1,subject_37
1.3857365480966777,-1.0,1.0,0.0,0.0,2.0,4,subject_37
1.3857365480966777,-1.0,1.0,0.0,0.0,1.0,2,subject_37
1.3857365480966777,-1.0,1.0,0.0,0.0,0.0,1,subject_37
1.3857365480966777,-1.0,1.0,0.0,1.0,2.0,6,subject_37
1.3857365480966777,-1.0,1.0,0.0,1.0,1.0,4,subject_37
1.3857365480966777,-1.0,1.0,0.0,1.0,0.0,2,subject_37
1.3857365480966777,-1.0,0.0,1.0,0.0,2.0,3,subject_37
1.3857365480966777,-1.0,0.0,1.0,0.0,1.0,1,subject_37
1.3857365480966777,-1.0,0.0,1.0,0.0,0.0,1,subject_37
1.3857365480966777,-1.0,0.0,1.0,1.0,2.0,5,subject_37
1.3857365480966777,-1.0,0.0,1.0,1.0,1.0,3,subject_37
1.3857365480966777,-1.0,0.0,1.0,1.0,0.0,1,subject_37
1.3857365480966777,-1.0,0.0,2.0,0.0,2.0,1,subject_37
1.3857365480966777,-1.0,0.0,2.0,0.0,1.0,1,subject_37
1.3857365480966777,-1.0,0.0,2.0,0.0,0.0,1,subject_37
1.3857365480966777,-1.0,0.0,2.0,1.0,2.0,3,subject_37
1.3857365480966777,-1.0,0.0,2.0,1.0,1.0,1,subject_37
1.3857365480966777,-1.0,0.0,2.0,1.0,0.0,1,subject_37
1.3857365480966777,-1.0,0.0,0.0,0.0,2.0,6,subject_37
1.3857365480966777,-1.0,0.0,0.0,0.0,1.0,4,subject_37
1.3857365480966777,-1.0,0.0,0.0,0.0,0.0,2,subject_37
1.3857365480966777,-1.0,0.0,0.0,1.0,2.0,6,subject_37
1.3857365480966777,-1.0,0.0,0.0,1.0,1.0,6,subject_37
1.3857365480966777,-1.0,0.0,0.0,1.0,0.0,4,subject_37
1.3857365480966777,1.0,2.0,1.0,0.0,2.0,4,subject_37
1.3857365480966777,1.0,2.0,1.0,0.0,1.0,2,subject_37
1.3857365480966777,1.0,2.0,1.0,0.0,0.0,1,subject_37
1.3857365480966777,1.0,2.0,1.0,1.0,2.0,6,subject_37
1.3857365480966777,1.0,2.0,1.0,1.0,1.0,4,subject_37
1.3857365480966777,1.0,2.0,1.0,1.0,0.0,2,subject_37
1.3857365480966777,1.0,2.0,2.0,0.0,2.0,1,subject_37
1.3857365480966777,1.0,2.0,2.0,0.0,1.0,1,subject_37
1.3857365480966777,1.0,2.0,2.0,0.0,0.0,1,subject_37
1.3857365480966777,1.0,2.0,2.0,1.0,2.0,3,subject_37
1.3857365480966777,1.0,2.0,2.0,1.0,1.0,1,subject_37
1.3857365480966777,1.0,2.0,2.0,1.0,0.0,1,subject_37
1.3857365480966777,1.0,2.0,0.0,0.0,2.0,6,subject_37
1.3857365480966777,1.0,2.0,0.0,0.0,1.0,5,subject_37
1.3857365480966777,1.0,2.0,0.0,0.0,0.0,2,subject_37
1.3857365480966777,1.0,2.0,0.0,1.0,2.0,6,subject_37
1.3857365480966777,1.0,2.0,0.0,1.0,1.0,6,subject_37
1.3857365480966777,1.0,2.0,0.0,1.0,0.0,5,subject_37
1.3857365480966777,1.0,1.0,1.0,0.0,2.0,5,subject_37
1.3857365480966777,1.0,1.0,1.0,0.0,1.0,3,subject_37
1.3857365480966777,1.0,1.0,1.0,0.0,0.0,1,subject_37
1.3857365480966777,1.0,1.0,1.0,1.0,2.0,6,subject_37
1.3857365480966777,1.0,1.0,1.0,1.0,1.0,6,subject_37
1.3857365480966777,1.0,1.0,1.0,1.0,0.0,4,subject_37
1.3857365480966777,1.0,1.0,2.0,0.0,2.0,2,subject_37
1.3857365480966777,1.0,1.0,2.0,0.0,1.0,1,subject_37
1.3857365480966777,1.0,1.0,2.0,0.0,0.0,1,subject_37
1.3857365480966777,1.0,1.0,2.0,1.0,2.0,5,subject_37
1.3857365480966777,1.0,1.0,2.0,1.0,1.0,3,subject_37
1.3857365480966777,1.0,1.0,2.0,1.0,0.0,1,subject_37
1.3857365480966777,1.0,1.0,0.0,0.0,2.0,6,subject_37
1.3857365480966777,1.0,1.0,0.0,0.0,1.0,6,subject_37
1.3857365480966777,1.0,1.0,0.0,0.0,0.0,4,subject_37
1.3857365480966777,1.0,1.0,0.0,1.0,2.0,6,subject_37
1.3857365480966777,1.0,1.0,0.0,1.0,1.0,6,subject_37
1.3857365480966777,1.0,1.0,0.0,1.0,0.0,6,subject_37
1.3857365480966777,1.0,0.0,1.0,0.0,2.0,6,subject_37
1.3857365480966777,1.0,0.0,1.0,0.0,1.0,5,subject_37
1.3857365480966777,1.0,0.0,1.0,0.0,0.0,3,subject_37
1.3857365480966777,1.0,0.0,1.0,1.0,2.0,6,subject_37
1.3857365480966777,1.0,0.0,1.0,1.0,1.0,6,subject_37
1.3857365480966777,1.0,0.0,1.0,1.0,0.0,5,subject_37
1.3857365480966777,1.0,0.0,2.0,0.0,2.0,5,subject_37
1.3857365480966777,1.0,0.0,2.0,0.0,1.0,2,subject_37
1.3857365480966777,1.0,0.0,2.0,0.0,0.0,1,subject_37
1.3857365480966777,1.0,0.0,2.0,1.0,2.0,6,subject_37
1.3857365480966777,1.0,0.0,2.0,1.0,1.0,5,subject_37
1.3857365480966777,1.0,0.0,2.0,1.0,0.0,2,subject_37
1.3857365480966777,1.0,0.0,0.0,0.0,2.0,6,subject_37
1.3857365480966777,1.0,0.0,0.0,0.0,1.0,6,subject_37
1.3857365480966777,1.0,0.0,0.0,0.0,0.0,6,subject_37
1.3857365480966777,1.0,0.0,0.0,1.0,2.0,6,subject_37
1.3857365480966777,1.0,0.0,0.0,1.0,1.0,6,subject_37
1.3857365480966777,1.0,0.0,0.0,1.0,0.0,6,subject_37
-0.937410017830106,-1.0,2.0,1.0,0.0,2.0,6,subject_38
-0.937410017830106,-1.0,2.0,1.0,0.0,1.0,3,subject_38
-0.937410017830106,-1.0,2.0,1.0,0.0,0.0,1,subject_38
-0.937410017830106,-1.0,2.0,1.0,1.0,2.0,6,subject_38
-0.937410017830106,-1.0,2.0,1.0,1.0,1.0,5,subject_38
-0.937410017830106,-1.0,2.0,1.0,1.0,0.0,3,subject_38
-0.937410017830106,-1.0,2.0,2.0,0.0,2.0,4,subject_38
-0.937410017830106,-1.0,2.0,2.0,0.0,1.0,2,subject_38
-0.937410017830106,-1.0,2.0,2.0,0.0,0.0,1,subject_38
-0.937410017830106,-1.0,2.0,2.0,1.0,2.0,6,subject_38
-0.937410017830106,-1.0,2.0,2.0,1.0,1.0,4,subject_38
-0.937410017830106,-1.0,2.0,2.0,1.0,0.0,2,subject_38
-0.937410017830106,-1.0,2.0,0.0,0.0,2.0,6,subject_38
-0.937410017830106,-1.0,2.0,0.0,0.0,1.0,5,subject_38
-0.937410017830106,-1.0,2.0,0.0,0.0,0.0,2,subject_38
-0.937410017830106,-1.0,2.0,0.0,1.0,2.0,6,subject_38
-0.937410017830106,-1.0,2.0,0.0,1.0,1.0,6,subject_38
-0.937410017830106,-1.0,2.0,0.0,1.0,0.0,5,subject_38
-0.937410017830106,-1.0,1.0,1.0,0.0,2.0,6,subject_38
-0.937410017830106,-1.0,1.0,1.0,0.0,1.0,5,subject_38
-0.937410017830106,-1.0,1.0,1.0,0.0,0.0,2,subject_38
-0.937410017830106,-1.0,1.0,1.0,1.0,2.0,6,subject_38
-0.937410017830106,-1.0,1.0,1.0,1.0,1.0,6,subject_38
-0.937410017830106,-1.0,1.0,1.0,1.0,0.0,5,subject_38
-0.937410017830106,-1.0,1.0,2.0,0.0,2.0,5,subject_38
-0.937410017830106,-1.0,1.0,2.0,0.0,1.0,3,subject_38
-0.937410017830106,-1.0,1.0,2.0,0.0,0.0,1,subject_38
-0.937410017830106,-1.0,1.0,2.0,1.0,2.0,6,subject_38
-0.937410017830106,-1.0,1.0,2.0,1.0,1.0,5,subject_38
-0.937410017830106,-1.0,1.0,2.0,1.0,0.0,3,subject_38
-0.937410017830106,-1.0,1.0,0.0,0.0,2.0,6,subject_38
-0.937410017830106,-1.0,1.0,0.0,0.0,1.0,6,subject_38
-0.937410017830106,-1.0,1.0,0.0,0.0,0.0,4,subject_38
-0.937410017830106,-1.0,1.0,0.0,1.0,2.0,6,subject_38
-0.937410017830106,-1.0,1.0,0.0,1.0,1.0,6,subject_38
-0.937410017830106,-1.0,1.0,0.0,1.0,0.0,6,subject_38
-0.937410017830106,-1.0,0.0,1.0,0.0,2.0,6,subject_38
-0.937410017830106,-1.0,0.0,1.0,0.0,1.0,6,subject_38
-0.937410017830106,-1.0,0.0,1.0,0.0,0.0,4,subject_38
-0.937410017830106,-1.0,0.0,1.0,1.0,2.0,6,subject_38
-0.937410017830106,-1.0,0.0,1.0,1.0,1.0,6,subject_38
-0.937410017830106,-1.0,0.0,1.0,1.0,0.0,6,subject_38
-0.937410017830106,-1.0,0.0,2.0,0.0,2.0,6,subject_38
-0.937410017830106,-1.0,0.0,2.0,0.0,1.0,5,subject_38
-0.937410017830106,-1.0,0.0,2.0,0.0,0.0,2,subject_38
-0.937410017830106,-1.0,0.0,2.0,1.0,2.0,6,subject_38
-0.937410017830106,-1.0,0.0,2.0,1.0,1.0,6,subject_38
-0.937410017830106,-1.0,0.0,2.0,1.0,0.0,5,subject_38
-0.937410017830106,-1.0,0.0,0.0,0.0,2.0,6,subject_38
-0.937410017830106,-1.0,0.0,0.0,0.0,1.0,6,subject_38
-0.937410017830106,-1.0,0.0,0.0,0.0,0.0,5,subject_38
-0.937410017830106,-1.0,0.0,0.0,1.0,2.0,6,subject_38
-0.937410017830106,-1.0,0.0,0.0,1.0,1.0,6,subject_38
-0.937410017830106,-1.0,0.0,0.0,1.0,0.0,6,subject_38
-0.937410017830106,1.0,2.0,1.0,0.0,2.0,4,subject_38
-0.937410017830106,1.0,2.0,1.0,0.0,1.0,2,subject_38
-0.937410017830106,1.0,2.0,1.0,0.0,0.0,1,subject_38
-0.937410017830106,1.0,2.0,1.0,1.0,2.0,6,subject_38
-0.937410017830106,1.0,2.0,1.0,1.0,1.0,4,subject_38
-0.937410017830106,1.0,2.0,1.0,1.0,0.0,1,subject_38
-0.937410017830106,1.0,2.0,2.0,0.0,2.0,2,subject_38
-0.937410017830106,1.0,2.0,2.0,0.0,1.0,1,subject_38
-0.937410017830106,1.0,2.0,2.0,0.0,0.0,1,subject_38
-0.937410017830106,1.0,2.0,2.0,1.0,2.0,5,subject_38
-0.937410017830106,1.0,2.0,2.0,1.0,1.0,2,subject_38
-0.937410017830106,1.0,2.0,2.0,1.0,0.0,1,subject_38
-0.937410017830106,1.0,2.0,0.0,0.0,2.0,5,subject_38
-0.937410017830106,1.0,2.0,0.0,0.0,1.0,3,subject_38
-0.937410017830106,1.0,2.0,0.0,0.0,0.0,1,subject_38
-0.937410017830106,1.0,2.0,0.0,1.0,2.0,6,subject_38
-0.937410017830106,1.0,2.0,0.0,1.0,1.0,5,subject_38
-0.937410017830106,1.0,2.0,0.0,1.0,0.0,3,subject_38
-0.937410017830106,1.0,1.0,1.0,0.0,2.0,5,subject_38
-0.937410017830106,1.0,1.0,1.0,0.0,1.0,3,subject_38
-0.937410017830106,1.0,1.0,1.0,0.0,0.0,1,subject_38
-0.937410017830106,1.0,1.0,1.0,1.0,2.0,6,subject_38
-0.937410017830106,1.0,1.0,1.0,1.0,1.0,5,subject_38
-0.937410017830106,1.0,1.0,1.0,1.0,0.0,3,subject_38
-0.937410017830106,1.0,1.0,2.0,0.0,2.0,4,subject_38
-0.937410017830106,1.0,1.0,2.0,0.0,1.0,1,subject_38
-0.937410017830106,1.0,1.0,2.0,0.0,0.0,1,subject_38
-0.937410017830106,1.0,1.0,2.0,1.0,2.0,6,subject_38
-0.937410017830106,1.0,1.0,2.0,1.0,1.0,4,subject_38
-0.937410017830106,1.0,1.0,2.0,1.0,0.0,1,subject_38
-0.937410017830106,1.0,1.0,0.0,0.0,2.0,6,subject_38
-0.937410017830106,1.0,1.0,0.0,0.0,1.0,5,subject_38
-0.937410017830106,1.0,1.0,0.0,0.0,0.0,2,subject_38
-0.937410017830106,1.0,1.0,0.0,1.0,2.0,6,subject_38
-0.937410017830106,1.0,1.0,0.0,1.0,1.0,6,subject_38
-0.937410017830106,1.0,1.0,0.0,1.0,0.0,4,subject_38
-0.937410017830106,1.0,0.0,1.0,0.0,2.0,6,subject_38
-0.937410017830106,1.0,0.0,1.0,0.0,1.0,5,subject_38
-0.937410017830106,1.0,0.0,1.0,0.0,0.0,2,subject_38
-0.937410017830106,1.0,0.0,1.0,1.0,2.0,6,subject_38
-0.937410017830106,1.0,0.0,1.0,1.0,1.0,6,subject_38
-0.937410017830106,1.0,0.0,1.0,1.0,0.0,4,subject_38
-0.937410017830106,1.0,0.0,2.0,0.0,2.0,5,subject_38
-0.937410017830106,1.0,0.0,2.0,0.0,1.0,3,subject_38
-0.937410017830106,1.0,0.0,2.0,0.0,0.0,1,subject_38
-0.937410017830106,1.0,0.0,2.0,1.0,2.0,6,subject_38
-0.937410017830106,1.0,0.0,2.0,1.0,1.0,5,subject_38
-0.937410017830106,1.0,0.0,2.0,1.0,0.0,3,subject_38
-0.937410017830106,1.0,0.0,0.0,0.0,2.0,6,subject_38
-0.937410017830106,1.0,0.0,0.0,0.0,1.0,6,subject_38
-0.937410017830106,1.0,0.0,0.0,0.0,0.0,4,subject_38
-0.937410017830106,1.0,0.0,0.0,1.0,2.0,6,subject_38
-0.937410017830106,1.0,0.0,0.0,1.0,1.0,6,subject_38
-0.937410017830106,1.0,0.0,0.0,1.0,0.0,6,subject_38
-0.4483265302665725,-1.0,2.0,1.0,0.0,2.0,5,subject_38
-0.4483265302665725,-1.0,2.0,1.0,0.0,1.0,2,subject_38
-0.4483265302665725,-1.0,2.0,1.0,0.0,0.0,1,subject_38
-0.4483265302665725,-1.0,2.0,1.0,1.0,2.0,6,subject_38
-0.4483265302665725,-1.0,2.0,1.0,1.0,1.0,5,subject_38
-0.4483265302665725,-1.0,2.0,1.0,1.0,0.0,2,subject_38
-0.4483265302665725,-1.0,2.0,2.0,0.0,2.0,3,subject_38
-0.4483265302665725,-1.0,2.0,2.0,0.0,1.0,1,subject_38
-0.4483265302665725,-1.0,2.0,2.0,0.0,0.0,1,subject_38
-0.4483265302665725,-1.0,2.0,2.0,1.0,2.0,5,subject_38
-0.4483265302665725,-1.0,2.0,2.0,1.0,1.0,3,subject_38
-0.4483265302665725,-1.0,2.0,2.0,1.0,0.0,1,subject_38
-0.4483265302665725,-1.0,2.0,0.0,0.0,2.0,6,subject_38
-0.4483265302665725,-1.0,2.0,0.0,0.0,1.0,4,subject_38
-0.4483265302665725,-1.0,2.0,0.0,0.0,0.0,2,subject_38
-0.4483265302665725,-1.0,2.0,0.0,1.0,2.0,6,subject_38
-0.4483265302665725,-1.0,2.0,0.0,1.0,1.0,6,subject_38
-0.4483265302665725,-1.0,2.0,0.0,1.0,0.0,4,subject_38
-0.4483265302665725,-1.0,1.0,1.0,0.0,2.0,6,subject_38
-0.4483265302665725,-1.0,1.0,1.0,0.0,1.0,4,subject_38
-0.4483265302665725,-1.0,1.0,1.0,0.0,0.0,1,subject_38
-0.4483265302665725,-1.0,1.0,1.0,1.0,2.0,6,subject_38
-0.4483265302665725,-1.0,1.0,1.0,1.0,1.0,6,subject_38
-0.4483265302665725,-1.0,1.0,1.0,1.0,0.0,4,subject_38
-0.4483265302665725,-1.0,1.0,2.0,0.0,2.0,5,subject_38
-0.4483265302665725,-1.0,1.0,2.0,0.0,1.0,2,subject_38
-0.4483265302665725,-1.0,1.0,2.0,0.0,0.0,1,subject_38
-0.4483265302665725,-1.0,1.0,2.0,1.0,2.0,6,subject_38
-0.4483265302665725,-1.0,1.0,2.0,1.0,1.0,5,subject_38
-0.4483265302665725,-1.0,1.0,2.0,1.0,0.0,2,subject_38
-0.4483265302665725,-1.0,1.0,0.0,0.0,2.0,6,subject_38
-0.4483265302665725,-1.0,1.0,0.0,0.0,1.0,5,subject_38
-0.4483265302665725,-1.0,1.0,0.0,0.0,0.0,3,subject_38
-0.4483265302665725,-1.0,1.0,0.0,1.0,2.0,6,subject_38
-0.4483265302665725,-1.0,1.0,0.0,1.0,1.0,6,subject_38
-0.4483265302665725,-1.0,1.0,0.0,1.0,0.0,5,subject_38
-0.4483265302665725,-1.0,0.0,1.0,0.0,2.0,6,subject_38
-0.4483265302665725,-1.0,0.0,1.0,0.0,1.0,5,subject_38
-0.4483265302665725,-1.0,0.0,1.0,0.0,0.0,3,subject_38
-0.4483265302665725,-1.0,0.0,1.0,1.0,2.0,6,subject_38
-0.4483265302665725,-1.0,0.0,1.0,1.0,1.0,6,subject_38
-0.4483265302665725,-1.0,0.0,1.0,1.0,0.0,5,subject_38
-0.4483265302665725,-1.0,0.0,2.0,0.0,2.0,6,subject_38
-0.4483265302665725,-1.0,0.0,2.0,0.0,1.0,4,subject_38
-0.4483265302665725,-1.0,0.0,2.0,0.0,0.0,1,subject_38
-0.4483265302665725,-1.0,0.0,2.0,1.0,2.0,6,subject_38
-0.4483265302665725,-1.0,0.0,2.0,1.0,1.0,6,subject_38
-0.4483265302665725,-1.0,0.0,2.0,1.0,0.0,4,subject_38
-0.4483265302665725,-1.0,0.0,0.0,0.0,2.0,6,subject_38
-0.4483265302665725,-1.0,0.0,0.0,0.0,1.0,6,subject_38
-0.4483265302665725,-1.0,0.0,0.0,0.0,0.0,5,subject_38
-0.4483265302665725,-1.0,0.0,0.0,1.0,2.0,6,subject_38
-0.4483265302665725,-1.0,0.0,0.0,1.0,1.0,6,subject_38
-0.4483265302665725,-1.0,0.0,0.0,1.0,0.0,6,subject_38
-0.4483265302665725,1.0,2.0,1.0,0.0,2.0,4,subject_38
-0.4483265302665725,1.0,2.0,1.0,0.0,1.0,1,subject_38
-0.4483265302665725,1.0,2.0,1.0,0.0,0.0,1,subject_38
-0.4483265302665725,1.0,2.0,1.0,1.0,2.0,6,subject_38
-0.4483265302665725,1.0,2.0,1.0,1.0,1.0,4,subject_38
-0.4483265302665725,1.0,2.0,1.0,1.0,0.0,1,subject_38
-0.4483265302665725,1.0,2.0,2.0,0.0,2.0,2,subject_38
-0.4483265302665725,1.0,2.0,2.0,0.0,1.0,1,subject_38
-0.4483265302665725,1.0,2.0,2.0,0.0,0.0,1,subject_38
-0.4483265302665725,1.0,2.0,2.0,1.0,2.0,5,subject_38
-0.4483265302665725,1.0,2.0,2.0,1.0,1.0,2,subject_38
-0.4483265302665725,1.0,2.0,2.0,1.0,0.0,1,subject_38
-0.4483265302665725,1.0,2.0,0.0,0.0,2.0,5,subject_38
-0.4483265302665725,1.0,2.0,0.0,0.0,1.0,3,subject_38
-0.4483265302665725,1.0,2.0,0.0,0.0,0.0,1,subject_38
-0.4483265302665725,1.0,2.0,0.0,1.0,2.0,6,subject_38
-0.4483265302665725,1.0,2.0,0.0,1.0,1.0,5,subject_38
-0.4483265302665725,1.0,2.0,0.0,1.0,0.0,2,subject_38
-0.4483265302665725,1.0,1.0,1.0,0.0,2.0,5,subject_38
-0.4483265302665725,1.0,1.0,1.0,0.0,1.0,3,subject_38
-0.4483265302665725,1.0,1.0,1.0,0.0,0.0,1,subject_38
-0.4483265302665725,1.0,1.0,1.0,1.0,2.0,6,subject_38
-0.4483265302665725,1.0,1.0,1.0,1.0,1.0,5,subject_38
-0.4483265302665725,1.0,1.0,1.0,1.0,0.0,2,subject_38
-0.4483265302665725,1.0,1.0,2.0,0.0,2.0,4,subject_38
-0.4483265302665725,1.0,1.0,2.0,0.0,1.0,1,subject_38
-0.4483265302665725,1.0,1.0,2.0,0.0,0.0,1,subject_38
-0.4483265302665725,1.0,1.0,2.0,1.0,2.0,6,subject_38
-0.4483265302665725,1.0,1.0,2.0,1.0,1.0,4,subject_38
-0.4483265302665725,1.0,1.0,2.0,1.0,0.0,1,subject_38
-0.4483265302665725,1.0,1.0,0.0,0.0,2.0,6,subject_38
-0.4483265302665725,1.0,1.0,0.0,0.0,1.0,5,subject_38
-0.4483265302665725,1.0,1.0,0.0,0.0,0.0,2,subject_38
-0.4483265302665725,1.0,1.0,0.0,1.0,2.0,6,subject_38
-0.4483265302665725,1.0,1.0,0.0,1.0,1.0,6,subject_38
-0.4483265302665725,1.0,1.0,0.0,1.0,0.0,4,subject_38
-0.4483265302665725,1.0,0.0,1.0,0.0,2.0,6,subject_38
-0.4483265302665725,1.0,0.0,1.0,0.0,1.0,5,subject_38
-0.4483265302665725,1.0,0.0,1.0,0.0,0.0,2,subject_38
-0.4483265302665725,1.0,0.0,1.0,1.0,2.0,6,subject_38
-0.4483265302665725,1.0,0.0,1.0,1.0,1.0,6,subject_38
-0.4483265302665725,1.0,0.0,1.0,1.0,0.0,4,subject_38
-0.4483265302665725,1.0,0.0,2.0,0.0,2.0,5,subject_38
-0.4483265302665725,1.0,0.0,2.0,0.0,1.0,3,subject_38
-0.4483265302665725,1.0,0.0,2.0,0.0,0.0,1,subject_38
-0.4483265302665725,1.0,0.0,2.0,1.0,2.0,6,subject_38
-0.4483265302665725,1.0,0.0,2.0,1.0,1.0,5,subject_38
-0.4483265302665725,1.0,0.0,2.0,1.0,0.0,2,subject_38
-0.4483265302665725,1.0,0.0,0.0,0.0,2.0,6,subject_38
-0.4483265302665725,1.0,0.0,0.0,0.0,1.0,6,subject_38
-0.4483265302665725,1.0,0.0,0.0,0.0,0.0,3,subject_38
-0.4483265302665725,1.0,0.0,0.0,1.0,2.0,6,subject_38
-0.4483265302665725,1.0,0.0,0.0,1.0,1.0,6,subject_38
-0.4483265302665725,1.0,0.0,0.0,1.0,0.0,6,subject_38
1.3857365480966777,-1.0,2.0,1.0,0.0,2.0,1,subject_38
1.3857365480966777,-1.0,2.0,1.0,0.0,1.0,1,subject_38
1.3857365480966777,-1.0,2.0,1.0,0.0,0.0,1,subject_38
1.3857365480966777,-1.0,2.0,1.0,1.0,2.0,4,subject_38
1.3857365480966777,-1.0,2.0,1.0,1.0,1.0,1,subject_38
1.3857365480966777,-1.0,2.0,1.0,1.0,0.0,1,subject_38
1.3857365480966777,-1.0,2.0,2.0,0.0,2.0,1,subject_38
1.3857365480966777,-1.0,2.0,2.0,0.0,1.0,1,subject_38
1.3857365480966777,-1.0,2.0,2.0,0.0,0.0,1,subject_38
1.3857365480966777,-1.0,2.0,2.0,1.0,2.0,2,subject_38
1.3857365480966777,-1.0,2.0,2.0,1.0,1.0,1,subject_38
1.3857365480966777,-1.0,2.0,2.0,1.0,0.0,1,subject_38
1.3857365480966777,-1.0,2.0,0.0,0.0,2.0,3,subject_38
1.3857365480966777,-1.0,2.0,0.0,0.0,1.0,1,subject_38
1.3857365480966777,-1.0,2.0,0.0,0.0,0.0,1,subject_38
1.3857365480966777,-1.0,2.0,0.0,1.0,2.0,5,subject_38
1.3857365480966777,-1.0,2.0,0.0,1.0,1.0,3,subject_38
1.3857365480966777,-1.0,2.0,0.0,1.0,0.0,1,subject_38
1.3857365480966777,-1.0,1.0,1.0,0.0,2.0,3,subject_38
1.3857365480966777,-1.0,1.0,1.0,0.0,1.0,1,subject_38
1.3857365480966777,-1.0,1.0,1.0,0.0,0.0,1,subject_38
1.3857365480966777,-1.0,1.0,1.0,1.0,2.0,5,subject_38
1.3857365480966777,-1.0,1.0,1.0,1.0,1.0,2,subject_38
1.3857365480966777,-1.0,1.0,1.0,1.0,0.0,1,subject_38
1.3857365480966777,-1.0,1.0,2.0,0.0,2.0,1,subject_38
1.3857365480966777,-1.0,1.0,2.0,0.0,1.0,1,subject_38
1.3857365480966777,-1.0,1.0,2.0,0.0,0.0,1,subject_38
1.3857365480966777,-1.0,1.0,2.0,1.0,2.0,4,subject_38
1.3857365480966777,-1.0,1.0,2.0,1.0,1.0,1,subject_38
1.3857365480966777,-1.0,1.0,2.0,1.0,0.0,1,subject_38
1.3857365480966777,-1.0,1.0,0.0,0.0,2.0,5,subject_38
1.3857365480966777,-1.0,1.0,0.0,0.0,1.0,2,subject_38
1.3857365480966777,-1.0,1.0,0.0,0.0,0.0,1,subject_38
1.3857365480966777,-1.0,1.0,0.0,1.0,2.0,6,subject_38
1.3857365480966777,-1.0,1.0,0.0,1.0,1.0,4,subject_38
1.3857365480966777,-1.0,1.0,0.0,1.0,0.0,2,subject_38
1.3857365480966777,-1.0,0.0,1.0,0.0,2.0,5,subject_38
1.3857365480966777,-1.0,0.0,1.0,0.0,1.0,2,subject_38
1.3857365480966777,-1.0,0.0,1.0,0.0,0.0,1,subject_38
1.3857365480966777,-1.0,0.0,1.0,1.0,2.0,6,subject_38
1.3857365480966777,-1.0,0.0,1.0,1.0,1.0,4,subject_38
1.3857365480966777,-1.0,0.0,1.0,1.0,0.0,2,subject_38
1.3857365480966777,-1.0,0.0,2.0,0.0,2.0,3,subject_38
1.3857365480966777,-1.0,0.0,2.0,0.0,1.0,1,subject_38
1.3857365480966777,-1.0,0.0,2.0,0.0,0.0,1,subject_38
1.3857365480966777,-1.0,0.0,2.0,1.0,2.0,5,subject_38
1.3857365480966777,-1.0,0.0,2.0,1.0,1.0,2,subject_38
1.3857365480966777,-1.0,0.0,2.0,1.0,0.0,1,subject_38
1.3857365480966777,-1.0,0.0,0.0,0.0,2.0,6,subject_38
1.3857365480966777,-1.0,0.0,0.0,0.0,1.0,3,subject_38
1.3857365480966777,-1.0,0.0,0.0,0.0,0.0,1,subject_38
1.3857365480966777,-1.0,0.0,0.0,1.0,2.0,6,subject_38
1.3857365480966777,-1.0,0.0,0.0,1.0,1.0,6,subject_38
1.3857365480966777,-1.0,0.0,0.0,1.0,0.0,3,subject_38
1.3857365480966777,1.0,2.0,1.0,0.0,2.0,3,subject_38
1.3857365480966777,1.0,2.0,1.0,0.0,1.0,1,subject_38
1.3857365480966777,1.0,2.0,1.0,0.0,0.0,1,subject_38
1.3857365480966777,1.0,2.0,1.0,1.0,2.0,6,subject_38
1.3857365480966777,1.0,2.0,1.0,1.0,1.0,3,subject_38
1.3857365480966777,1.0,2.0,1.0,1.0,0.0,1,subject_38
1.3857365480966777,1.0,2.0,2.0,0.0,2.0,2,subject_38
1.3857365480966777,1.0,2.0,2.0,0.0,1.0,1,subject_38
1.3857365480966777,1.0,2.0,2.0,0.0,0.0,1,subject_38
1.3857365480966777,1.0,2.0,2.0,1.0,2.0,4,subject_38
1.3857365480966777,1.0,2.0,2.0,1.0,1.0,2,subject_38
1.3857365480966777,1.0,2.0,2.0,1.0,0.0,1,subject_38
1.3857365480966777,1.0,2.0,0.0,0.0,2.0,5,subject_38
1.3857365480966777,1.0,2.0,0.0,0.0,1.0,2,subject_38
1.3857365480966777,1.0,2.0,0.0,0.0,0.0,1,subject_38
1.3857365480966777,1.0,2.0,0.0,1.0,2.0,6,subject_38
1.3857365480966777,1.0,2.0,0.0,1.0,1.0,5,subject_38
1.3857365480966777,1.0,2.0,0.0,1.0,0.0,2,subject_38
1.3857365480966777,1.0,1.0,1.0,0.0,2.0,5,subject_38
1.3857365480966777,1.0,1.0,1.0,0.0,1.0,2,subject_38
1.3857365480966777,1.0,1.0,1.0,0.0,0.0,1,subject_38
1.3857365480966777,1.0,1.0,1.0,1.0,2.0,6,subject_38
1.3857365480966777,1.0,1.0,1.0,1.0,1.0,5,subject_38
1.3857365480966777,1.0,1.0,1.0,1.0,0.0,2,subject_38
1.3857365480966777,1.0,1.0,2.0,0.0,2.0,3,subject_38
1.3857365480966777,1.0,1.0,2.0,0.0,1.0,1,subject_38
1.3857365480966777,1.0,1.0,2.0,0.0,0.0,1,subject_38
1.3857365480966777,1.0,1.0,2.0,1.0,2.0,6,subject_38
1.3857365480966777,1.0,1.0,2.0,1.0,1.0,3,subject_38
1.3857365480966777,1.0,1.0,2.0,1.0,0.0,1,subject_38
1.3857365480966777,1.0,1.0,0.0,0.0,2.0,6,subject_38
1.3857365480966777,1.0,1.0,0.0,0.0,1.0,4,subject_38
1.3857365480966777,1.0,1.0,0.0,0.0,0.0,2,subject_38
1.3857365480966777,1.0,1.0,0.0,1.0,2.0,6,subject_38
1.3857365480966777,1.0,1.0,0.0,1.0,1.0,6,subject_38
1.3857365480966777,1.0,1.0,0.0,1.0,0.0,4,subject_38
1.3857365480966777,1.0,0.0,1.0,0.0,2.0,6,subject_38
1.3857365480966777,1.0,0.0,1.0,0.0,1.0,4,subject_38
1.3857365480966777,1.0,0.0,1.0,0.0,0.0,2,subject_38
1.3857365480966777,1.0,0.0,1.0,1.0,2.0,6,subject_38
1.3857365480966777,1.0,0.0,1.0,1.0,1.0,6,subject_38
1.3857365480966777,1.0,0.0,1.0,1.0,0.0,4,subject_38
1.3857365480966777,1.0,0.0,2.0,0.0,2.0,5,subject_38
1.3857365480966777,1.0,0.0,2.0,0.0,1.0,2,subject_38
1.3857365480966777,1.0,0.0,2.0,0.0,0.0,1,subject_38
1.3857365480966777,1.0,0.0,2.0,1.0,2.0,6,subject_38
1.3857365480966777,1.0,0.0,2.0,1.0,1.0,5,subject_38
1.3857365480966777,1.0,0.0,2.0,1.0,0.0,2,subject_38
1.3857365480966777,1.0,0.0,0.0,0.0,2.0,6,subject_38
1.3857365480966777,1.0,0.0,0.0,0.0,1.0,6,subject_38
1.3857365480966777,1.0,0.0,0.0,0.0,0.0,3,subject_38
1.3857365480966777,1.0,0.0,0.0,1.0,2.0,6,subject_38
1.3857365480966777,1.0,0.0,0.0,1.0,1.0,6,subject_38
1.3857365480966777,1.0,0.0,0.0,1.0,0.0,5,subject_38
-0.937410017830106,-1.0,2.0,1.0,0.0,2.0,1,subject_39
-0.937410017830106,-1.0,2.0,1.0,0.0,1.0,1,subject_39
-0.937410017830106,-1.0,2.0,1.0,0.0,0.0,1,subject_39
-0.937410017830106,-1.0,2.0,1.0,1.0,2.0,1,subject_39
-0.937410017830106,-1.0,2.0,1.0,1.0,1.0,1,subject_39
-0.937410017830106,-1.0,2.0,1.0,1.0,0.0,1,subject_39
-0.937410017830106,-1.0,2.0,2.0,0.0,2.0,1,subject_39
-0.937410017830106,-1.0,2.0,2.0,0.0,1.0,1,subject_39
-0.937410017830106,-1.0,2.0,2.0,0.0,0.0,1,subject_39
-0.937410017830106,-1.0,2.0,2.0,1.0,2.0,1,subject_39
-0.937410017830106,-1.0,2.0,2.0,1.0,1.0,1,subject_39
-0.937410017830106,-1.0,2.0,2.0,1.0,0.0,1,subject_39
-0.937410017830106,-1.0,2.0,0.0,0.0,2.0,2,subject_39
-0.937410017830106,-1.0,2.0,0.0,0.0,1.0,1,subject_39
-0.937410017830106,-1.0,2.0,0.0,0.0,0.0,1,subject_39
-0.937410017830106,-1.0,2.0,0.0,1.0,2.0,3,subject_39
-0.937410017830106,-1.0,2.0,0.0,1.0,1.0,2,subject_39
-0.937410017830106,-1.0,2.0,0.0,1.0,0.0,1,subject_39
-0.937410017830106,-1.0,1.0,1.0,0.0,2.0,2,subject_39
-0.937410017830106,-1.0,1.0,1.0,0.0,1.0,1,subject_39
-0.937410017830106,-1.0,1.0,1.0,0.0,0.0,1,subject_39
-0.937410017830106,-1.0,1.0,1.0,1.0,2.0,4,subject_39
-0.937410017830106,-1.0,1.0,1.0,1.0,1.0,2,subject_39
-0.937410017830106,-1.0,1.0,1.0,1.0,0.0,1,subject_39
-0.937410017830106,-1.0,1.0,2.0,0.0,2.0,1,subject_39
-0.937410017830106,-1.0,1.0,2.0,0.0,1.0,1,subject_39
-0.937410017830106,-1.0,1.0,2.0,0.0,0.0,1,subject_39
-0.937410017830106,-1.0,1.0,2.0,1.0,2.0,2,subject_39
-0.937410017830106,-1.0,1.0,2.0,1.0,1.0,1,subject_39
-0.937410017830106,-1.0,1.0,2.0,1.0,0.0,1,subject_39
-0.937410017830106,-1.0,1.0,0.0,0.0,2.0,4,subject_39
-0.937410017830106,-1.0,1.0,0.0,0.0,1.0,2,subject_39
-0.937410017830106,-1.0,1.0,0.0,0.0,0.0,1,subject_39
-0.937410017830106,-1.0,1.0,0.0,1.0,2.0,6,subject_39
-0.937410017830106,-1.0,1.0,0.0,1.0,1.0,4,subject_39
-0.937410017830106,-1.0,1.0,0.0,1.0,0.0,2,subject_39
-0.937410017830106,-1.0,0.0,1.0,0.0,2.0,5,subject_39
-0.937410017830106,-1.0,0.0,1.0,0.0,1.0,3,subject_39
-0.937410017830106,-1.0,0.0,1.0,0.0,0.0,1,subject_39
-0.937410017830106,-1.0,0.0,1.0,1.0,2.0,6,subject_39
-0.937410017830106,-1.0,0.0,1.0,1.0,1.0,5,subject_39
-0.937410017830106,-1.0,0.0,1.0,1.0,0.0,3,subject_39
-0.937410017830106,-1.0,0.0,2.0,0.0,2.0,3,subject_39
-0.937410017830106,-1.0,0.0,2.0,0.0,1.0,1,subject_39
-0.937410017830106,-1.0,0.0,2.0,0.0,0.0,1,subject_39
-0.937410017830106,-1.0,0.0,2.0,1.0,2.0,5,subject_39
-0.937410017830106,-1.0,0.0,2.0,1.0,1.0,3,subject_39
-0.937410017830106,-1.0,0.0,2.0,1.0,0.0,1,subject_39
-0.937410017830106,-1.0,0.0,0.0,0.0,2.0,6,subject_39
-0.937410017830106,-1.0,0.0,0.0,0.0,1.0,5,subject_39
-0.937410017830106,-1.0,0.0,0.0,0.0,0.0,3,subject_39
-0.937410017830106,-1.0,0.0,0.0,1.0,2.0,6,subject_39
-0.937410017830106,-1.0,0.0,0.0,1.0,1.0,6,subject_39
-0.937410017830106,-1.0,0.0,0.0,1.0,0.0,5,subject_39
-0.937410017830106,1.0,2.0,1.0,0.0,2.0,1,subject_39
-0.937410017830106,1.0,2.0,1.0,0.0,1.0,1,subject_39
-0.937410017830106,1.0,2.0,1.0,0.0,0.0,1,subject_39
-0.937410017830106,1.0,2.0,1.0,1.0,2.0,2,subject_39
-0.937410017830106,1.0,2.0,1.0,1.0,1.0,1,subject_39
-0.937410017830106,1.0,2.0,1.0,1.0,0.0,1,subject_39
-0.937410017830106,1.0,2.0,2.0,0.0,2.0,1,subject_39
-0.937410017830106,1.0,2.0,2.0,0.0,1.0,1,subject_39
-0.937410017830106,1.0,2.0,2.0,0.0,0.0,1,subject_39
-0.937410017830106,1.0,2.0,2.0,1.0,2.0,1,subject_39
-0.937410017830106,1.0,2.0,2.0,1.0,1.0,1,subject_39
-0.937410017830106,1.0,2.0,2.0,1.0,0.0,1,subject_39
-0.937410017830106,1.0,2.0,0.0,0.0,2.0,2,subject_39
-0.937410017830106,1.0,2.0,0.0,0.0,1.0,1,subject_39
-0.937410017830106,1.0,2.0,0.0,0.0,0.0,1,subject_39
-0.937410017830106,1.0,2.0,0.0,1.0,2.0,4,subject_39
-0.937410017830106,1.0,2.0,0.0,1.0,1.0,2,subject_39
-0.937410017830106,1.0,2.0,0.0,1.0,0.0,1,subject_39
-0.937410017830106,1.0,1.0,1.0,0.0,2.0,3,subject_39
-0.937410017830106,1.0,1.0,1.0,0.0,1.0,1,subject_39
-0.937410017830106,1.0,1.0,1.0,0.0,0.0,1,subject_39
-0.937410017830106,1.0,1.0,1.0,1.0,2.0,5,subject_39
-0.937410017830106,1.0,1.0,1.0,1.0,1.0,3,subject_39
-0.937410017830106,1.0,1.0,1.0,1.0,0.0,1,subject_39
-0.937410017830106,1.0,1.0,2.0,0.0,2.0,1,subject_39
-0.937410017830106,1.0,1.0,2.0,0.0,1.0,1,subject_39
-0.937410017830106,1.0,1.0,2.0,0.0,0.0,1,subject_39
-0.937410017830106,1.0,1.0,2.0,1.0,2.0,3,subject_39
-0.937410017830106,1.0,1.0,2.0,1.0,1.0,1,subject_39
-0.937410017830106,1.0,1.0,2.0,1.0,0.0,1,subject_39
-0.937410017830106,1.0,1.0,0.0,0.0,2.0,5,subject_39
-0.937410017830106,1.0,1.0,0.0,0.0,1.0,3,subject_39
-0.937410017830106,1.0,1.0,0.0,0.0,0.0,2,subject_39
-0.937410017830106,1.0,1.0,0.0,1.0,2.0,6,subject_39
-0.937410017830106,1.0,1.0,0.0,1.0,1.0,5,subject_39
-0.937410017830106,1.0,1.0,0.0,1.0,0.0,3,subject_39
-0.937410017830106,1.0,0.0,1.0,0.0,2.0,6,subject_39
-0.937410017830106,1.0,0.0,1.0,0.0,1.0,4,subject_39
-0.937410017830106,1.0,0.0,1.0,0.0,0.0,2,subject_39
-0.937410017830106,1.0,0.0,1.0,1.0,2.0,6,subject_39
-0.937410017830106,1.0,0.0,1.0,1.0,1.0,6,subject_39
-0.937410017830106,1.0,0.0,1.0,1.0,0.0,4,subject_39
-0.937410017830106,1.0,0.0,2.0,0.0,2.0,4,subject_39
-0.937410017830106,1.0,0.0,2.0,0.0,1.0,2,subject_39
-0.937410017830106,1.0,0.0,2.0,0.0,0.0,1,subject_39
-0.937410017830106,1.0,0.0,2.0,1.0,2.0,6,subject_39
-0.937410017830106,1.0,0.0,2.0,1.0,1.0,4,subject_39
-0.937410017830106,1.0,0.0,2.0,1.0,0.0,2,subject_39
-0.937410017830106,1.0,0.0,0.0,0.0,2.0,6,subject_39
-0.937410017830106,1.0,0.0,0.0,0.0,1.0,6,subject_39
-0.937410017830106,1.0,0.0,0.0,0.0,0.0,4,subject_39
-0.937410017830106,1.0,0.0,0.0,1.0,2.0,6,subject_39
-0.937410017830106,1.0,0.0,0.0,1.0,1.0,6,subject_39
-0.937410017830106,1.0,0.0,0.0,1.0,0.0,6,subject_39
-0.4483265302665725,-1.0,2.0,1.0,0.0,2.0,1,subject_39
-0.4483265302665725,-1.0,2.0,1.0,0.0,1.0,1,subject_39
-0.4483265302665725,-1.0,2.0,1.0,0.0,0.0,1,subject_39
-0.4483265302665725,-1.0,2.0,1.0,1.0,2.0,1,subject_39
-0.4483265302665725,-1.0,2.0,1.0,1.0,1.0,1,subject_39
-0.4483265302665725,-1.0,2.0,1.0,1.0,0.0,1,subject_39
-0.4483265302665725,-1.0,2.0,2.0,0.0,2.0,1,subject_39
-0.4483265302665725,-1.0,2.0,2.0,0.0,1.0,1,subject_39
-0.4483265302665725,-1.0,2.0,2.0,0.0,0.0,1,subject_39
-0.4483265302665725,-1.0,2.0,2.0,1.0,2.0,1,subject_39
-0.4483265302665725,-1.0,2.0,2.0,1.0,1.0,1,subject_39
-0.4483265302665725,-1.0,2.0,2.0,1.0,0.0,1,subject_39
-0.4483265302665725,-1.0,2.0,0.0,0.0,2.0,1,subject_39
-0.4483265302665725,-1.0,2.0,0.0,0.0,1.0,1,subject_39
-0.4483265302665725,-1.0,2.0,0.0,0.0,0.0,1,subject_39
-0.4483265302665725,-1.0,2.0,0.0,1.0,2.0,3,subject_39
-0.4483265302665725,-1.0,2.0,0.0,1.0,1.0,1,subject_39
-0.4483265302665725,-1.0,2.0,0.0,1.0,0.0,1,subject_39
-0.4483265302665725,-1.0,1.0,1.0,0.0,2.0,2,subject_39
-0.4483265302665725,-1.0,1.0,1.0,0.0,1.0,1,subject_39
-0.4483265302665725,-1.0,1.0,1.0,0.0,0.0,1,subject_39
-0.4483265302665725,-1.0,1.0,1.0,1.0,2.0,4,subject_39
-0.4483265302665725,-1.0,1.0,1.0,1.0,1.0,2,subject_39
-0.4483265302665725,-1.0,1.0,1.0,1.0,0.0,1,subject_39
-0.4483265302665725,-1.0,1.0,2.0,0.0,2.0,1,subject_39
-0.4483265302665725,-1.0,1.0,2.0,0.0,1.0,1,subject_39
-0.4483265302665725,-1.0,1.0,2.0,0.0,0.0,1,subject_39
-0.4483265302665725,-1.0,1.0,2.0,1.0,2.0,2,subject_39
-0.4483265302665725,-1.0,1.0,2.0,1.0,1.0,1,subject_39
-0.4483265302665725,-1.0,1.0,2.0,1.0,0.0,1,subject_39
-0.4483265302665725,-1.0,1.0,0.0,0.0,2.0,4,subject_39
-0.4483265302665725,-1.0,1.0,0.0,0.0,1.0,2,subject_39
-0.4483265302665725,-1.0,1.0,0.0,0.0,0.0,1,subject_39
-0.4483265302665725,-1.0,1.0,0.0,1.0,2.0,5,subject_39
-0.4483265302665725,-1.0,1.0,0.0,1.0,1.0,4,subject_39
-0.4483265302665725,-1.0,1.0,0.0,1.0,0.0,2,subject_39
-0.4483265302665725,-1.0,0.0,1.0,0.0,2.0,5,subject_39
-0.4483265302665725,-1.0,0.0,1.0,0.0,1.0,2,subject_39
-0.4483265302665725,-1.0,0.0,1.0,0.0,0.0,1,subject_39
-0.4483265302665725,-1.0,0.0,1.0,1.0,2.0,6,subject_39
-0.4483265302665725,-1.0,0.0,1.0,1.0,1.0,5,subject_39
-0.4483265302665725,-1.0,0.0,1.0,1.0,0.0,2,subject_39
-0.4483265302665725,-1.0,0.0,2.0,0.0,2.0,2,subject_39
-0.4483265302665725,-1.0,0.0,2.0,0.0,1.0,1,subject_39
-0.4483265302665725,-1.0,0.0,2.0,0.0,0.0,1,subject_39
-0.4483265302665725,-1.0,0.0,2.0,1.0,2.0,5,subject_39
-0.4483265302665725,-1.0,0.0,2.0,1.0,1.0,2,subject_39
-0.4483265302665725,-1.0,0.0,2.0,1.0,0.0,1,subject_39
-0.4483265302665725,-1.0,0.0,0.0,0.0,2.0,6,subject_39
-0.4483265302665725,-1.0,0.0,0.0,0.0,1.0,5,subject_39
-0.4483265302665725,-1.0,0.0,0.0,0.0,0.0,3,subject_39
-0.4483265302665725,-1.0,0.0,0.0,1.0,2.0,6,subject_39
-0.4483265302665725,-1.0,0.0,0.0,1.0,1.0,6,subject_39
-0.4483265302665725,-1.0,0.0,0.0,1.0,0.0,5,subject_39
-0.4483265302665725,1.0,2.0,1.0,0.0,2.0,1,subject_39
-0.4483265302665725,1.0,2.0,1.0,0.0,1.0,1,subject_39
-0.4483265302665725,1.0,2.0,1.0,0.0,0.0,1,subject_39
-0.4483265302665725,1.0,2.0,1.0,1.0,2.0,2,subject_39
-0.4483265302665725,1.0,2.0,1.0,1.0,1.0,1,subject_39
-0.4483265302665725,1.0,2.0,1.0,1.0,0.0,1,subject_39
-0.4483265302665725,1.0,2.0,2.0,0.0,2.0,1,subject_39
-0.4483265302665725,1.0,2.0,2.0,0.0,1.0,1,subject_39
-0.4483265302665725,1.0,2.0,2.0,0.0,0.0,1,subject_39
-0.4483265302665725,1.0,2.0,2.0,1.0,2.0,1,subject_39
-0.4483265302665725,1.0,2.0,2.0,1.0,1.0,1,subject_39
-0.4483265302665725,1.0,2.0,2.0,1.0,0.0,1,subject_39
-0.4483265302665725,1.0,2.0,0.0,0.0,2.0,3,subject_39
-0.4483265302665725,1.0,2.0,0.0,0.0,1.0,1,subject_39
-0.4483265302665725,1.0,2.0,0.0,0.0,0.0,1,subject_39
-0.4483265302665725,1.0,2.0,0.0,1.0,2.0,5,subject_39
-0.4483265302665725,1.0,2.0,0.0,1.0,1.0,2,subject_39
-0.4483265302665725,1.0,2.0,0.0,1.0,0.0,1,subject_39
-0.4483265302665725,1.0,1.0,1.0,0.0,2.0,3,subject_39
-0.4483265302665725,1.0,1.0,1.0,0.0,1.0,2,subject_39
-0.4483265302665725,1.0,1.0,1.0,0.0,0.0,1,subject_39
-0.4483265302665725,1.0,1.0,1.0,1.0,2.0,5,subject_39
-0.4483265302665725,1.0,1.0,1.0,1.0,1.0,3,subject_39
-0.4483265302665725,1.0,1.0,1.0,1.0,0.0,2,subject_39
-0.4483265302665725,1.0,1.0,2.0,0.0,2.0,2,subject_39
-0.4483265302665725,1.0,1.0,2.0,0.0,1.0,1,subject_39
-0.4483265302665725,1.0,1.0,2.0,0.0,0.0,1,subject_39
-0.4483265302665725,1.0,1.0,2.0,1.0,2.0,3,subject_39
-0.4483265302665725,1.0,1.0,2.0,1.0,1.0,2,subject_39
-0.4483265302665725,1.0,1.0,2.0,1.0,0.0,1,subject_39
-0.4483265302665725,1.0,1.0,0.0,0.0,2.0,5,subject_39
-0.4483265302665725,1.0,1.0,0.0,0.0,1.0,4,subject_39
-0.4483265302665725,1.0,1.0,0.0,0.0,0.0,2,subject_39
-0.4483265302665725,1.0,1.0,0.0,1.0,2.0,6,subject_39
-0.4483265302665725,1.0,1.0,0.0,1.0,1.0,5,subject_39
-0.4483265302665725,1.0,1.0,0.0,1.0,0.0,4,subject_39
-0.4483265302665725,1.0,0.0,1.0,0.0,2.0,6,subject_39
-0.4483265302665725,1.0,0.0,1.0,0.0,1.0,4,subject_39
-0.4483265302665725,1.0,0.0,1.0,0.0,0.0,2,subject_39
-0.4483265302665725,1.0,0.0,1.0,1.0,2.0,6,subject_39
-0.4483265302665725,1.0,0.0,1.0,1.0,1.0,6,subject_39
-0.4483265302665725,1.0,0.0,1.0,1.0,0.0,5,subject_39
-0.4483265302665725,1.0,0.0,2.0,0.0,2.0,4,subject_39
-0.4483265302665725,1.0,0.0,2.0,0.0,1.0,2,subject_39
-0.4483265302665725,1.0,0.0,2.0,0.0,0.0,1,subject_39
-0.4483265302665725,1.0,0.0,2.0,1.0,2.0,6,subject_39
-0.4483265302665725,1.0,0.0,2.0,1.0,1.0,4,subject_39
-0.4483265302665725,1.0,0.0,2.0,1.0,0.0,2,subject_39
-0.4483265302665725,1.0,0.0,0.0,0.0,2.0,6,subject_39
-0.4483265302665725,1.0,0.0,0.0,0.0,1.0,6,subject_39
-0.4483265302665725,1.0,0.0,0.0,0.0,0.0,5,subject_39
-0.4483265302665725,1.0,0.0,0.0,1.0,2.0,6,subject_39
-0.4483265302665725,1.0,0.0,0.0,1.0,1.0,6,subject_39
-0.4483265302665725,1.0,0.0,0.0,1.0,0.0,6,subject_39
1.3857365480966777,-1.0,2.0,1.0,0.0,2.0,1,subject_39
1.3857365480966777,-1.0,2.0,1.0,0.0,1.0,1,subject_39
1.3857365480966777,-1.0,2.0,1.0,0.0,0.0,1,subject_39
1.3857365480966777,-1.0,2.0,1.0,1.0,2.0,1,subject_39
1.3857365480966777,-1.0,2.0,1.0,1.0,1.0,1,subject_39
1.3857365480966777,-1.0,2.0,1.0,1.0,0.0,1,subject_39
1.3857365480966777,-1.0,2.0,2.0,0.0,2.0,1,subject_39
1.3857365480966777,-1.0,2.0,2.0,0.0,1.0,1,subject_39
1.3857365480966777,-1.0,2.0,2.0,0.0,0.0,1,subject_39
1.3857365480966777,-1.0,2.0,2.0,1.0,2.0,1,subject_39
1.3857365480966777,-1.0,2.0,2.0,1.0,1.0,1,subject_39
1.3857365480966777,-1.0,2.0,2.0,1.0,0.0,1,subject_39
1.3857365480966777,-1.0,2.0,0.0,0.0,2.0,1,subject_39
1.3857365480966777,-1.0,2.0,0.0,0.0,1.0,1,subject_39
1.3857365480966777,-1.0,2.0,0.0,0.0,0.0,1,subject_39
1.3857365480966777,-1.0,2.0,0.0,1.0,2.0,1,subject_39
1.3857365480966777,-1.0,2.0,0.0,1.0,1.0,1,subject_39
1.3857365480966777,-1.0,2.0,0.0,1.0,0.0,1,subject_39
1.3857365480966777,-1.0,1.0,1.0,0.0,2.0,1,subject_39
1.3857365480966777,-1.0,1.0,1.0,0.0,1.0,1,subject_39
1.3857365480966777,-1.0,1.0,1.0,0.0,0.0,1,subject_39
1.3857365480966777,-1.0,1.0,1.0,1.0,2.0,2,subject_39
1.3857365480966777,-1.0,1.0,1.0,1.0,1.0,1,subject_39
1.3857365480966777,-1.0,1.0,1.0,1.0,0.0,1,subject_39
1.3857365480966777,-1.0,1.0,2.0,0.0,2.0,1,subject_39
1.3857365480966777,-1.0,1.0,2.0,0.0,1.0,1,subject_39
1.3857365480966777,-1.0,1.0,2.0,0.0,0.0,1,subject_39
1.3857365480966777,-1.0,1.0,2.0,1.0,2.0,1,subject_39
1.3857365480966777,-1.0,1.0,2.0,1.0,1.0,1,subject_39
1.3857365480966777,-1.0,1.0,2.0,1.0,0.0,1,subject_39
1.3857365480966777,-1.0,1.0,0.0,0.0,2.0,2,subject_39
1.3857365480966777,-1.0,1.0,0.0,0.0,1.0,1,subject_39
1.3857365480966777,-1.0,1.0,0.0,0.0,0.0,1,subject_39
1.3857365480966777,-1.0,1.0,0.0,1.0,2.0,3,subject_39
1.3857365480966777,-1.0,1.0,0.0,1.0,1.0,2,subject_39
1.3857365480966777,-1.0,1.0,0.0,1.0,0.0,1,subject_39
1.3857365480966777,-1.0,0.0,1.0,0.0,2.0,2,subject_39
1.3857365480966777,-1.0,0.0,1.0,0.0,1.0,1,subject_39
1.3857365480966777,-1.0,0.0,1.0,0.0,0.0,1,subject_39
1.3857365480966777,-1.0,0.0,1.0,1.0,2.0,4,subject_39
1.3857365480966777,-1.0,0.0,1.0,1.0,1.0,2,subject_39
1.3857365480966777,-1.0,0.0,1.0,1.0,0.0,1,subject_39
1.3857365480966777,-1.0,0.0,2.0,0.0,2.0,1,subject_39
1.3857365480966777,-1.0,0.0,2.0,0.0,1.0,1,subject_39
1.3857365480966777,-1.0,0.0,2.0,0.0,0.0,1,subject_39
1.3857365480966777,-1.0,0.0,2.0,1.0,2.0,2,subject_39
1.3857365480966777,-1.0,0.0,2.0,1.0,1.0,1,subject_39
1.3857365480966777,-1.0,0.0,2.0,1.0,0.0,1,subject_39
1.3857365480966777,-1.0,0.0,0.0,0.0,2.0,5,subject_39
1.3857365480966777,-1.0,0.0,0.0,0.0,1.0,2,subject_39
1.3857365480966777,-1.0,0.0,0.0,0.0,0.0,1,subject_39
1.3857365480966777,-1.0,0.0,0.0,1.0,2.0,6,subject_39
1.3857365480966777,-1.0,0.0,0.0,1.0,1.0,5,subject_39
1.3857365480966777,-1.0,0.0,0.0,1.0,0.0,2,subject_39
1.3857365480966777,1.0,2.0,1.0,0.0,2.0,2,subject_39
1.3857365480966777,1.0,2.0,1.0,0.0,1.0,1,subject_39
1.3857365480966777,1.0,2.0,1.0,0.0,0.0,1,subject_39
1.3857365480966777,1.0,2.0,1.0,1.0,2.0,4,subject_39
1.3857365480966777,1.0,2.0,1.0,1.0,1.0,2,subject_39
1.3857365480966777,1.0,2.0,1.0,1.0,0.0,1,subject_39
1.3857365480966777,1.0,2.0,2.0,0.0,2.0,1,subject_39
1.3857365480966777,1.0,2.0,2.0,0.0,1.0,1,subject_39
1.3857365480966777,1.0,2.0,2.0,0.0,0.0,1,subject_39
1.3857365480966777,1.0,2.0,2.0,1.0,2.0,2,subject_39
1.3857365480966777,1.0,2.0,2.0,1.0,1.0,1,subject_39
1.3857365480966777,1.0,2.0,2.0,1.0,0.0,1,subject_39
1.3857365480966777,1.0,2.0,0.0,0.0,2.0,4,subject_39
1.3857365480966777,1.0,2.0,0.0,0.0,1.0,2,subject_39
1.3857365480966777,1.0,2.0,0.0,0.0,0.0,1,subject_39
1.3857365480966777,1.0,2.0,0.0,1.0,2.0,5,subject_39
1.3857365480966777,1.0,2.0,0.0,1.0,1.0,4,subject_39
1.3857365480966777,1.0,2.0,0.0,1.0,0.0,2,subject_39
1.3857365480966777,1.0,1.0,1.0,0.0,2.0,5,subject_39
1.3857365480966777,1.0,1.0,1.0,0.0,1.0,3,subject_39
1.3857365480966777,1.0,1.0,1.0,0.0,0.0,1,subject_39
1.3857365480966777,1.0,1.0,1.0,1.0,2.0,6,subject_39
1.3857365480966777,1.0,1.0,1.0,1.0,1.0,5,subject_39
1.3857365480966777,1.0,1.0,1.0,1.0,0.0,3,subject_39
1.3857365480966777,1.0,1.0,2.0,0.0,2.0,2,subject_39
1.3857365480966777,1.0,1.0,2.0,0.0,1.0,1,subject_39
1.3857365480966777,1.0,1.0,2.0,0.0,0.0,1,subject_39
1.3857365480966777,1.0,1.0,2.0,1.0,2.0,5,subject_39
1.3857365480966777,1.0,1.0,2.0,1.0,1.0,2,subject_39
1.3857365480966777,1.0,1.0,2.0,1.0,0.0,1,subject_39
1.3857365480966777,1.0,1.0,0.0,0.0,2.0,6,subject_39
1.3857365480966777,1.0,1.0,0.0,0.0,1.0,5,subject_39
1.3857365480966777,1.0,1.0,0.0,0.0,0.0,3,subject_39
1.3857365480966777,1.0,1.0,0.0,1.0,2.0,6,subject_39
1.3857365480966777,1.0,1.0,0.0,1.0,1.0,6,subject_39
1.3857365480966777,1.0,1.0,0.0,1.0,0.0,5,subject_39
1.3857365480966777,1.0,0.0,1.0,0.0,2.0,6,subject_39
1.3857365480966777,1.0,0.0,1.0,0.0,1.0,5,subject_39
1.3857365480966777,1.0,0.0,1.0,0.0,0.0,4,subject_39
1.3857365480966777,1.0,0.0,1.0,1.0,2.0,6,subject_39
1.3857365480966777,1.0,0.0,1.0,1.0,1.0,6,subject_39
1.3857365480966777,1.0,0.0,1.0,1.0,0.0,5,subject_39
1.3857365480966777,1.0,0.0,2.0,0.0,2.0,5,subject_39
1.3857365480966777,1.0,0.0,2.0,0.0,1.0,3,subject_39
1.3857365480966777,1.0,0.0,2.0,0.0,0.0,2,subject_39
1.3857365480966777,1.0,0.0,2.0,1.0,2.0,6,subject_39
1.3857365480966777,1.0,0.0,2.0,1.0,1.0,5,subject_39
1.3857365480966777,1.0,0.0,2.0,1.0,0.0,4,subject_39
1.3857365480966777,1.0,0.0,0.0,0.0,2.0,6,subject_39
1.3857365480966777,1.0,0.0,0.0,0.0,1.0,6,subject_39
1.3857365480966777,1.0,0.0,0.0,0.0,0.0,5,subject_39
1.3857365480966777,1.0,0.0,0.0,1.0,2.0,6,subject_39
1.3857365480966777,1.0,0.0,0.0,1.0,1.0,6,subject_39
1.3857365480966777,1.0,0.0,0.0,1.0,0.0,6,subject_39
-0.937410017830106,-1.0,2.0,1.0,0.0,2.0,1,subject_40
-0.937410017830106,-1.0,2.0,1.0,0.0,1.0,1,subject_40
-0.937410017830106,-1.0,2.0,1.0,0.0,0.0,1,subject_40
-0.937410017830106,-1.0,2.0,1.0,1.0,2.0,2,subject_40
-0.937410017830106,-1.0,2.0,1.0,1.0,1.0,1,subject_40
-0.937410017830106,-1.0,2.0,1.0,1.0,0.0,1,subject_40
-0.937410017830106,-1.0,2.0,2.0,0.0,2.0,1,subject_40
-0.937410017830106,-1.0,2.0,2.0,0.0,1.0,1,subject_40
-0.937410017830106,-1.0,2.0,2.0,0.0,0.0,1,subject_40
-0.937410017830106,-1.0,2.0,2.0,1.0,2.0,1,subject_40
-0.937410017830106,-1.0,2.0,2.0,1.0,1.0,1,subject_40
-0.937410017830106,-1.0,2.0,2.0,1.0,0.0,1,subject_40
-0.937410017830106,-1.0,2.0,0.0,0.0,2.0,3,subject_40
-0.937410017830106,-1.0,2.0,0.0,0.0,1.0,1,subject_40
-0.937410017830106,-1.0,2.0,0.0,0.0,0.0,1,subject_40
-0.937410017830106,-1.0,2.0,0.0,1.0,2.0,5,subject_40
-0.937410017830106,-1.0,2.0,0.0,1.0,1.0,2,subject_40
-0.937410017830106,-1.0,2.0,0.0,1.0,0.0,1,subject_40
-0.937410017830106,-1.0,1.0,1.0,0.0,2.0,3,subject_40
-0.937410017830106,-1.0,1.0,1.0,0.0,1.0,1,subject_40
-0.937410017830106,-1.0,1.0,1.0,0.0,0.0,1,subject_40
-0.937410017830106,-1.0,1.0,1.0,1.0,2.0,5,subject_40
-0.937410017830106,-1.0,1.0,1.0,1.0,1.0,2,subject_40
-0.937410017830106,-1.0,1.0,1.0,1.0,0.0,1,subject_40
-0.937410017830106,-1.0,1.0,2.0,0.0,2.0,1,subject_40
-0.937410017830106,-1.0,1.0,2.0,0.0,1.0,1,subject_40
-0.937410017830106,-1.0,1.0,2.0,0.0,0.0,1,subject_40
-0.937410017830106,-1.0,1.0,2.0,1.0,2.0,2,subject_40
-0.937410017830106,-1.0,1.0,2.0,1.0,1.0,1,subject_40
-0.937410017830106,-1.0,1.0,2.0,1.0,0.0,1,subject_40
-0.937410017830106,-1.0,1.0,0.0,0.0,2.0,6,subject_40
-0.937410017830106,-1.0,1.0,0.0,0.0,1.0,4,subject_40
-0.937410017830106,-1.0,1.0,0.0,0.0,0.0,1,subject_40
-0.937410017830106,-1.0,1.0,0.0,1.0,2.0,6,subject_40
-0.937410017830106,-1.0,1.0,0.0,1.0,1.0,5,subject_40
-0.937410017830106,-1.0,1.0,0.0,1.0,0.0,3,subject_40
-0.937410017830106,-1.0,0.0,1.0,0.0,2.0,6,subject_40
-0.937410017830106,-1.0,0.0,1.0,0.0,1.0,4,subject_40
-0.937410017830106,-1.0,0.0,1.0,0.0,0.0,2,subject_40
-0.937410017830106,-1.0,0.0,1.0,1.0,2.0,6,subject_40
-0.937410017830106,-1.0,0.0,1.0,1.0,1.0,5,subject_40
-0.937410017830106,-1.0,0.0,1.0,1.0,0.0,3,subject_40
-0.937410017830106,-1.0,0.0,2.0,0.0,2.0,3,subject_40
-0.937410017830106,-1.0,0.0,2.0,0.0,1.0,1,subject_40
-0.937410017830106,-1.0,0.0,2.0,0.0,0.0,1,subject_40
-0.937410017830106,-1.0,0.0,2.0,1.0,2.0,5,subject_40
-0.937410017830106,-1.0,0.0,2.0,1.0,1.0,3,subject_40
-0.937410017830106,-1.0,0.0,2.0,1.0,0.0,1,subject_40
-0.937410017830106,-1.0,0.0,0.0,0.0,2.0,6,subject_40
-0.937410017830106,-1.0,0.0,0.0,0.0,1.0,6,subject_40
-0.937410017830106,-1.0,0.0,0.0,0.0,0.0,4,subject_40
-0.937410017830106,-1.0,0.0,0.0,1.0,2.0,6,subject_40
-0.937410017830106,-1.0,0.0,0.0,1.0,1.0,6,subject_40
-0.937410017830106,-1.0,0.0,0.0,1.0,0.0,5,subject_40
-0.937410017830106,1.0,2.0,1.0,0.0,2.0,1,subject_40
-0.937410017830106,1.0,2.0,1.0,0.0,1.0,1,subject_40
-0.937410017830106,1.0,2.0,1.0,0.0,0.0,1,subject_40
-0.937410017830106,1.0,2.0,1.0,1.0,2.0,1,subject_40
-0.937410017830106,1.0,2.0,1.0,1.0,1.0,1,subject_40
-0.937410017830106,1.0,2.0,1.0,1.0,0.0,1,subject_40
-0.937410017830106,1.0,2.0,2.0,0.0,2.0,1,subject_40
-0.937410017830106,1.0,2.0,2.0,0.0,1.0,1,subject_40
-0.937410017830106,1.0,2.0,2.0,0.0,0.0,1,subject_40
-0.937410017830106,1.0,2.0,2.0,1.0,2.0,1,subject_40
-0.937410017830106,1.0,2.0,2.0,1.0,1.0,1,subject_40
-0.937410017830106,1.0,2.0,2.0,1.0,0.0,1,subject_40
-0.937410017830106,1.0,2.0,0.0,0.0,2.0,2,subject_40
-0.937410017830106,1.0,2.0,0.0,0.0,1.0,1,subject_40
-0.937410017830106,1.0,2.0,0.0,0.0,0.0,1,subject_40
-0.937410017830106,1.0,2.0,0.0,1.0,2.0,4,subject_40
-0.937410017830106,1.0,2.0,0.0,1.0,1.0,2,subject_40
-0.937410017830106,1.0,2.0,0.0,1.0,0.0,1,subject_40
-0.937410017830106,1.0,1.0,1.0,0.0,2.0,2,subject_40
-0.937410017830106,1.0,1.0,1.0,0.0,1.0,1,subject_40
-0.937410017830106,1.0,1.0,1.0,0.0,0.0,1,subject_40
-0.937410017830106,1.0,1.0,1.0,1.0,2.0,4,subject_40
-0.937410017830106,1.0,1.0,1.0,1.0,1.0,2,subject_40
-0.937410017830106,1.0,1.0,1.0,1.0,0.0,1,subject_40
-0.937410017830106,1.0,1.0,2.0,0.0,2.0,1,subject_40
-0.937410017830106,1.0,1.0,2.0,0.0,1.0,1,subject_40
-0.937410017830106,1.0,1.0,2.0,0.0,0.0,1,subject_40
-0.937410017830106,1.0,1.0,2.0,1.0,2.0,2,subject_40
-0.937410017830106,1.0,1.0,2.0,1.0,1.0,1,subject_40
-0.937410017830106,1.0,1.0,2.0,1.0,0.0,1,subject_40
-0.937410017830106,1.0,1.0,0.0,0.0,2.0,5,subject_40
-0.937410017830106,1.0,1.0,0.0,0.0,1.0,2,subject_40
-0.937410017830106,1.0,1.0,0.0,0.0,0.0,1,subject_40
-0.937410017830106,1.0,1.0,0.0,1.0,2.0,6,subject_40
-0.937410017830106,1.0,1.0,0.0,1.0,1.0,4,subject_40
-0.937410017830106,1.0,1.0,0.0,1.0,0.0,2,subject_40
-0.937410017830106,1.0,0.0,1.0,0.0,2.0,5,subject_40
-0.937410017830106,1.0,0.0,1.0,0.0,1.0,2,subject_40
-0.937410017830106,1.0,0.0,1.0,0.0,0.0,1,subject_40
-0.937410017830106,1.0,0.0,1.0,1.0,2.0,6,subject_40
-0.937410017830106,1.0,0.0,1.0,1.0,1.0,4,subject_40
-0.937410017830106,1.0,0.0,1.0,1.0,0.0,2,subject_40
-0.937410017830106,1.0,0.0,2.0,0.0,2.0,2,subject_40
-0.937410017830106,1.0,0.0,2.0,0.0,1.0,1,subject_40
-0.937410017830106,1.0,0.0,2.0,0.0,0.0,1,subject_40
-0.937410017830106,1.0,0.0,2.0,1.0,2.0,4,subject_40
-0.937410017830106,1.0,0.0,2.0,1.0,1.0,2,subject_40
-0.937410017830106,1.0,0.0,2.0,1.0,0.0,1,subject_40
-0.937410017830106,1.0,0.0,0.0,0.0,2.0,6,subject_40
-0.937410017830106,1.0,0.0,0.0,0.0,1.0,5,subject_40
-0.937410017830106,1.0,0.0,0.0,0.0,0.0,3,subject_40
-0.937410017830106,1.0,0.0,0.0,1.0,2.0,6,subject_40
-0.937410017830106,1.0,0.0,0.0,1.0,1.0,6,subject_40
-0.937410017830106,1.0,0.0,0.0,1.0,0.0,5,subject_40
-0.4483265302665725,-1.0,2.0,1.0,0.0,2.0,1,subject_40
-0.4483265302665725,-1.0,2.0,1.0,0.0,1.0,1,subject_40
-0.4483265302665725,-1.0,2.0,1.0,0.0,0.0,1,subject_40
-0.4483265302665725,-1.0,2.0,1.0,1.0,2.0,2,subject_40
-0.4483265302665725,-1.0,2.0,1.0,1.0,1.0,1,subject_40
-0.4483265302665725,-1.0,2.0,1.0,1.0,0.0,1,subject_40
-0.4483265302665725,-1.0,2.0,2.0,0.0,2.0,1,subject_40
-0.4483265302665725,-1.0,2.0,2.0,0.0,1.0,1,subject_40
-0.4483265302665725,-1.0,2.0,2.0,0.0,0.0,1,subject_40
-0.4483265302665725,-1.0,2.0,2.0,1.0,2.0,1,subject_40
-0.4483265302665725,-1.0,2.0,2.0,1.0,1.0,1,subject_40
-0.4483265302665725,-1.0,2.0,2.0,1.0,0.0,1,subject_40
-0.4483265302665725,-1.0,2.0,0.0,0.0,2.0,3,subject_40
-0.4483265302665725,-1.0,2.0,0.0,0.0,1.0,1,subject_40
-0.4483265302665725,-1.0,2.0,0.0,0.0,0.0,1,subject_40
-0.4483265302665725,-1.0,2.0,0.0,1.0,2.0,4,subject_40
-0.4483265302665725,-1.0,2.0,0.0,1.0,1.0,2,subject_40
-0.4483265302665725,-1.0,2.0,0.0,1.0,0.0,1,subject_40
-0.4483265302665725,-1.0,1.0,1.0,0.0,2.0,3,subject_40
-0.4483265302665725,-1.0,1.0,1.0,0.0,1.0,1,subject_40
-0.4483265302665725,-1.0,1.0,1.0,0.0,0.0,1,subject_40
-0.4483265302665725,-1.0,1.0,1.0,1.0,2.0,5,subject_40
-0.4483265302665725,-1.0,1.0,1.0,1.0,1.0,2,subject_40
-0.4483265302665725,-1.0,1.0,1.0,1.0,0.0,1,subject_40
-0.4483265302665725,-1.0,1.0,2.0,0.0,2.0,1,subject_40
-0.4483265302665725,-1.0,1.0,2.0,0.0,1.0,1,subject_40
-0.4483265302665725,-1.0,1.0,2.0,0.0,0.0,1,subject_40
-0.4483265302665725,-1.0,1.0,2.0,1.0,2.0,2,subject_40
-0.4483265302665725,-1.0,1.0,2.0,1.0,1.0,1,subject_40
-0.4483265302665725,-1.0,1.0,2.0,1.0,0.0,1,subject_40
-0.4483265302665725,-1.0,1.0,0.0,0.0,2.0,5,subject_40
-0.4483265302665725,-1.0,1.0,0.0,0.0,1.0,3,subject_40
-0.4483265302665725,-1.0,1.0,0.0,0.0,0.0,1,subject_40
-0.4483265302665725,-1.0,1.0,0.0,1.0,2.0,6,subject_40
-0.4483265302665725,-1.0,1.0,0.0,1.0,1.0,5,subject_40
-0.4483265302665725,-1.0,1.0,0.0,1.0,0.0,2,subject_40
-0.4483265302665725,-1.0,0.0,1.0,0.0,2.0,5,subject_40
-0.4483265302665725,-1.0,0.0,1.0,0.0,1.0,3,subject_40
-0.4483265302665725,-1.0,0.0,1.0,0.0,0.0,1,subject_40
-0.4483265302665725,-1.0,0.0,1.0,1.0,2.0,6,subject_40
-0.4483265302665725,-1.0,0.0,1.0,1.0,1.0,5,subject_40
-0.4483265302665725,-1.0,0.0,1.0,1.0,0.0,2,subject_40
-0.4483265302665725,-1.0,0.0,2.0,0.0,2.0,3,subject_40
-0.4483265302665725,-1.0,0.0,2.0,0.0,1.0,1,subject_40
-0.4483265302665725,-1.0,0.0,2.0,0.0,0.0,1,subject_40
-0.4483265302665725,-1.0,0.0,2.0,1.0,2.0,5,subject_40
-0.4483265302665725,-1.0,0.0,2.0,1.0,1.0,2,subject_40
-0.4483265302665725,-1.0,0.0,2.0,1.0,0.0,1,subject_40
-0.4483265302665725,-1.0,0.0,0.0,0.0,2.0,6,subject_40
-0.4483265302665725,-1.0,0.0,0.0,0.0,1.0,6,subject_40
-0.4483265302665725,-1.0,0.0,0.0,0.0,0.0,4,subject_40
-0.4483265302665725,-1.0,0.0,0.0,1.0,2.0,6,subject_40
-0.4483265302665725,-1.0,0.0,0.0,1.0,1.0,6,subject_40
-0.4483265302665725,-1.0,0.0,0.0,1.0,0.0,5,subject_40
-0.4483265302665725,1.0,2.0,1.0,0.0,2.0,1,subject_40
-0.4483265302665725,1.0,2.0,1.0,0.0,1.0,1,subject_40
-0.4483265302665725,1.0,2.0,1.0,0.0,0.0,1,subject_40
-0.4483265302665725,1.0,2.0,1.0,1.0,2.0,2,subject_40
-0.4483265302665725,1.0,2.0,1.0,1.0,1.0,1,subject_40
-0.4483265302665725,1.0,2.0,1.0,1.0,0.0,1,subject_40
-0.4483265302665725,1.0,2.0,2.0,0.0,2.0,1,subject_40
-0.4483265302665725,1.0,2.0,2.0,0.0,1.0,1,subject_40
-0.4483265302665725,1.0,2.0,2.0,0.0,0.0,1,subject_40
-0.4483265302665725,1.0,2.0,2.0,1.0,2.0,1,subject_40
-0.4483265302665725,1.0,2.0,2.0,1.0,1.0,1,subject_40
-0.4483265302665725,1.0,2.0,2.0,1.0,0.0,1,subject_40
-0.4483265302665725,1.0,2.0,0.0,0.0,2.0,2,subject_40
-0.4483265302665725,1.0,2.0,0.0,0.0,1.0,1,subject_40
-0.4483265302665725,1.0,2.0,0.0,0.0,0.0,1,subject_40
-0.4483265302665725,1.0,2.0,0.0,1.0,2.0,4,subject_40
-0.4483265302665725,1.0,2.0,0.0,1.0,1.0,2,subject_40
-0.4483265302665725,1.0,2.0,0.0,1.0,0.0,1,subject_40
-0.4483265302665725,1.0,1.0,1.0,0.0,2.0,3,subject_40
-0.4483265302665725,1.0,1.0,1.0,0.0,1.0,1,subject_40
-0.4483265302665725,1.0,1.0,1.0,0.0,0.0,1,subject_40
-0.4483265302665725,1.0,1.0,1.0,1.0,2.0,4,subject_40
-0.4483265302665725,1.0,1.0,1.0,1.0,1.0,2,subject_40
-0.4483265302665725,1.0,1.0,1.0,1.0,0.0,1,subject_40
-0.4483265302665725,1.0,1.0,2.0,0.0,2.0,1,subject_40
-0.4483265302665725,1.0,1.0,2.0,0.0,1.0,1,subject_40
-0.4483265302665725,1.0,1.0,2.0,0.0,0.0,1,subject_40
-0.4483265302665725,1.0,1.0,2.0,1.0,2.0,2,subject_40
-0.4483265302665725,1.0,1.0,2.0,1.0,1.0,1,subject_40
-0.4483265302665725,1.0,1.0,2.0,1.0,0.0,1,subject_40
-0.4483265302665725,1.0,1.0,0.0,0.0,2.0,5,subject_40
-0.4483265302665725,1.0,1.0,0.0,0.0,1.0,3,subject_40
-0.4483265302665725,1.0,1.0,0.0,0.0,0.0,1,subject_40
-0.4483265302665725,1.0,1.0,0.0,1.0,2.0,6,subject_40
-0.4483265302665725,1.0,1.0,0.0,1.0,1.0,5,subject_40
-0.4483265302665725,1.0,1.0,0.0,1.0,0.0,2,subject_40
-0.4483265302665725,1.0,0.0,1.0,0.0,2.0,5,subject_40
-0.4483265302665725,1.0,0.0,1.0,0.0,1.0,3,subject_40
-0.4483265302665725,1.0,0.0,1.0,0.0,0.0,1,subject_40
-0.4483265302665725,1.0,0.0,1.0,1.0,2.0,6,subject_40
-0.4483265302665725,1.0,0.0,1.0,1.0,1.0,5,subject_40
-0.4483265302665725,1.0,0.0,1.0,1.0,0.0,2,subject_40
-0.4483265302665725,1.0,0.0,2.0,0.0,2.0,3,subject_40
-0.4483265302665725,1.0,0.0,2.0,0.0,1.0,1,subject_40
-0.4483265302665725,1.0,0.0,2.0,0.0,0.0,1,subject_40
-0.4483265302665725,1.0,0.0,2.0,1.0,2.0,5,subject_40
-0.4483265302665725,1.0,0.0,2.0,1.0,1.0,2,subject_40
-0.4483265302665725,1.0,0.0,2.0,1.0,0.0,1,subject_40
-0.4483265302665725,1.0,0.0,0.0,0.0,2.0,6,subject_40
-0.4483265302665725,1.0,0.0,0.0,0.0,1.0,5,subject_40
-0.4483265302665725,1.0,0.0,0.0,0.0,0.0,3,subject_40
-0.4483265302665725,1.0,0.0,0.0,1.0,2.0,6,subject_40
-0.4483265302665725,1.0,0.0,0.0,1.0,1.0,6,subject_40
-0.4483265302665725,1.0,0.0,0.0,1.0,0.0,5,subject_40
1.3857365480966777,-1.0,2.0,1.0,0.0,2.0,1,subject_40
1.3857365480966777,-1.0,2.0,1.0,0.0,1.0,1,subject_40
1.3857365480966777,-1.0,2.0,1.0,0.0,0.0,1,subject_40
1.3857365480966777,-1.0,2.0,1.0,1.0,2.0,1,subject_40
1.3857365480966777,-1.0,2.0,1.0,1.0,1.0,1,subject_40
1.3857365480966777,-1.0,2.0,1.0,1.0,0.0,1,subject_40
1.3857365480966777,-1.0,2.0,2.0,0.0,2.0,1,subject_40
1.3857365480966777,-1.0,2.0,2.0,0.0,1.0,1,subject_40
1.3857365480966777,-1.0,2.0,2.0,0.0,0.0,1,subject_40
1.3857365480966777,-1.0,2.0,2.0,1.0,2.0,1,subject_40
1.3857365480966777,-1.0,2.0,2.0,1.0,1.0,1,subject_40
1.3857365480966777,-1.0,2.0,2.0,1.0,0.0,1,subject_40
1.3857365480966777,-1.0,2.0,0.0,0.0,2.0,1,subject_40
1.3857365480966777,-1.0,2.0,0.0,0.0,1.0,1,subject_40
1.3857365480966777,-1.0,2.0,0.0,0.0,0.0,1,subject_40
1.3857365480966777,-1.0,2.0,0.0,1.0,2.0,3,subject_40
1.3857365480966777,-1.0,2.0,0.0,1.0,1.0,1,subject_40
1.3857365480966777,-1.0,2.0,0.0,1.0,0.0,1,subject_40
1.3857365480966777,-1.0,1.0,1.0,0.0,2.0,1,subject_40
1.3857365480966777,-1.0,1.0,1.0,0.0,1.0,1,subject_40
1.3857365480966777,-1.0,1.0,1.0,0.0,0.0,1,subject_40
1.3857365480966777,-1.0,1.0,1.0,1.0,2.0,3,subject_40
1.3857365480966777,-1.0,1.0,1.0,1.0,1.0,1,subject_40
1.3857365480966777,-1.0,1.0,1.0,1.0,0.0,1,subject_40
1.3857365480966777,-1.0,1.0,2.0,0.0,2.0,1,subject_40
1.3857365480966777,-1.0,1.0,2.0,0.0,1.0,1,subject_40
1.3857365480966777,-1.0,1.0,2.0,0.0,0.0,1,subject_40
1.3857365480966777,-1.0,1.0,2.0,1.0,2.0,1,subject_40
1.3857365480966777,-1.0,1.0,2.0,1.0,1.0,1,subject_40
1.3857365480966777,-1.0,1.0,2.0,1.0,0.0,1,subject_40
1.3857365480966777,-1.0,1.0,0.0,0.0,2.0,4,subject_40
1.3857365480966777,-1.0,1.0,0.0,0.0,1.0,2,subject_40
1.3857365480966777,-1.0,1.0,0.0,0.0,0.0,1,subject_40
1.3857365480966777,-1.0,1.0,0.0,1.0,2.0,5,subject_40
1.3857365480966777,-1.0,1.0,0.0,1.0,1.0,3,subject_40
1.3857365480966777,-1.0,1.0,0.0,1.0,0.0,1,subject_40
1.3857365480966777,-1.0,0.0,1.0,0.0,2.0,4,subject_40
1.3857365480966777,-1.0,0.0,1.0,0.0,1.0,2,subject_40
1.3857365480966777,-1.0,0.0,1.0,0.0,0.0,1,subject_40
1.3857365480966777,-1.0,0.0,1.0,1.0,2.0,5,subject_40
1.3857365480966777,-1.0,0.0,1.0,1.0,1.0,3,subject_40
1.3857365480966777,-1.0,0.0,1.0,1.0,0.0,1,subject_40
1.3857365480966777,-1.0,0.0,2.0,0.0,2.0,1,subject_40
1.3857365480966777,-1.0,0.0,2.0,0.0,1.0,1,subject_40
1.3857365480966777,-1.0,0.0,2.0,0.0,0.0,1,subject_40
1.3857365480966777,-1.0,0.0,2.0,1.0,2.0,3,subject_40
1.3857365480966777,-1.0,0.0,2.0,1.0,1.0,1,subject_40
1.3857365480966777,-1.0,0.0,2.0,1.0,0.0,1,subject_40
1.3857365480966777,-1.0,0.0,0.0,0.0,2.0,6,subject_40
1.3857365480966777,-1.0,0.0,0.0,0.0,1.0,4,subject_40
1.3857365480966777,-1.0,0.0,0.0,0.0,0.0,2,subject_40
1.3857365480966777,-1.0,0.0,0.0,1.0,2.0,6,subject_40
1.3857365480966777,-1.0,0.0,0.0,1.0,1.0,6,subject_40
1.3857365480966777,-1.0,0.0,0.0,1.0,0.0,4,subject_40
1.3857365480966777,1.0,2.0,1.0,0.0,2.0,2,subject_40
1.3857365480966777,1.0,2.0,1.0,0.0,1.0,1,subject_40
1.3857365480966777,1.0,2.0,1.0,0.0,0.0,1,subject_40
1.3857365480966777,1.0,2.0,1.0,1.0,2.0,3,subject_40
1.3857365480966777,1.0,2.0,1.0,1.0,1.0,1,subject_40
1.3857365480966777,1.0,2.0,1.0,1.0,0.0,1,subject_40
1.3857365480966777,1.0,2.0,2.0,0.0,2.0,1,subject_40
1.3857365480966777,1.0,2.0,2.0,0.0,1.0,1,subject_40
1.3857365480966777,1.0,2.0,2.0,0.0,0.0,1,subject_40
1.3857365480966777,1.0,2.0,2.0,1.0,2.0,1,subject_40
1.3857365480966777,1.0,2.0,2.0,1.0,1.0,1,subject_40
1.3857365480966777,1.0,2.0,2.0,1.0,0.0,1,subject_40
1.3857365480966777,1.0,2.0,0.0,0.0,2.0,5,subject_40
1.3857365480966777,1.0,2.0,0.0,0.0,1.0,2,subject_40
1.3857365480966777,1.0,2.0,0.0,0.0,0.0,1,subject_40
1.3857365480966777,1.0,2.0,0.0,1.0,2.0,6,subject_40
1.3857365480966777,1.0,2.0,0.0,1.0,1.0,4,subject_40
1.3857365480966777,1.0,2.0,0.0,1.0,0.0,2,subject_40
1.3857365480966777,1.0,1.0,1.0,0.0,2.0,5,subject_40
1.3857365480966777,1.0,1.0,1.0,0.0,1.0,2,subject_40
1.3857365480966777,1.0,1.0,1.0,0.0,0.0,1,subject_40
1.3857365480966777,1.0,1.0,1.0,1.0,2.0,6,subject_40
1.3857365480966777,1.0,1.0,1.0,1.0,1.0,4,subject_40
1.3857365480966777,1.0,1.0,1.0,1.0,0.0,2,subject_40
1.3857365480966777,1.0,1.0,2.0,0.0,2.0,2,subject_40
1.3857365480966777,1.0,1.0,2.0,0.0,1.0,1,subject_40
1.3857365480966777,1.0,1.0,2.0,0.0,0.0,1,subject_40
1.3857365480966777,1.0,1.0,2.0,1.0,2.0,4,subject_40
1.3857365480966777,1.0,1.0,2.0,1.0,1.0,1,subject_40
1.3857365480966777,1.0,1.0,2.0,1.0,0.0,1,subject_40
1.3857365480966777,1.0,1.0,0.0,0.0,2.0,6,subject_40
1.3857365480966777,1.0,1.0,0.0,0.0,1.0,5,subject_40
1.3857365480966777,1.0,1.0,0.0,0.0,0.0,2,subject_40
1.3857365480966777,1.0,1.0,0.0,1.0,2.0,6,subject_40
1.3857365480966777,1.0,1.0,0.0,1.0,1.0,6,subject_40
1.3857365480966777,1.0,1.0,0.0,1.0,0.0,4,subject_40
1.3857365480966777,1.0,0.0,1.0,0.0,2.0,6,subject_40
1.3857365480966777,1.0,0.0,1.0,0.0,1.0,5,subject_40
1.3857365480966777,1.0,0.0,1.0,0.0,0.0,2,subject_40
1.3857365480966777,1.0,0.0,1.0,1.0,2.0,6,subject_40
1.3857365480966777,1.0,0.0,1.0,1.0,1.0,6,subject_40
1.3857365480966777,1.0,0.0,1.0,1.0,0.0,4,subject_40
1.3857365480966777,1.0,0.0,2.0,0.0,2.0,5,subject_40
1.3857365480966777,1.0,0.0,2.0,0.0,1.0,2,subject_40
1.3857365480966777,1.0,0.0,2.0,0.0,0.0,1,subject_40
1.3857365480966777,1.0,0.0,2.0,1.0,2.0,6,subject_40
1.3857365480966777,1.0,0.0,2.0,1.0,1.0,4,subject_40
1.3857365480966777,1.0,0.0,2.0,1.0,0.0,2,subject_40
1.3857365480966777,1.0,0.0,0.0,0.0,2.0,6,subject_40
1.3857365480966777,1.0,0.0,0.0,0.0,1.0,6,subject_40
1.3857365480966777,1.0,0.0,0.0,0.0,0.0,5,subject_40
1.3857365480966777,1.0,0.0,0.0,1.0,2.0,6,subject_40
1.3857365480966777,1.0,0.0,0.0,1.0,1.0,6,subject_40
1.3857365480966777,1.0,0.0,0.0,1.0,0.0,6,subject_40
-0.937410017830106,-1.0,2.0,1.0,0.0,2.0,1,subject_41
-0.937410017830106,-1.0,2.0,1.0,0.0,1.0,1,subject_41
-0.937410017830106,-1.0,2.0,1.0,0.0,0.0,1,subject_41
-0.937410017830106,-1.0,2.0,1.0,1.0,2.0,2,subject_41
-0.937410017830106,-1.0,2.0,1.0,1.0,1.0,1,subject_41
-0.937410017830106,-1.0,2.0,1.0,1.0,0.0,1,subject_41
-0.937410017830106,-1.0,2.0,2.0,0.0,2.0,1,subject_41
-0.937410017830106,-1.0,2.0,2.0,0.0,1.0,1,subject_41
-0.937410017830106,-1.0,2.0,2.0,0.0,0.0,1,subject_41
-0.937410017830106,-1.0,2.0,2.0,1.0,2.0,1,subject_41
-0.937410017830106,-1.0,2.0,2.0,1.0,1.0,1,subject_41
-0.937410017830106,-1.0,2.0,2.0,1.0,0.0,1,subject_41
-0.937410017830106,-1.0,2.0,0.0,0.0,2.0,4,subject_41
-0.937410017830106,-1.0,2.0,0.0,0.0,1.0,2,subject_41
-0.937410017830106,-1.0,2.0,0.0,0.0,0.0,1,subject_41
-0.937410017830106,-1.0,2.0,0.0,1.0,2.0,5,subject_41
-0.937410017830106,-1.0,2.0,0.0,1.0,1.0,3,subject_41
-0.937410017830106,-1.0,2.0,0.0,1.0,0.0,1,subject_41
-0.937410017830106,-1.0,1.0,1.0,0.0,2.0,3,subject_41
-0.937410017830106,-1.0,1.0,1.0,0.0,1.0,1,subject_41
-0.937410017830106,-1.0,1.0,1.0,0.0,0.0,1,subject_41
-0.937410017830106,-1.0,1.0,1.0,1.0,2.0,4,subject_41
-0.937410017830106,-1.0,1.0,1.0,1.0,1.0,2,subject_41
-0.937410017830106,-1.0,1.0,1.0,1.0,0.0,1,subject_41
-0.937410017830106,-1.0,1.0,2.0,0.0,2.0,1,subject_41
-0.937410017830106,-1.0,1.0,2.0,0.0,1.0,1,subject_41
-0.937410017830106,-1.0,1.0,2.0,0.0,0.0,1,subject_41
-0.937410017830106,-1.0,1.0,2.0,1.0,2.0,1,subject_41
-0.937410017830106,-1.0,1.0,2.0,1.0,1.0,1,subject_41
-0.937410017830106,-1.0,1.0,2.0,1.0,0.0,1,subject_41
-0.937410017830106,-1.0,1.0,0.0,0.0,2.0,6,subject_41
-0.937410017830106,-1.0,1.0,0.0,0.0,1.0,4,subject_41
-0.937410017830106,-1.0,1.0,0.0,0.0,0.0,2,subject_41
-0.937410017830106,-1.0,1.0,0.0,1.0,2.0,6,subject_41
-0.937410017830106,-1.0,1.0,0.0,1.0,1.0,5,subject_41
-0.937410017830106,-1.0,1.0,0.0,1.0,0.0,3,subject_41
-0.937410017830106,-1.0,0.0,1.0,0.0,2.0,5,subject_41
-0.937410017830106,-1.0,0.0,1.0,0.0,1.0,3,subject_41
-0.937410017830106,-1.0,0.0,1.0,0.0,0.0,1,subject_41
-0.937410017830106,-1.0,0.0,1.0,1.0,2.0,6,subject_41
-0.937410017830106,-1.0,0.0,1.0,1.0,1.0,5,subject_41
-0.937410017830106,-1.0,0.0,1.0,1.0,0.0,2,subject_41
-0.937410017830106,-1.0,0.0,2.0,0.0,2.0,2,subject_41
-0.937410017830106,-1.0,0.0,2.0,0.0,1.0,1,subject_41
-0.937410017830106,-1.0,0.0,2.0,0.0,0.0,1,subject_41
-0.937410017830106,-1.0,0.0,2.0,1.0,2.0,3,subject_41
-0.937410017830106,-1.0,0.0,2.0,1.0,1.0,1,subject_41
-0.937410017830106,-1.0,0.0,2.0,1.0,0.0,1,subject_41
-0.937410017830106,-1.0,0.0,0.0,0.0,2.0,6,subject_41
-0.937410017830106,-1.0,0.0,0.0,0.0,1.0,6,subject_41
-0.937410017830106,-1.0,0.0,0.0,0.0,0.0,5,subject_41
-0.937410017830106,-1.0,0.0,0.0,1.0,2.0,6,subject_41
-0.937410017830106,-1.0,0.0,0.0,1.0,1.0,6,subject_41
-0.937410017830106,-1.0,0.0,0.0,1.0,0.0,5,subject_41
-0.937410017830106,1.0,2.0,1.0,0.0,2.0,1,subject_41
-0.937410017830106,1.0,2.0,1.0,0.0,1.0,1,subject_41
-0.937410017830106,1.0,2.0,1.0,0.0,0.0,1,subject_41
-0.937410017830106,1.0,2.0,1.0,1.0,2.0,1,subject_41
-0.937410017830106,1.0,2.0,1.0,1.0,1.0,1,subject_41
-0.937410017830106,1.0,2.0,1.0,1.0,0.0,1,subject_41
-0.937410017830106,1.0,2.0,2.0,0.0,2.0,1,subject_41
-0.937410017830106,1.0,2.0,2.0,0.0,1.0,1,subject_41
-0.937410017830106,1.0,2.0,2.0,0.0,0.0,1,subject_41
-0.937410017830106,1.0,2.0,2.0,1.0,2.0,1,subject_41
-0.937410017830106,1.0,2.0,2.0,1.0,1.0,1,subject_41
-0.937410017830106,1.0,2.0,2.0,1.0,0.0,1,subject_41
-0.937410017830106,1.0,2.0,0.0,0.0,2.0,3,subject_41
-0.937410017830106,1.0,2.0,0.0,0.0,1.0,1,subject_41
-0.937410017830106,1.0,2.0,0.0,0.0,0.0,1,subject_41
-0.937410017830106,1.0,2.0,0.0,1.0,2.0,4,subject_41
-0.937410017830106,1.0,2.0,0.0,1.0,1.0,2,subject_41
-0.937410017830106,1.0,2.0,0.0,1.0,0.0,1,subject_41
-0.937410017830106,1.0,1.0,1.0,0.0,2.0,2,subject_41
-0.937410017830106,1.0,1.0,1.0,0.0,1.0,1,subject_41
-0.937410017830106,1.0,1.0,1.0,0.0,0.0,1,subject_41
-0.937410017830106,1.0,1.0,1.0,1.0,2.0,3,subject_41
-0.937410017830106,1.0,1.0,1.0,1.0,1.0,1,subject_41
-0.937410017830106,1.0,1.0,1.0,1.0,0.0,1,subject_41
-0.937410017830106,1.0,1.0,2.0,0.0,2.0,1,subject_41
-0.937410017830106,1.0,1.0,2.0,0.0,1.0,1,subject_41
-0.937410017830106,1.0,1.0,2.0,0.0,0.0,1,subject_41
-0.937410017830106,1.0,1.0,2.0,1.0,2.0,1,subject_41
-0.937410017830106,1.0,1.0,2.0,1.0,1.0,1,subject_41
-0.937410017830106,1.0,1.0,2.0,1.0,0.0,1,subject_41
-0.937410017830106,1.0,1.0,0.0,0.0,2.0,5,subject_41
-0.937410017830106,1.0,1.0,0.0,0.0,1.0,3,subject_41
-0.937410017830106,1.0,1.0,0.0,0.0,0.0,1,subject_41
-0.937410017830106,1.0,1.0,0.0,1.0,2.0,6,subject_41
-0.937410017830106,1.0,1.0,0.0,1.0,1.0,4,subject_41
-0.937410017830106,1.0,1.0,0.0,1.0,0.0,2,subject_41
-0.937410017830106,1.0,0.0,1.0,0.0,2.0,4,subject_41
-0.937410017830106,1.0,0.0,1.0,0.0,1.0,2,subject_41
-0.937410017830106,1.0,0.0,1.0,0.0,0.0,1,subject_41
-0.937410017830106,1.0,0.0,1.0,1.0,2.0,5,subject_41
-0.937410017830106,1.0,0.0,1.0,1.0,1.0,3,subject_41
-0.937410017830106,1.0,0.0,1.0,1.0,0.0,1,subject_41
-0.937410017830106,1.0,0.0,2.0,0.0,2.0,1,subject_41
-0.937410017830106,1.0,0.0,2.0,0.0,1.0,1,subject_41
-0.937410017830106,1.0,0.0,2.0,0.0,0.0,1,subject_41
-0.937410017830106,1.0,0.0,2.0,1.0,2.0,2,subject_41
-0.937410017830106,1.0,0.0,2.0,1.0,1.0,1,subject_41
-0.937410017830106,1.0,0.0,2.0,1.0,0.0,1,subject_41
-0.937410017830106,1.0,0.0,0.0,0.0,2.0,6,subject_41
-0.937410017830106,1.0,0.0,0.0,0.0,1.0,5,subject_41
-0.937410017830106,1.0,0.0,0.0,0.0,0.0,3,subject_41
-0.937410017830106,1.0,0.0,0.0,1.0,2.0,6,subject_41
-0.937410017830106,1.0,0.0,0.0,1.0,1.0,6,subject_41
-0.937410017830106,1.0,0.0,0.0,1.0,0.0,4,subject_41
-0.4483265302665725,-1.0,2.0,1.0,0.0,2.0,1,subject_41
-0.4483265302665725,-1.0,2.0,1.0,0.0,1.0,1,subject_41
-0.4483265302665725,-1.0,2.0,1.0,0.0,0.0,1,subject_41
-0.4483265302665725,-1.0,2.0,1.0,1.0,2.0,2,subject_41
-0.4483265302665725,-1.0,2.0,1.0,1.0,1.0,1,subject_41
-0.4483265302665725,-1.0,2.0,1.0,1.0,0.0,1,subject_41
-0.4483265302665725,-1.0,2.0,2.0,0.0,2.0,1,subject_41
-0.4483265302665725,-1.0,2.0,2.0,0.0,1.0,1,subject_41
-0.4483265302665725,-1.0,2.0,2.0,0.0,0.0,1,subject_41
-0.4483265302665725,-1.0,2.0,2.0,1.0,2.0,1,subject_41
-0.4483265302665725,-1.0,2.0,2.0,1.0,1.0,1,subject_41
-0.4483265302665725,-1.0,2.0,2.0,1.0,0.0,1,subject_41
-0.4483265302665725,-1.0,2.0,0.0,0.0,2.0,4,subject_41
-0.4483265302665725,-1.0,2.0,0.0,0.0,1.0,2,subject_41
-0.4483265302665725,-1.0,2.0,0.0,0.0,0.0,1,subject_41
-0.4483265302665725,-1.0,2.0,0.0,1.0,2.0,5,subject_41
-0.4483265302665725,-1.0,2.0,0.0,1.0,1.0,2,subject_41
-0.4483265302665725,-1.0,2.0,0.0,1.0,0.0,1,subject_41
-0.4483265302665725,-1.0,1.0,1.0,0.0,2.0,3,subject_41
-0.4483265302665725,-1.0,1.0,1.0,0.0,1.0,1,subject_41
-0.4483265302665725,-1.0,1.0,1.0,0.0,0.0,1,subject_41
-0.4483265302665725,-1.0,1.0,1.0,1.0,2.0,4,subject_41
-0.4483265302665725,-1.0,1.0,1.0,1.0,1.0,2,subject_41
-0.4483265302665725,-1.0,1.0,1.0,1.0,0.0,1,subject_41
-0.4483265302665725,-1.0,1.0,2.0,0.0,2.0,1,subject_41
-0.4483265302665725,-1.0,1.0,2.0,0.0,1.0,1,subject_41
-0.4483265302665725,-1.0,1.0,2.0,0.0,0.0,1,subject_41
-0.4483265302665725,-1.0,1.0,2.0,1.0,2.0,1,subject_41
-0.4483265302665725,-1.0,1.0,2.0,1.0,1.0,1,subject_41
-0.4483265302665725,-1.0,1.0,2.0,1.0,0.0,1,subject_41
-0.4483265302665725,-1.0,1.0,0.0,0.0,2.0,6,subject_41
-0.4483265302665725,-1.0,1.0,0.0,0.0,1.0,4,subject_41
-0.4483265302665725,-1.0,1.0,0.0,0.0,0.0,2,subject_41
-0.4483265302665725,-1.0,1.0,0.0,1.0,2.0,6,subject_41
-0.4483265302665725,-1.0,1.0,0.0,1.0,1.0,5,subject_41
-0.4483265302665725,-1.0,1.0,0.0,1.0,0.0,2,subject_41
-0.4483265302665725,-1.0,0.0,1.0,0.0,2.0,5,subject_41
-0.4483265302665725,-1.0,0.0,1.0,0.0,1.0,3,subject_41
-0.4483265302665725,-1.0,0.0,1.0,0.0,0.0,1,subject_41
-0.4483265302665725,-1.0,0.0,1.0,1.0,2.0,6,subject_41
-0.4483265302665725,-1.0,0.0,1.0,1.0,1.0,4,subject_41
-0.4483265302665725,-1.0,0.0,1.0,1.0,0.0,2,subject_41
-0.4483265302665725,-1.0,0.0,2.0,0.0,2.0,2,subject_41
-0.4483265302665725,-1.0,0.0,2.0,0.0,1.0,1,subject_41
-0.4483265302665725,-1.0,0.0,2.0,0.0,0.0,1,subject_41
-0.4483265302665725,-1.0,0.0,2.0,1.0,2.0,3,subject_41
-0.4483265302665725,-1.0,0.0,2.0,1.0,1.0,1,subject_41
-0.4483265302665725,-1.0,0.0,2.0,1.0,0.0,1,subject_41
-0.4483265302665725,-1.0,0.0,0.0,0.0,2.0,6,subject_41
-0.4483265302665725,-1.0,0.0,0.0,0.0,1.0,6,subject_41
-0.4483265302665725,-1.0,0.0,0.0,0.0,0.0,4,subject_41
-0.4483265302665725,-1.0,0.0,0.0,1.0,2.0,6,subject_41
-0.4483265302665725,-1.0,0.0,0.0,1.0,1.0,6,subject_41
-0.4483265302665725,-1.0,0.0,0.0,1.0,0.0,5,subject_41
-0.4483265302665725,1.0,2.0,1.0,0.0,2.0,1,subject_41
-0.4483265302665725,1.0,2.0,1.0,0.0,1.0,1,subject_41
-0.4483265302665725,1.0,2.0,1.0,0.0,0.0,1,subject_41
-0.4483265302665725,1.0,2.0,1.0,1.0,2.0,1,subject_41
-0.4483265302665725,1.0,2.0,1.0,1.0,1.0,1,subject_41
-0.4483265302665725,1.0,2.0,1.0,1.0,0.0,1,subject_41
-0.4483265302665725,1.0,2.0,2.0,0.0,2.0,1,subject_41
-0.4483265302665725,1.0,2.0,2.0,0.0,1.0,1,subject_41
-0.4483265302665725,1.0,2.0,2.0,0.0,0.0,1,subject_41
-0.4483265302665725,1.0,2.0,2.0,1.0,2.0,1,subject_41
-0.4483265302665725,1.0,2.0,2.0,1.0,1.0,1,subject_41
-0.4483265302665725,1.0,2.0,2.0,1.0,0.0,1,subject_41
-0.4483265302665725,1.0,2.0,0.0,0.0,2.0,3,subject_41
-0.4483265302665725,1.0,2.0,0.0,0.0,1.0,1,subject_41
-0.4483265302665725,1.0,2.0,0.0,0.0,0.0,1,subject_41
-0.4483265302665725,1.0,2.0,0.0,1.0,2.0,4,subject_41
-0.4483265302665725,1.0,2.0,0.0,1.0,1.0,2,subject_41
-0.4483265302665725,1.0,2.0,0.0,1.0,0.0,1,subject_41
-0.4483265302665725,1.0,1.0,1.0,0.0,2.0,2,subject_41
-0.4483265302665725,1.0,1.0,1.0,0.0,1.0,1,subject_41
-0.4483265302665725,1.0,1.0,1.0,0.0,0.0,1,subject_41
-0.4483265302665725,1.0,1.0,1.0,1.0,2.0,3,subject_41
-0.4483265302665725,1.0,1.0,1.0,1.0,1.0,1,subject_41
-0.4483265302665725,1.0,1.0,1.0,1.0,0.0,1,subject_41
-0.4483265302665725,1.0,1.0,2.0,0.0,2.0,1,subject_41
-0.4483265302665725,1.0,1.0,2.0,0.0,1.0,1,subject_41
-0.4483265302665725,1.0,1.0,2.0,0.0,0.0,1,subject_41
-0.4483265302665725,1.0,1.0,2.0,1.0,2.0,1,subject_41
-0.4483265302665725,1.0,1.0,2.0,1.0,1.0,1,subject_41
-0.4483265302665725,1.0,1.0,2.0,1.0,0.0,1,subject_41
-0.4483265302665725,1.0,1.0,0.0,0.0,2.0,5,subject_41
-0.4483265302665725,1.0,1.0,0.0,0.0,1.0,3,subject_41
-0.4483265302665725,1.0,1.0,0.0,0.0,0.0,1,subject_41
-0.4483265302665725,1.0,1.0,0.0,1.0,2.0,6,subject_41
-0.4483265302665725,1.0,1.0,0.0,1.0,1.0,4,subject_41
-0.4483265302665725,1.0,1.0,0.0,1.0,0.0,2,subject_41
-0.4483265302665725,1.0,0.0,1.0,0.0,2.0,5,subject_41
-0.4483265302665725,1.0,0.0,1.0,0.0,1.0,2,subject_41
-0.4483265302665725,1.0,0.0,1.0,0.0,0.0,1,subject_41
-0.4483265302665725,1.0,0.0,1.0,1.0,2.0,5,subject_41
-0.4483265302665725,1.0,0.0,1.0,1.0,1.0,3,subject_41
-0.4483265302665725,1.0,0.0,1.0,1.0,0.0,1,subject_41
-0.4483265302665725,1.0,0.0,2.0,0.0,2.0,1,subject_41
-0.4483265302665725,1.0,0.0,2.0,0.0,1.0,1,subject_41
-0.4483265302665725,1.0,0.0,2.0,0.0,0.0,1,subject_41
-0.4483265302665725,1.0,0.0,2.0,1.0,2.0,2,subject_41
-0.4483265302665725,1.0,0.0,2.0,1.0,1.0,1,subject_41
-0.4483265302665725,1.0,0.0,2.0,1.0,0.0,1,subject_41
-0.4483265302665725,1.0,0.0,0.0,0.0,2.0,6,subject_41
-0.4483265302665725,1.0,0.0,0.0,0.0,1.0,5,subject_41
-0.4483265302665725,1.0,0.0,0.0,0.0,0.0,3,subject_41
-0.4483265302665725,1.0,0.0,0.0,1.0,2.0,6,subject_41
-0.4483265302665725,1.0,0.0,0.0,1.0,1.0,6,subject_41
-0.4483265302665725,1.0,0.0,0.0,1.0,0.0,4,subject_41
1.3857365480966777,-1.0,2.0,1.0,0.0,2.0,1,subject_41
1.3857365480966777,-1.0,2.0,1.0,0.0,1.0,1,subject_41
1.3857365480966777,-1.0,2.0,1.0,0.0,0.0,1,subject_41
1.3857365480966777,-1.0,2.0,1.0,1.0,2.0,1,subject_41
1.3857365480966777,-1.0,2.0,1.0,1.0,1.0,1,subject_41
1.3857365480966777,-1.0,2.0,1.0,1.0,0.0,1,subject_41
1.3857365480966777,-1.0,2.0,2.0,0.0,2.0,1,subject_41
1.3857365480966777,-1.0,2.0,2.0,0.0,1.0,1,subject_41
1.3857365480966777,-1.0,2.0,2.0,0.0,0.0,1,subject_41
1.3857365480966777,-1.0,2.0,2.0,1.0,2.0,1,subject_41
1.3857365480966777,-1.0,2.0,2.0,1.0,1.0,1,subject_41
1.3857365480966777,-1.0,2.0,2.0,1.0,0.0,1,subject_41
1.3857365480966777,-1.0,2.0,0.0,0.0,2.0,2,subject_41
1.3857365480966777,-1.0,2.0,0.0,0.0,1.0,1,subject_41
1.3857365480966777,-1.0,2.0,0.0,0.0,0.0,1,subject_41
1.3857365480966777,-1.0,2.0,0.0,1.0,2.0,2,subject_41
1.3857365480966777,-1.0,2.0,0.0,1.0,1.0,1,subject_41
1.3857365480966777,-1.0,2.0,0.0,1.0,0.0,1,subject_41
1.3857365480966777,-1.0,1.0,1.0,0.0,2.0,1,subject_41
1.3857365480966777,-1.0,1.0,1.0,0.0,1.0,1,subject_41
1.3857365480966777,-1.0,1.0,1.0,0.0,0.0,1,subject_41
1.3857365480966777,-1.0,1.0,1.0,1.0,2.0,2,subject_41
1.3857365480966777,-1.0,1.0,1.0,1.0,1.0,1,subject_41
1.3857365480966777,-1.0,1.0,1.0,1.0,0.0,1,subject_41
1.3857365480966777,-1.0,1.0,2.0,0.0,2.0,1,subject_41
1.3857365480966777,-1.0,1.0,2.0,0.0,1.0,1,subject_41
1.3857365480966777,-1.0,1.0,2.0,0.0,0.0,1,subject_41
1.3857365480966777,-1.0,1.0,2.0,1.0,2.0,1,subject_41
1.3857365480966777,-1.0,1.0,2.0,1.0,1.0,1,subject_41
1.3857365480966777,-1.0,1.0,2.0,1.0,0.0,1,subject_41
1.3857365480966777,-1.0,1.0,0.0,0.0,2.0,4,subject_41
1.3857365480966777,-1.0,1.0,0.0,0.0,1.0,2,subject_41
1.3857365480966777,-1.0,1.0,0.0,0.0,0.0,1,subject_41
1.3857365480966777,-1.0,1.0,0.0,1.0,2.0,5,subject_41
1.3857365480966777,-1.0,1.0,0.0,1.0,1.0,3,subject_41
1.3857365480966777,-1.0,1.0,0.0,1.0,0.0,1,subject_41
1.3857365480966777,-1.0,0.0,1.0,0.0,2.0,3,subject_41
1.3857365480966777,-1.0,0.0,1.0,0.0,1.0,1,subject_41
1.3857365480966777,-1.0,0.0,1.0,0.0,0.0,1,subject_41
1.3857365480966777,-1.0,0.0,1.0,1.0,2.0,4,subject_41
1.3857365480966777,-1.0,0.0,1.0,1.0,1.0,2,subject_41
1.3857365480966777,-1.0,0.0,1.0,1.0,0.0,1,subject_41
1.3857365480966777,-1.0,0.0,2.0,0.0,2.0,1,subject_41
1.3857365480966777,-1.0,0.0,2.0,0.0,1.0,1,subject_41
1.3857365480966777,-1.0,0.0,2.0,0.0,0.0,1,subject_41
1.3857365480966777,-1.0,0.0,2.0,1.0,2.0,1,subject_41
1.3857365480966777,-1.0,0.0,2.0,1.0,1.0,1,subject_41
1.3857365480966777,-1.0,0.0,2.0,1.0,0.0,1,subject_41
1.3857365480966777,-1.0,0.0,0.0,0.0,2.0,6,subject_41
1.3857365480966777,-1.0,0.0,0.0,0.0,1.0,4,subject_41
1.3857365480966777,-1.0,0.0,0.0,0.0,0.0,2,subject_41
1.3857365480966777,-1.0,0.0,0.0,1.0,2.0,6,subject_41
1.3857365480966777,-1.0,0.0,0.0,1.0,1.0,5,subject_41
1.3857365480966777,-1.0,0.0,0.0,1.0,0.0,3,subject_41
1.3857365480966777,1.0,2.0,1.0,0.0,2.0,1,subject_41
1.3857365480966777,1.0,2.0,1.0,0.0,1.0,1,subject_41
1.3857365480966777,1.0,2.0,1.0,0.0,0.0,1,subject_41
1.3857365480966777,1.0,2.0,1.0,1.0,2.0,2,subject_41
1.3857365480966777,1.0,2.0,1.0,1.0,1.0,1,subject_41
1.3857365480966777,1.0,2.0,1.0,1.0,0.0,1,subject_41
1.3857365480966777,1.0,2.0,2.0,0.0,2.0,1,subject_41
1.3857365480966777,1.0,2.0,2.0,0.0,1.0,1,subject_41
1.3857365480966777,1.0,2.0,2.0,0.0,0.0,1,subject_41
1.3857365480966777,1.0,2.0,2.0,1.0,2.0,1,subject_41
1.3857365480966777,1.0,2.0,2.0,1.0,1.0,1,subject_41
1.3857365480966777,1.0,2.0,2.0,1.0,0.0,1,subject_41
1.3857365480966777,1.0,2.0,0.0,0.0,2.0,4,subject_41
1.3857365480966777,1.0,2.0,0.0,0.0,1.0,2,subject_41
1.3857365480966777,1.0,2.0,0.0,0.0,0.0,1,subject_41
1.3857365480966777,1.0,2.0,0.0,1.0,2.0,5,subject_41
1.3857365480966777,1.0,2.0,0.0,1.0,1.0,3,subject_41
1.3857365480966777,1.0,2.0,0.0,1.0,0.0,1,subject_41
1.3857365480966777,1.0,1.0,1.0,0.0,2.0,3,subject_41
1.3857365480966777,1.0,1.0,1.0,0.0,1.0,1,subject_41
1.3857365480966777,1.0,1.0,1.0,0.0,0.0,1,subject_41
1.3857365480966777,1.0,1.0,1.0,1.0,2.0,5,subject_41
1.3857365480966777,1.0,1.0,1.0,1.0,1.0,2,subject_41
1.3857365480966777,1.0,1.0,1.0,1.0,0.0,1,subject_41
1.3857365480966777,1.0,1.0,2.0,0.0,2.0,1,subject_41
1.3857365480966777,1.0,1.0,2.0,0.0,1.0,1,subject_41
1.3857365480966777,1.0,1.0,2.0,0.0,0.0,1,subject_41
1.3857365480966777,1.0,1.0,2.0,1.0,2.0,1,subject_41
1.3857365480966777,1.0,1.0,2.0,1.0,1.0,1,subject_41
1.3857365480966777,1.0,1.0,2.0,1.0,0.0,1,subject_41
1.3857365480966777,1.0,1.0,0.0,0.0,2.0,6,subject_41
1.3857365480966777,1.0,1.0,0.0,0.0,1.0,5,subject_41
1.3857365480966777,1.0,1.0,0.0,0.0,0.0,2,subject_41
1.3857365480966777,1.0,1.0,0.0,1.0,2.0,6,subject_41
1.3857365480966777,1.0,1.0,0.0,1.0,1.0,5,subject_41
1.3857365480966777,1.0,1.0,0.0,1.0,0.0,3,subject_41
1.3857365480966777,1.0,0.0,1.0,0.0,2.0,5,subject_41
1.3857365480966777,1.0,0.0,1.0,0.0,1.0,3,subject_41
1.3857365480966777,1.0,0.0,1.0,0.0,0.0,1,subject_41
1.3857365480966777,1.0,0.0,1.0,1.0,2.0,6,subject_41
1.3857365480966777,1.0,0.0,1.0,1.0,1.0,5,subject_41
1.3857365480966777,1.0,0.0,1.0,1.0,0.0,2,subject_41
1.3857365480966777,1.0,0.0,2.0,0.0,2.0,2,subject_41
1.3857365480966777,1.0,0.0,2.0,0.0,1.0,1,subject_41
1.3857365480966777,1.0,0.0,2.0,0.0,0.0,1,subject_41
1.3857365480966777,1.0,0.0,2.0,1.0,2.0,4,subject_41
1.3857365480966777,1.0,0.0,2.0,1.0,1.0,2,subject_41
1.3857365480966777,1.0,0.0,2.0,1.0,0.0,1,subject_41
1.3857365480966777,1.0,0.0,0.0,0.0,2.0,6,subject_41
1.3857365480966777,1.0,0.0,0.0,0.0,1.0,6,subject_41
1.3857365480966777,1.0,0.0,0.0,0.0,0.0,5,subject_41
1.3857365480966777,1.0,0.0,0.0,1.0,2.0,6,subject_41
1.3857365480966777,1.0,0.0,0.0,1.0,1.0,6,subject_41
1.3857365480966777,1.0,0.0,0.0,1.0,0.0,5,subject_41
-0.937410017830106,-1.0,2.0,1.0,0.0,2.0,1,subject_42
-0.937410017830106,-1.0,2.0,1.0,0.0,1.0,1,subject_42
-0.937410017830106,-1.0,2.0,1.0,0.0,0.0,1,subject_42
-0.937410017830106,-1.0,2.0,1.0,1.0,2.0,4,subject_42
-0.937410017830106,-1.0,2.0,1.0,1.0,1.0,2,subject_42
-0.937410017830106,-1.0,2.0,1.0,1.0,0.0,1,subject_42
-0.937410017830106,-1.0,2.0,2.0,0.0,2.0,1,subject_42
-0.937410017830106,-1.0,2.0,2.0,0.0,1.0,1,subject_42
-0.937410017830106,-1.0,2.0,2.0,0.0,0.0,1,subject_42
-0.937410017830106,-1.0,2.0,2.0,1.0,2.0,1,subject_42
-0.937410017830106,-1.0,2.0,2.0,1.0,1.0,1,subject_42
-0.937410017830106,-1.0,2.0,2.0,1.0,0.0,1,subject_42
-0.937410017830106,-1.0,2.0,0.0,0.0,2.0,3,subject_42
-0.937410017830106,-1.0,2.0,0.0,0.0,1.0,1,subject_42
-0.937410017830106,-1.0,2.0,0.0,0.0,0.0,1,subject_42
-0.937410017830106,-1.0,2.0,0.0,1.0,2.0,6,subject_42
-0.937410017830106,-1.0,2.0,0.0,1.0,1.0,4,subject_42
-0.937410017830106,-1.0,2.0,0.0,1.0,0.0,2,subject_42
-0.937410017830106,-1.0,1.0,1.0,0.0,2.0,3,subject_42
-0.937410017830106,-1.0,1.0,1.0,0.0,1.0,1,subject_42
-0.937410017830106,-1.0,1.0,1.0,0.0,0.0,1,subject_42
-0.937410017830106,-1.0,1.0,1.0,1.0,2.0,6,subject_42
-0.937410017830106,-1.0,1.0,1.0,1.0,1.0,4,subject_42
-0.937410017830106,-1.0,1.0,1.0,1.0,0.0,2,subject_42
-0.937410017830106,-1.0,1.0,2.0,0.0,2.0,1,subject_42
-0.937410017830106,-1.0,1.0,2.0,0.0,1.0,1,subject_42
-0.937410017830106,-1.0,1.0,2.0,0.0,0.0,1,subject_42
-0.937410017830106,-1.0,1.0,2.0,1.0,2.0,4,subject_42
-0.937410017830106,-1.0,1.0,2.0,1.0,1.0,2,subject_42
-0.937410017830106,-1.0,1.0,2.0,1.0,0.0,1,subject_42
-0.937410017830106,-1.0,1.0,0.0,0.0,2.0,6,subject_42
-0.937410017830106,-1.0,1.0,0.0,0.0,1.0,4,subject_42
-0.937410017830106,-1.0,1.0,0.0,0.0,0.0,2,subject_42
-0.937410017830106,-1.0,1.0,0.0,1.0,2.0,6,subject_42
-0.937410017830106,-1.0,1.0,0.0,1.0,1.0,6,subject_42
-0.937410017830106,-1.0,1.0,0.0,1.0,0.0,4,subject_42
-0.937410017830106,-1.0,0.0,1.0,0.0,2.0,6,subject_42
-0.937410017830106,-1.0,0.0,1.0,0.0,1.0,4,subject_42
-0.937410017830106,-1.0,0.0,1.0,0.0,0.0,2,subject_42
-0.937410017830106,-1.0,0.0,1.0,1.0,2.0,6,subject_42
-0.937410017830106,-1.0,0.0,1.0,1.0,1.0,6,subject_42
-0.937410017830106,-1.0,0.0,1.0,1.0,0.0,4,subject_42
-0.937410017830106,-1.0,0.0,2.0,0.0,2.0,3,subject_42
-0.937410017830106,-1.0,0.0,2.0,0.0,1.0,1,subject_42
-0.937410017830106,-1.0,0.0,2.0,0.0,0.0,1,subject_42
-0.937410017830106,-1.0,0.0,2.0,1.0,2.0,6,subject_42
-0.937410017830106,-1.0,0.0,2.0,1.0,1.0,4,subject_42
-0.937410017830106,-1.0,0.0,2.0,1.0,0.0,2,subject_42
-0.937410017830106,-1.0,0.0,0.0,0.0,2.0,6,subject_42
-0.937410017830106,-1.0,0.0,0.0,0.0,1.0,6,subject_42
-0.937410017830106,-1.0,0.0,0.0,0.0,0.0,4,subject_42
-0.937410017830106,-1.0,0.0,0.0,1.0,2.0,6,subject_42
-0.937410017830106,-1.0,0.0,0.0,1.0,1.0,6,subject_42
-0.937410017830106,-1.0,0.0,0.0,1.0,0.0,6,subject_42
-0.937410017830106,1.0,2.0,1.0,0.0,2.0,1,subject_42
-0.937410017830106,1.0,2.0,1.0,0.0,1.0,1,subject_42
-0.937410017830106,1.0,2.0,1.0,0.0,0.0,1,subject_42
-0.937410017830106,1.0,2.0,1.0,1.0,2.0,3,subject_42
-0.937410017830106,1.0,2.0,1.0,1.0,1.0,1,subject_42
-0.937410017830106,1.0,2.0,1.0,1.0,0.0,1,subject_42
-0.937410017830106,1.0,2.0,2.0,0.0,2.0,1,subject_42
-0.937410017830106,1.0,2.0,2.0,0.0,1.0,1,subject_42
-0.937410017830106,1.0,2.0,2.0,0.0,0.0,1,subject_42
-0.937410017830106,1.0,2.0,2.0,1.0,2.0,1,subject_42
-0.937410017830106,1.0,2.0,2.0,1.0,1.0,1,subject_42
-0.937410017830106,1.0,2.0,2.0,1.0,0.0,1,subject_42
-0.937410017830106,1.0,2.0,0.0,0.0,2.0,3,subject_42
-0.937410017830106,1.0,2.0,0.0,0.0,1.0,1,subject_42
-0.937410017830106,1.0,2.0,0.0,0.0,0.0,1,subject_42
-0.937410017830106,1.0,2.0,0.0,1.0,2.0,5,subject_42
-0.937410017830106,1.0,2.0,0.0,1.0,1.0,3,subject_42
-0.937410017830106,1.0,2.0,0.0,1.0,0.0,1,subject_42
-0.937410017830106,1.0,1.0,1.0,0.0,2.0,2,subject_42
-0.937410017830106,1.0,1.0,1.0,0.0,1.0,1,subject_42
-0.937410017830106,1.0,1.0,1.0,0.0,0.0,1,subject_42
-0.937410017830106,1.0,1.0,1.0,1.0,2.0,5,subject_42
-0.937410017830106,1.0,1.0,1.0,1.0,1.0,3,subject_42
-0.937410017830106,1.0,1.0,1.0,1.0,0.0,1,subject_42
-0.937410017830106,1.0,1.0,2.0,0.0,2.0,1,subject_42
-0.937410017830106,1.0,1.0,2.0,0.0,1.0,1,subject_42
-0.937410017830106,1.0,1.0,2.0,0.0,0.0,1,subject_42
-0.937410017830106,1.0,1.0,2.0,1.0,2.0,3,subject_42
-0.937410017830106,1.0,1.0,2.0,1.0,1.0,1,subject_42
-0.937410017830106,1.0,1.0,2.0,1.0,0.0,1,subject_42
-0.937410017830106,1.0,1.0,0.0,0.0,2.0,5,subject_42
-0.937410017830106,1.0,1.0,0.0,0.0,1.0,3,subject_42
-0.937410017830106,1.0,1.0,0.0,0.0,0.0,1,subject_42
-0.937410017830106,1.0,1.0,0.0,1.0,2.0,6,subject_42
-0.937410017830106,1.0,1.0,0.0,1.0,1.0,6,subject_42
-0.937410017830106,1.0,1.0,0.0,1.0,0.0,4,subject_42
-0.937410017830106,1.0,0.0,1.0,0.0,2.0,5,subject_42
-0.937410017830106,1.0,0.0,1.0,0.0,1.0,3,subject_42
-0.937410017830106,1.0,0.0,1.0,0.0,0.0,1,subject_42
-0.937410017830106,1.0,0.0,1.0,1.0,2.0,6,subject_42
-0.937410017830106,1.0,0.0,1.0,1.0,1.0,6,subject_42
-0.937410017830106,1.0,0.0,1.0,1.0,0.0,4,subject_42
-0.937410017830106,1.0,0.0,2.0,0.0,2.0,2,subject_42
-0.937410017830106,1.0,0.0,2.0,0.0,1.0,1,subject_42
-0.937410017830106,1.0,0.0,2.0,0.0,0.0,1,subject_42
-0.937410017830106,1.0,0.0,2.0,1.0,2.0,5,subject_42
-0.937410017830106,1.0,0.0,2.0,1.0,1.0,3,subject_42
-0.937410017830106,1.0,0.0,2.0,1.0,0.0,1,subject_42
-0.937410017830106,1.0,0.0,0.0,0.0,2.0,6,subject_42
-0.937410017830106,1.0,0.0,0.0,0.0,1.0,5,subject_42
-0.937410017830106,1.0,0.0,0.0,0.0,0.0,3,subject_42
-0.937410017830106,1.0,0.0,0.0,1.0,2.0,6,subject_42
-0.937410017830106,1.0,0.0,0.0,1.0,1.0,6,subject_42
-0.937410017830106,1.0,0.0,0.0,1.0,0.0,6,subject_42
-0.4483265302665725,-1.0,2.0,1.0,0.0,2.0,1,subject_42
-0.4483265302665725,-1.0,2.0,1.0,0.0,1.0,1,subject_42
-0.4483265302665725,-1.0,2.0,1.0,0.0,0.0,1,subject_42
-0.4483265302665725,-1.0,2.0,1.0,1.0,2.0,3,subject_42
-0.4483265302665725,-1.0,2.0,1.0,1.0,1.0,1,subject_42
-0.4483265302665725,-1.0,2.0,1.0,1.0,0.0,1,subject_42
-0.4483265302665725,-1.0,2.0,2.0,0.0,2.0,1,subject_42
-0.4483265302665725,-1.0,2.0,2.0,0.0,1.0,1,subject_42
-0.4483265302665725,-1.0,2.0,2.0,0.0,0.0,1,subject_42
-0.4483265302665725,-1.0,2.0,2.0,1.0,2.0,1,subject_42
-0.4483265302665725,-1.0,2.0,2.0,1.0,1.0,1,subject_42
-0.4483265302665725,-1.0,2.0,2.0,1.0,0.0,1,subject_42
-0.4483265302665725,-1.0,2.0,0.0,0.0,2.0,3,subject_42
-0.4483265302665725,-1.0,2.0,0.0,0.0,1.0,1,subject_42
-0.4483265302665725,-1.0,2.0,0.0,0.0,0.0,1,subject_42
-0.4483265302665725,-1.0,2.0,0.0,1.0,2.0,5,subject_42
-0.4483265302665725,-1.0,2.0,0.0,1.0,1.0,3,subject_42
-0.4483265302665725,-1.0,2.0,0.0,1.0,0.0,1,subject_42
-0.4483265302665725,-1.0,1.0,1.0,0.0,2.0,3,subject_42
-0.4483265302665725,-1.0,1.0,1.0,0.0,1.0,1,subject_42
-0.4483265302665725,-1.0,1.0,1.0,0.0,0.0,1,subject_42
-0.4483265302665725,-1.0,1.0,1.0,1.0,2.0,5,subject_42
-0.4483265302665725,-1.0,1.0,1.0,1.0,1.0,3,subject_42
-0.4483265302665725,-1.0,1.0,1.0,1.0,0.0,1,subject_42
-0.4483265302665725,-1.0,1.0,2.0,0.0,2.0,1,subject_42
-0.4483265302665725,-1.0,1.0,2.0,0.0,1.0,1,subject_42
-0.4483265302665725,-1.0,1.0,2.0,0.0,0.0,1,subject_42
-0.4483265302665725,-1.0,1.0,2.0,1.0,2.0,3,subject_42
-0.4483265302665725,-1.0,1.0,2.0,1.0,1.0,1,subject_42
-0.4483265302665725,-1.0,1.0,2.0,1.0,0.0,1,subject_42
-0.4483265302665725,-1.0,1.0,0.0,0.0,2.0,5,subject_42
-0.4483265302665725,-1.0,1.0,0.0,0.0,1.0,3,subject_42
-0.4483265302665725,-1.0,1.0,0.0,0.0,0.0,1,subject_42
-0.4483265302665725,-1.0,1.0,0.0,1.0,2.0,6,subject_42
-0.4483265302665725,-1.0,1.0,0.0,1.0,1.0,6,subject_42
-0.4483265302665725,-1.0,1.0,0.0,1.0,0.0,4,subject_42
-0.4483265302665725,-1.0,0.0,1.0,0.0,2.0,5,subject_42
-0.4483265302665725,-1.0,0.0,1.0,0.0,1.0,3,subject_42
-0.4483265302665725,-1.0,0.0,1.0,0.0,0.0,1,subject_42
-0.4483265302665725,-1.0,0.0,1.0,1.0,2.0,6,subject_42
-0.4483265302665725,-1.0,0.0,1.0,1.0,1.0,6,subject_42
-0.4483265302665725,-1.0,0.0,1.0,1.0,0.0,4,subject_42
-0.4483265302665725,-1.0,0.0,2.0,0.0,2.0,2,subject_42
-0.4483265302665725,-1.0,0.0,2.0,0.0,1.0,1,subject_42
-0.4483265302665725,-1.0,0.0,2.0,0.0,0.0,1,subject_42
-0.4483265302665725,-1.0,0.0,2.0,1.0,2.0,5,subject_42
-0.4483265302665725,-1.0,0.0,2.0,1.0,1.0,3,subject_42
-0.4483265302665725,-1.0,0.0,2.0,1.0,0.0,1,subject_42
-0.4483265302665725,-1.0,0.0,0.0,0.0,2.0,6,subject_42
-0.4483265302665725,-1.0,0.0,0.0,0.0,1.0,6,subject_42
-0.4483265302665725,-1.0,0.0,0.0,0.0,0.0,4,subject_42
-0.4483265302665725,-1.0,0.0,0.0,1.0,2.0,6,subject_42
-0.4483265302665725,-1.0,0.0,0.0,1.0,1.0,6,subject_42
-0.4483265302665725,-1.0,0.0,0.0,1.0,0.0,6,subject_42
-0.4483265302665725,1.0,2.0,1.0,0.0,2.0,1,subject_42
-0.4483265302665725,1.0,2.0,1.0,0.0,1.0,1,subject_42
-0.4483265302665725,1.0,2.0,1.0,0.0,0.0,1,subject_42
-0.4483265302665725,1.0,2.0,1.0,1.0,2.0,3,subject_42
-0.4483265302665725,1.0,2.0,1.0,1.0,1.0,1,subject_42
-0.4483265302665725,1.0,2.0,1.0,1.0,0.0,1,subject_42
-0.4483265302665725,1.0,2.0,2.0,0.0,2.0,1,subject_42
-0.4483265302665725,1.0,2.0,2.0,0.0,1.0,1,subject_42
-0.4483265302665725,1.0,2.0,2.0,0.0,0.0,1,subject_42
-0.4483265302665725,1.0,2.0,2.0,1.0,2.0,1,subject_42
-0.4483265302665725,1.0,2.0,2.0,1.0,1.0,1,subject_42
-0.4483265302665725,1.0,2.0,2.0,1.0,0.0,1,subject_42
-0.4483265302665725,1.0,2.0,0.0,0.0,2.0,3,subject_42
-0.4483265302665725,1.0,2.0,0.0,0.0,1.0,1,subject_42
-0.4483265302665725,1.0,2.0,0.0,0.0,0.0,1,subject_42
-0.4483265302665725,1.0,2.0,0.0,1.0,2.0,6,subject_42
-0.4483265302665725,1.0,2.0,0.0,1.0,1.0,4,subject_42
-0.4483265302665725,1.0,2.0,0.0,1.0,0.0,2,subject_42
-0.4483265302665725,1.0,1.0,1.0,0.0,2.0,3,subject_42
-0.4483265302665725,1.0,1.0,1.0,0.0,1.0,1,subject_42
-0.4483265302665725,1.0,1.0,1.0,0.0,0.0,1,subject_42
-0.4483265302665725,1.0,1.0,1.0,1.0,2.0,6,subject_42
-0.4483265302665725,1.0,1.0,1.0,1.0,1.0,4,subject_42
-0.4483265302665725,1.0,1.0,1.0,1.0,0.0,2,subject_42
-0.4483265302665725,1.0,1.0,2.0,0.0,2.0,1,subject_42
-0.4483265302665725,1.0,1.0,2.0,0.0,1.0,1,subject_42
-0.4483265302665725,1.0,1.0,2.0,0.0,0.0,1,subject_42
-0.4483265302665725,1.0,1.0,2.0,1.0,2.0,3,subject_42
-0.4483265302665725,1.0,1.0,2.0,1.0,1.0,1,subject_42
-0.4483265302665725,1.0,1.0,2.0,1.0,0.0,1,subject_42
-0.4483265302665725,1.0,1.0,0.0,0.0,2.0,5,subject_42
-0.4483265302665725,1.0,1.0,0.0,0.0,1.0,3,subject_42
-0.4483265302665725,1.0,1.0,0.0,0.0,0.0,1,subject_42
-0.4483265302665725,1.0,1.0,0.0,1.0,2.0,6,subject_42
-0.4483265302665725,1.0,1.0,0.0,1.0,1.0,6,subject_42
-0.4483265302665725,1.0,1.0,0.0,1.0,0.0,4,subject_42
-0.4483265302665725,1.0,0.0,1.0,0.0,2.0,5,subject_42
-0.4483265302665725,1.0,0.0,1.0,0.0,1.0,3,subject_42
-0.4483265302665725,1.0,0.0,1.0,0.0,0.0,1,subject_42
-0.4483265302665725,1.0,0.0,1.0,1.0,2.0,6,subject_42
-0.4483265302665725,1.0,0.0,1.0,1.0,1.0,6,subject_42
-0.4483265302665725,1.0,0.0,1.0,1.0,0.0,4,subject_42
-0.4483265302665725,1.0,0.0,2.0,0.0,2.0,3,subject_42
-0.4483265302665725,1.0,0.0,2.0,0.0,1.0,1,subject_42
-0.4483265302665725,1.0,0.0,2.0,0.0,0.0,1,subject_42
-0.4483265302665725,1.0,0.0,2.0,1.0,2.0,6,subject_42
-0.4483265302665725,1.0,0.0,2.0,1.0,1.0,4,subject_42
-0.4483265302665725,1.0,0.0,2.0,1.0,0.0,2,subject_42
-0.4483265302665725,1.0,0.0,0.0,0.0,2.0,6,subject_42
-0.4483265302665725,1.0,0.0,0.0,0.0,1.0,6,subject_42
-0.4483265302665725,1.0,0.0,0.0,0.0,0.0,4,subject_42
-0.4483265302665725,1.0,0.0,0.0,1.0,2.0,6,subject_42
-0.4483265302665725,1.0,0.0,0.0,1.0,1.0,6,subject_42
-0.4483265302665725,1.0,0.0,0.0,1.0,0.0,6,subject_42
1.3857365480966777,-1.0,2.0,1.0,0.0,2.0,1,subject_42
1.3857365480966777,-1.0,2.0,1.0,0.0,1.0,1,subject_42
1.3857365480966777,-1.0,2.0,1.0,0.0,0.0,1,subject_42
1.3857365480966777,-1.0,2.0,1.0,1.0,2.0,1,subject_42
1.3857365480966777,-1.0,2.0,1.0,1.0,1.0,1,subject_42
1.3857365480966777,-1.0,2.0,1.0,1.0,0.0,1,subject_42
1.3857365480966777,-1.0,2.0,2.0,0.0,2.0,1,subject_42
1.3857365480966777,-1.0,2.0,2.0,0.0,1.0,1,subject_42
1.3857365480966777,-1.0,2.0,2.0,0.0,0.0,1,subject_42
1.3857365480966777,-1.0,2.0,2.0,1.0,2.0,1,subject_42
1.3857365480966777,-1.0,2.0,2.0,1.0,1.0,1,subject_42
1.3857365480966777,-1.0,2.0,2.0,1.0,0.0,1,subject_42
1.3857365480966777,-1.0,2.0,0.0,0.0,2.0,1,subject_42
1.3857365480966777,-1.0,2.0,0.0,0.0,1.0,1,subject_42
1.3857365480966777,-1.0,2.0,0.0,0.0,0.0,1,subject_42
1.3857365480966777,-1.0,2.0,0.0,1.0,2.0,3,subject_42
1.3857365480966777,-1.0,2.0,0.0,1.0,1.0,1,subject_42
1.3857365480966777,-1.0,2.0,0.0,1.0,0.0,1,subject_42
1.3857365480966777,-1.0,1.0,1.0,0.0,2.0,1,subject_42
1.3857365480966777,-1.0,1.0,1.0,0.0,1.0,1,subject_42
1.3857365480966777,-1.0,1.0,1.0,0.0,0.0,1,subject_42
1.3857365480966777,-1.0,1.0,1.0,1.0,2.0,3,subject_42
1.3857365480966777,-1.0,1.0,1.0,1.0,1.0,1,subject_42
1.3857365480966777,-1.0,1.0,1.0,1.0,0.0,1,subject_42
1.3857365480966777,-1.0,1.0,2.0,0.0,2.0,1,subject_42
1.3857365480966777,-1.0,1.0,2.0,0.0,1.0,1,subject_42
1.3857365480966777,-1.0,1.0,2.0,0.0,0.0,1,subject_42
1.3857365480966777,-1.0,1.0,2.0,1.0,2.0,1,subject_42
1.3857365480966777,-1.0,1.0,2.0,1.0,1.0,1,subject_42
1.3857365480966777,-1.0,1.0,2.0,1.0,0.0,1,subject_42
1.3857365480966777,-1.0,1.0,0.0,0.0,2.0,3,subject_42
1.3857365480966777,-1.0,1.0,0.0,0.0,1.0,1,subject_42
1.3857365480966777,-1.0,1.0,0.0,0.0,0.0,1,subject_42
1.3857365480966777,-1.0,1.0,0.0,1.0,2.0,6,subject_42
1.3857365480966777,-1.0,1.0,0.0,1.0,1.0,4,subject_42
1.3857365480966777,-1.0,1.0,0.0,1.0,0.0,2,subject_42
1.3857365480966777,-1.0,0.0,1.0,0.0,2.0,3,subject_42
1.3857365480966777,-1.0,0.0,1.0,0.0,1.0,1,subject_42
1.3857365480966777,-1.0,0.0,1.0,0.0,0.0,1,subject_42
1.3857365480966777,-1.0,0.0,1.0,1.0,2.0,6,subject_42
1.3857365480966777,-1.0,0.0,1.0,1.0,1.0,4,subject_42
1.3857365480966777,-1.0,0.0,1.0,1.0,0.0,2,subject_42
1.3857365480966777,-1.0,0.0,2.0,0.0,2.0,1,subject_42
1.3857365480966777,-1.0,0.0,2.0,0.0,1.0,1,subject_42
1.3857365480966777,-1.0,0.0,2.0,0.0,0.0,1,subject_42
1.3857365480966777,-1.0,0.0,2.0,1.0,2.0,3,subject_42
1.3857365480966777,-1.0,0.0,2.0,1.0,1.0,1,subject_42
1.3857365480966777,-1.0,0.0,2.0,1.0,0.0,1,subject_42
1.3857365480966777,-1.0,0.0,0.0,0.0,2.0,5,subject_42
1.3857365480966777,-1.0,0.0,0.0,0.0,1.0,3,subject_42
1.3857365480966777,-1.0,0.0,0.0,0.0,0.0,2,subject_42
1.3857365480966777,-1.0,0.0,0.0,1.0,2.0,6,subject_42
1.3857365480966777,-1.0,0.0,0.0,1.0,1.0,6,subject_42
1.3857365480966777,-1.0,0.0,0.0,1.0,0.0,4,subject_42
1.3857365480966777,1.0,2.0,1.0,0.0,2.0,2,subject_42
1.3857365480966777,1.0,2.0,1.0,0.0,1.0,1,subject_42
1.3857365480966777,1.0,2.0,1.0,0.0,0.0,1,subject_42
1.3857365480966777,1.0,2.0,1.0,1.0,2.0,4,subject_42
1.3857365480966777,1.0,2.0,1.0,1.0,1.0,2,subject_42
1.3857365480966777,1.0,2.0,1.0,1.0,0.0,1,subject_42
1.3857365480966777,1.0,2.0,2.0,0.0,2.0,1,subject_42
1.3857365480966777,1.0,2.0,2.0,0.0,1.0,1,subject_42
1.3857365480966777,1.0,2.0,2.0,0.0,0.0,1,subject_42
1.3857365480966777,1.0,2.0,2.0,1.0,2.0,2,subject_42
1.3857365480966777,1.0,2.0,2.0,1.0,1.0,1,subject_42
1.3857365480966777,1.0,2.0,2.0,1.0,0.0,1,subject_42
1.3857365480966777,1.0,2.0,0.0,0.0,2.0,4,subject_42
1.3857365480966777,1.0,2.0,0.0,0.0,1.0,2,subject_42
1.3857365480966777,1.0,2.0,0.0,0.0,0.0,1,subject_42
1.3857365480966777,1.0,2.0,0.0,1.0,2.0,6,subject_42
1.3857365480966777,1.0,2.0,0.0,1.0,1.0,5,subject_42
1.3857365480966777,1.0,2.0,0.0,1.0,0.0,2,subject_42
1.3857365480966777,1.0,1.0,1.0,0.0,2.0,4,subject_42
1.3857365480966777,1.0,1.0,1.0,0.0,1.0,2,subject_42
1.3857365480966777,1.0,1.0,1.0,0.0,0.0,1,subject_42
1.3857365480966777,1.0,1.0,1.0,1.0,2.0,6,subject_42
1.3857365480966777,1.0,1.0,1.0,1.0,1.0,5,subject_42
1.3857365480966777,1.0,1.0,1.0,1.0,0.0,2,subject_42
1.3857365480966777,1.0,1.0,2.0,0.0,2.0,1,subject_42
1.3857365480966777,1.0,1.0,2.0,0.0,1.0,1,subject_42
1.3857365480966777,1.0,1.0,2.0,0.0,0.0,1,subject_42
1.3857365480966777,1.0,1.0,2.0,1.0,2.0,4,subject_42
1.3857365480966777,1.0,1.0,2.0,1.0,1.0,2,subject_42
1.3857365480966777,1.0,1.0,2.0,1.0,0.0,1,subject_42
1.3857365480966777,1.0,1.0,0.0,0.0,2.0,6,subject_42
1.3857365480966777,1.0,1.0,0.0,0.0,1.0,5,subject_42
1.3857365480966777,1.0,1.0,0.0,0.0,0.0,2,subject_42
1.3857365480966777,1.0,1.0,0.0,1.0,2.0,6,subject_42
1.3857365480966777,1.0,1.0,0.0,1.0,1.0,6,subject_42
1.3857365480966777,1.0,1.0,0.0,1.0,0.0,5,subject_42
1.3857365480966777,1.0,0.0,1.0,0.0,2.0,6,subject_42
1.3857365480966777,1.0,0.0,1.0,0.0,1.0,4,subject_42
1.3857365480966777,1.0,0.0,1.0,0.0,0.0,2,subject_42
1.3857365480966777,1.0,0.0,1.0,1.0,2.0,6,subject_42
1.3857365480966777,1.0,0.0,1.0,1.0,1.0,6,subject_42
1.3857365480966777,1.0,0.0,1.0,1.0,0.0,5,subject_42
1.3857365480966777,1.0,0.0,2.0,0.0,2.0,4,subject_42
1.3857365480966777,1.0,0.0,2.0,0.0,1.0,2,subject_42
1.3857365480966777,1.0,0.0,2.0,0.0,0.0,1,subject_42
1.3857365480966777,1.0,0.0,2.0,1.0,2.0,6,subject_42
1.3857365480966777,1.0,0.0,2.0,1.0,1.0,5,subject_42
1.3857365480966777,1.0,0.0,2.0,1.0,0.0,2,subject_42
1.3857365480966777,1.0,0.0,0.0,0.0,2.0,6,subject_42
1.3857365480966777,1.0,0.0,0.0,0.0,1.0,6,subject_42
1.3857365480966777,1.0,0.0,0.0,0.0,0.0,5,subject_42
1.3857365480966777,1.0,0.0,0.0,1.0,2.0,6,subject_42
1.3857365480966777,1.0,0.0,0.0,1.0,1.0,6,subject_42
1.3857365480966777,1.0,0.0,0.0,1.0,0.0,6,subject_42
-0.937410017830106,-1.0,2.0,1.0,0.0,2.0,4,subject_43
-0.937410017830106,-1.0,2.0,1.0,0.0,1.0,2,subject_43
-0.937410017830106,-1.0,2.0,1.0,0.0,0.0,1,subject_43
-0.937410017830106,-1.0,2.0,1.0,1.0,2.0,5,subject_43
-0.937410017830106,-1.0,2.0,1.0,1.0,1.0,3,subject_43
-0.937410017830106,-1.0,2.0,1.0,1.0,0.0,1,subject_43
-0.937410017830106,-1.0,2.0,2.0,0.0,2.0,1,subject_43
-0.937410017830106,-1.0,2.0,2.0,0.0,1.0,1,subject_43
-0.937410017830106,-1.0,2.0,2.0,0.0,0.0,1,subject_43
-0.937410017830106,-1.0,2.0,2.0,1.0,2.0,3,subject_43
-0.937410017830106,-1.0,2.0,2.0,1.0,1.0,1,subject_43
-0.937410017830106,-1.0,2.0,2.0,1.0,0.0,1,subject_43
-0.937410017830106,-1.0,2.0,0.0,0.0,2.0,6,subject_43
-0.937410017830106,-1.0,2.0,0.0,0.0,1.0,4,subject_43
-0.937410017830106,-1.0,2.0,0.0,0.0,0.0,2,subject_43
-0.937410017830106,-1.0,2.0,0.0,1.0,2.0,6,subject_43
-0.937410017830106,-1.0,2.0,0.0,1.0,1.0,5,subject_43
-0.937410017830106,-1.0,2.0,0.0,1.0,0.0,3,subject_43
-0.937410017830106,-1.0,1.0,1.0,0.0,2.0,5,subject_43
-0.937410017830106,-1.0,1.0,1.0,0.0,1.0,3,subject_43
-0.937410017830106,-1.0,1.0,1.0,0.0,0.0,1,subject_43
-0.937410017830106,-1.0,1.0,1.0,1.0,2.0,6,subject_43
-0.937410017830106,-1.0,1.0,1.0,1.0,1.0,5,subject_43
-0.937410017830106,-1.0,1.0,1.0,1.0,0.0,2,subject_43
-0.937410017830106,-1.0,1.0,2.0,0.0,2.0,2,subject_43
-0.937410017830106,-1.0,1.0,2.0,0.0,1.0,1,subject_43
-0.937410017830106,-1.0,1.0,2.0,0.0,0.0,1,subject_43
-0.937410017830106,-1.0,1.0,2.0,1.0,2.0,4,subject_43
-0.937410017830106,-1.0,1.0,2.0,1.0,1.0,2,subject_43
-0.937410017830106,-1.0,1.0,2.0,1.0,0.0,1,subject_43
-0.937410017830106,-1.0,1.0,0.0,0.0,2.0,6,subject_43
-0.937410017830106,-1.0,1.0,0.0,0.0,1.0,5,subject_43
-0.937410017830106,-1.0,1.0,0.0,0.0,0.0,3,subject_43
-0.937410017830106,-1.0,1.0,0.0,1.0,2.0,6,subject_43
-0.937410017830106,-1.0,1.0,0.0,1.0,1.0,6,subject_43
-0.937410017830106,-1.0,1.0,0.0,1.0,0.0,5,subject_43
-0.937410017830106,-1.0,0.0,1.0,0.0,2.0,6,subject_43
-0.937410017830106,-1.0,0.0,1.0,0.0,1.0,5,subject_43
-0.937410017830106,-1.0,0.0,1.0,0.0,0.0,2,subject_43
-0.937410017830106,-1.0,0.0,1.0,1.0,2.0,6,subject_43
-0.937410017830106,-1.0,0.0,1.0,1.0,1.0,6,subject_43
-0.937410017830106,-1.0,0.0,1.0,1.0,0.0,4,subject_43
-0.937410017830106,-1.0,0.0,2.0,0.0,2.0,4,subject_43
-0.937410017830106,-1.0,0.0,2.0,0.0,1.0,2,subject_43
-0.937410017830106,-1.0,0.0,2.0,0.0,0.0,1,subject_43
-0.937410017830106,-1.0,0.0,2.0,1.0,2.0,5,subject_43
-0.937410017830106,-1.0,0.0,2.0,1.0,1.0,3,subject_43
-0.937410017830106,-1.0,0.0,2.0,1.0,0.0,1,subject_43
-0.937410017830106,-1.0,0.0,0.0,0.0,2.0,6,subject_43
-0.937410017830106,-1.0,0.0,0.0,0.0,1.0,6,subject_43
-0.937410017830106,-1.0,0.0,0.0,0.0,0.0,5,subject_43
-0.937410017830106,-1.0,0.0,0.0,1.0,2.0,6,subject_43
-0.937410017830106,-1.0,0.0,0.0,1.0,1.0,6,subject_43
-0.937410017830106,-1.0,0.0,0.0,1.0,0.0,6,subject_43
-0.937410017830106,1.0,2.0,1.0,0.0,2.0,3,subject_43
-0.937410017830106,1.0,2.0,1.0,0.0,1.0,1,subject_43
-0.937410017830106,1.0,2.0,1.0,0.0,0.0,1,subject_43
-0.937410017830106,1.0,2.0,1.0,1.0,2.0,5,subject_43
-0.937410017830106,1.0,2.0,1.0,1.0,1.0,2,subject_43
-0.937410017830106,1.0,2.0,1.0,1.0,0.0,1,subject_43
-0.937410017830106,1.0,2.0,2.0,0.0,2.0,1,subject_43
-0.937410017830106,1.0,2.0,2.0,0.0,1.0,1,subject_43
-0.937410017830106,1.0,2.0,2.0,0.0,0.0,1,subject_43
-0.937410017830106,1.0,2.0,2.0,1.0,2.0,2,subject_43
-0.937410017830106,1.0,2.0,2.0,1.0,1.0,1,subject_43
-0.937410017830106,1.0,2.0,2.0,1.0,0.0,1,subject_43
-0.937410017830106,1.0,2.0,0.0,0.0,2.0,6,subject_43
-0.937410017830106,1.0,2.0,0.0,0.0,1.0,3,subject_43
-0.937410017830106,1.0,2.0,0.0,0.0,0.0,1,subject_43
-0.937410017830106,1.0,2.0,0.0,1.0,2.0,6,subject_43
-0.937410017830106,1.0,2.0,0.0,1.0,1.0,5,subject_43
-0.937410017830106,1.0,2.0,0.0,1.0,0.0,2,subject_43
-0.937410017830106,1.0,1.0,1.0,0.0,2.0,5,subject_43
-0.937410017830106,1.0,1.0,1.0,0.0,1.0,2,subject_43
-0.937410017830106,1.0,1.0,1.0,0.0,0.0,1,subject_43
-0.937410017830106,1.0,1.0,1.0,1.0,2.0,6,subject_43
-0.937410017830106,1.0,1.0,1.0,1.0,1.0,4,subject_43
-0.937410017830106,1.0,1.0,1.0,1.0,0.0,2,subject_43
-0.937410017830106,1.0,1.0,2.0,0.0,2.0,2,subject_43
-0.937410017830106,1.0,1.0,2.0,0.0,1.0,1,subject_43
-0.937410017830106,1.0,1.0,2.0,0.0,0.0,1,subject_43
-0.937410017830106,1.0,1.0,2.0,1.0,2.0,3,subject_43
-0.937410017830106,1.0,1.0,2.0,1.0,1.0,1,subject_43
-0.937410017830106,1.0,1.0,2.0,1.0,0.0,1,subject_43
-0.937410017830106,1.0,1.0,0.0,0.0,2.0,6,subject_43
-0.937410017830106,1.0,1.0,0.0,0.0,1.0,5,subject_43
-0.937410017830106,1.0,1.0,0.0,0.0,0.0,2,subject_43
-0.937410017830106,1.0,1.0,0.0,1.0,2.0,6,subject_43
-0.937410017830106,1.0,1.0,0.0,1.0,1.0,6,subject_43
-0.937410017830106,1.0,1.0,0.0,1.0,0.0,4,subject_43
-0.937410017830106,1.0,0.0,1.0,0.0,2.0,6,subject_43
-0.937410017830106,1.0,0.0,1.0,0.0,1.0,4,subject_43
-0.937410017830106,1.0,0.0,1.0,0.0,0.0,2,subject_43
-0.937410017830106,1.0,0.0,1.0,1.0,2.0,6,subject_43
-0.937410017830106,1.0,0.0,1.0,1.0,1.0,5,subject_43
-0.937410017830106,1.0,0.0,1.0,1.0,0.0,3,subject_43
-0.937410017830106,1.0,0.0,2.0,0.0,2.0,3,subject_43
-0.937410017830106,1.0,0.0,2.0,0.0,1.0,1,subject_43
-0.937410017830106,1.0,0.0,2.0,0.0,0.0,1,subject_43
-0.937410017830106,1.0,0.0,2.0,1.0,2.0,5,subject_43
-0.937410017830106,1.0,0.0,2.0,1.0,1.0,2,subject_43
-0.937410017830106,1.0,0.0,2.0,1.0,0.0,1,subject_43
-0.937410017830106,1.0,0.0,0.0,0.0,2.0,6,subject_43
-0.937410017830106,1.0,0.0,0.0,0.0,1.0,6,subject_43
-0.937410017830106,1.0,0.0,0.0,0.0,0.0,4,subject_43
-0.937410017830106,1.0,0.0,0.0,1.0,2.0,6,subject_43
-0.937410017830106,1.0,0.0,0.0,1.0,1.0,6,subject_43
-0.937410017830106,1.0,0.0,0.0,1.0,0.0,5,subject_43
-0.4483265302665725,-1.0,2.0,1.0,0.0,2.0,3,subject_43
-0.4483265302665725,-1.0,2.0,1.0,0.0,1.0,1,subject_43
-0.4483265302665725,-1.0,2.0,1.0,0.0,0.0,1,subject_43
-0.4483265302665725,-1.0,2.0,1.0,1.0,2.0,5,subject_43
-0.4483265302665725,-1.0,2.0,1.0,1.0,1.0,2,subject_43
-0.4483265302665725,-1.0,2.0,1.0,1.0,0.0,1,subject_43
-0.4483265302665725,-1.0,2.0,2.0,0.0,2.0,1,subject_43
-0.4483265302665725,-1.0,2.0,2.0,0.0,1.0,1,subject_43
-0.4483265302665725,-1.0,2.0,2.0,0.0,0.0,1,subject_43
-0.4483265302665725,-1.0,2.0,2.0,1.0,2.0,2,subject_43
-0.4483265302665725,-1.0,2.0,2.0,1.0,1.0,1,subject_43
-0.4483265302665725,-1.0,2.0,2.0,1.0,0.0,1,subject_43
-0.4483265302665725,-1.0,2.0,0.0,0.0,2.0,5,subject_43
-0.4483265302665725,-1.0,2.0,0.0,0.0,1.0,3,subject_43
-0.4483265302665725,-1.0,2.0,0.0,0.0,0.0,1,subject_43
-0.4483265302665725,-1.0,2.0,0.0,1.0,2.0,6,subject_43
-0.4483265302665725,-1.0,2.0,0.0,1.0,1.0,5,subject_43
-0.4483265302665725,-1.0,2.0,0.0,1.0,0.0,2,subject_43
-0.4483265302665725,-1.0,1.0,1.0,0.0,2.0,4,subject_43
-0.4483265302665725,-1.0,1.0,1.0,0.0,1.0,2,subject_43
-0.4483265302665725,-1.0,1.0,1.0,0.0,0.0,1,subject_43
-0.4483265302665725,-1.0,1.0,1.0,1.0,2.0,6,subject_43
-0.4483265302665725,-1.0,1.0,1.0,1.0,1.0,4,subject_43
-0.4483265302665725,-1.0,1.0,1.0,1.0,0.0,1,subject_43
-0.4483265302665725,-1.0,1.0,2.0,0.0,2.0,2,subject_43
-0.4483265302665725,-1.0,1.0,2.0,0.0,1.0,1,subject_43
-0.4483265302665725,-1.0,1.0,2.0,0.0,0.0,1,subject_43
-0.4483265302665725,-1.0,1.0,2.0,1.0,2.0,3,subject_43
-0.4483265302665725,-1.0,1.0,2.0,1.0,1.0,1,subject_43
-0.4483265302665725,-1.0,1.0,2.0,1.0,0.0,1,subject_43
-0.4483265302665725,-1.0,1.0,0.0,0.0,2.0,6,subject_43
-0.4483265302665725,-1.0,1.0,0.0,0.0,1.0,5,subject_43
-0.4483265302665725,-1.0,1.0,0.0,0.0,0.0,2,subject_43
-0.4483265302665725,-1.0,1.0,0.0,1.0,2.0,6,subject_43
-0.4483265302665725,-1.0,1.0,0.0,1.0,1.0,6,subject_43
-0.4483265302665725,-1.0,1.0,0.0,1.0,0.0,4,subject_43
-0.4483265302665725,-1.0,0.0,1.0,0.0,2.0,6,subject_43
-0.4483265302665725,-1.0,0.0,1.0,0.0,1.0,3,subject_43
-0.4483265302665725,-1.0,0.0,1.0,0.0,0.0,1,subject_43
-0.4483265302665725,-1.0,0.0,1.0,1.0,2.0,6,subject_43
-0.4483265302665725,-1.0,0.0,1.0,1.0,1.0,5,subject_43
-0.4483265302665725,-1.0,0.0,1.0,1.0,0.0,3,subject_43
-0.4483265302665725,-1.0,0.0,2.0,0.0,2.0,3,subject_43
-0.4483265302665725,-1.0,0.0,2.0,0.0,1.0,1,subject_43
-0.4483265302665725,-1.0,0.0,2.0,0.0,0.0,1,subject_43
-0.4483265302665725,-1.0,0.0,2.0,1.0,2.0,5,subject_43
-0.4483265302665725,-1.0,0.0,2.0,1.0,1.0,2,subject_43
-0.4483265302665725,-1.0,0.0,2.0,1.0,0.0,1,subject_43
-0.4483265302665725,-1.0,0.0,0.0,0.0,2.0,6,subject_43
-0.4483265302665725,-1.0,0.0,0.0,0.0,1.0,6,subject_43
-0.4483265302665725,-1.0,0.0,0.0,0.0,0.0,4,subject_43
-0.4483265302665725,-1.0,0.0,0.0,1.0,2.0,6,subject_43
-0.4483265302665725,-1.0,0.0,0.0,1.0,1.0,6,subject_43
-0.4483265302665725,-1.0,0.0,0.0,1.0,0.0,5,subject_43
-0.4483265302665725,1.0,2.0,1.0,0.0,2.0,3,subject_43
-0.4483265302665725,1.0,2.0,1.0,0.0,1.0,1,subject_43
-0.4483265302665725,1.0,2.0,1.0,0.0,0.0,1,subject_43
-0.4483265302665725,1.0,2.0,1.0,1.0,2.0,5,subject_43
-0.4483265302665725,1.0,2.0,1.0,1.0,1.0,2,subject_43
-0.4483265302665725,1.0,2.0,1.0,1.0,0.0,1,subject_43
-0.4483265302665725,1.0,2.0,2.0,0.0,2.0,1,subject_43
-0.4483265302665725,1.0,2.0,2.0,0.0,1.0,1,subject_43
-0.4483265302665725,1.0,2.0,2.0,0.0,0.0,1,subject_43
-0.4483265302665725,1.0,2.0,2.0,1.0,2.0,2,subject_43
-0.4483265302665725,1.0,2.0,2.0,1.0,1.0,1,subject_43
-0.4483265302665725,1.0,2.0,2.0,1.0,0.0,1,subject_43
-0.4483265302665725,1.0,2.0,0.0,0.0,2.0,6,subject_43
-0.4483265302665725,1.0,2.0,0.0,0.0,1.0,3,subject_43
-0.4483265302665725,1.0,2.0,0.0,0.0,0.0,1,subject_43
-0.4483265302665725,1.0,2.0,0.0,1.0,2.0,6,subject_43
-0.4483265302665725,1.0,2.0,0.0,1.0,1.0,5,subject_43
-0.4483265302665725,1.0,2.0,0.0,1.0,0.0,2,subject_43
-0.4483265302665725,1.0,1.0,1.0,0.0,2.0,5,subject_43
-0.4483265302665725,1.0,1.0,1.0,0.0,1.0,2,subject_43
-0.4483265302665725,1.0,1.0,1.0,0.0,0.0,1,subject_43
-0.4483265302665725,1.0,1.0,1.0,1.0,2.0,6,subject_43
-0.4483265302665725,1.0,1.0,1.0,1.0,1.0,4,subject_43
-0.4483265302665725,1.0,1.0,1.0,1.0,0.0,2,subject_43
-0.4483265302665725,1.0,1.0,2.0,0.0,2.0,2,subject_43
-0.4483265302665725,1.0,1.0,2.0,0.0,1.0,1,subject_43
-0.4483265302665725,1.0,1.0,2.0,0.0,0.0,1,subject_43
-0.4483265302665725,1.0,1.0,2.0,1.0,2.0,3,subject_43
-0.4483265302665725,1.0,1.0,2.0,1.0,1.0,1,subject_43
-0.4483265302665725,1.0,1.0,2.0,1.0,0.0,1,subject_43
-0.4483265302665725,1.0,1.0,0.0,0.0,2.0,6,subject_43
-0.4483265302665725,1.0,1.0,0.0,0.0,1.0,5,subject_43
-0.4483265302665725,1.0,1.0,0.0,0.0,0.0,2,subject_43
-0.4483265302665725,1.0,1.0,0.0,1.0,2.0,6,subject_43
-0.4483265302665725,1.0,1.0,0.0,1.0,1.0,6,subject_43
-0.4483265302665725,1.0,1.0,0.0,1.0,0.0,4,subject_43
-0.4483265302665725,1.0,0.0,1.0,0.0,2.0,6,subject_43
-0.4483265302665725,1.0,0.0,1.0,0.0,1.0,4,subject_43
-0.4483265302665725,1.0,0.0,1.0,0.0,0.0,2,subject_43
-0.4483265302665725,1.0,0.0,1.0,1.0,2.0,6,subject_43
-0.4483265302665725,1.0,0.0,1.0,1.0,1.0,5,subject_43
-0.4483265302665725,1.0,0.0,1.0,1.0,0.0,3,subject_43
-0.4483265302665725,1.0,0.0,2.0,0.0,2.0,3,subject_43
-0.4483265302665725,1.0,0.0,2.0,0.0,1.0,1,subject_43
-0.4483265302665725,1.0,0.0,2.0,0.0,0.0,1,subject_43
-0.4483265302665725,1.0,0.0,2.0,1.0,2.0,5,subject_43
-0.4483265302665725,1.0,0.0,2.0,1.0,1.0,2,subject_43
-0.4483265302665725,1.0,0.0,2.0,1.0,0.0,1,subject_43
-0.4483265302665725,1.0,0.0,0.0,0.0,2.0,6,subject_43
-0.4483265302665725,1.0,0.0,0.0,0.0,1.0,6,subject_43
-0.4483265302665725,1.0,0.0,0.0,0.0,0.0,4,subject_43
-0.4483265302665725,1.0,0.0,0.0,1.0,2.0,6,subject_43
-0.4483265302665725,1.0,0.0,0.0,1.0,1.0,6,subject_43
-0.4483265302665725,1.0,0.0,0.0,1.0,0.0,5,subject_43
1.3857365480966777,-1.0,2.0,1.0,0.0,2.0,1,subject_43
1.3857365480966777,-1.0,2.0,1.0,0.0,1.0,1,subject_43
1.3857365480966777,-1.0,2.0,1.0,0.0,0.0,1,subject_43
1.3857365480966777,-1.0,2.0,1.0,1.0,2.0,1,subject_43
1.3857365480966777,-1.0,2.0,1.0,1.0,1.0,1,subject_43
1.3857365480966777,-1.0,2.0,1.0,1.0,0.0,1,subject_43
1.3857365480966777,-1.0,2.0,2.0,0.0,2.0,1,subject_43
1.3857365480966777,-1.0,2.0,2.0,0.0,1.0,1,subject_43
1.3857365480966777,-1.0,2.0,2.0,0.0,0.0,1,subject_43
1.3857365480966777,-1.0,2.0,2.0,1.0,2.0,1,subject_43
1.3857365480966777,-1.0,2.0,2.0,1.0,1.0,1,subject_43
1.3857365480966777,-1.0,2.0,2.0,1.0,0.0,1,subject_43
1.3857365480966777,-1.0,2.0,0.0,0.0,2.0,2,subject_43
1.3857365480966777,-1.0,2.0,0.0,0.0,1.0,1,subject_43
1.3857365480966777,-1.0,2.0,0.0,0.0,0.0,1,subject_43
1.3857365480966777,-1.0,2.0,0.0,1.0,2.0,4,subject_43
1.3857365480966777,-1.0,2.0,0.0,1.0,1.0,2,subject_43
1.3857365480966777,-1.0,2.0,0.0,1.0,0.0,1,subject_43
1.3857365480966777,-1.0,1.0,1.0,0.0,2.0,1,subject_43
1.3857365480966777,-1.0,1.0,1.0,0.0,1.0,1,subject_43
1.3857365480966777,-1.0,1.0,1.0,0.0,0.0,1,subject_43
1.3857365480966777,-1.0,1.0,1.0,1.0,2.0,2,subject_43
1.3857365480966777,-1.0,1.0,1.0,1.0,1.0,1,subject_43
1.3857365480966777,-1.0,1.0,1.0,1.0,0.0,1,subject_43
1.3857365480966777,-1.0,1.0,2.0,0.0,2.0,1,subject_43
1.3857365480966777,-1.0,1.0,2.0,0.0,1.0,1,subject_43
1.3857365480966777,-1.0,1.0,2.0,0.0,0.0,1,subject_43
1.3857365480966777,-1.0,1.0,2.0,1.0,2.0,1,subject_43
1.3857365480966777,-1.0,1.0,2.0,1.0,1.0,1,subject_43
1.3857365480966777,-1.0,1.0,2.0,1.0,0.0,1,subject_43
1.3857365480966777,-1.0,1.0,0.0,0.0,2.0,4,subject_43
1.3857365480966777,-1.0,1.0,0.0,0.0,1.0,2,subject_43
1.3857365480966777,-1.0,1.0,0.0,0.0,0.0,1,subject_43
1.3857365480966777,-1.0,1.0,0.0,1.0,2.0,5,subject_43
1.3857365480966777,-1.0,1.0,0.0,1.0,1.0,3,subject_43
1.3857365480966777,-1.0,1.0,0.0,1.0,0.0,1,subject_43
1.3857365480966777,-1.0,0.0,1.0,0.0,2.0,2,subject_43
1.3857365480966777,-1.0,0.0,1.0,0.0,1.0,1,subject_43
1.3857365480966777,-1.0,0.0,1.0,0.0,0.0,1,subject_43
1.3857365480966777,-1.0,0.0,1.0,1.0,2.0,4,subject_43
1.3857365480966777,-1.0,0.0,1.0,1.0,1.0,2,subject_43
1.3857365480966777,-1.0,0.0,1.0,1.0,0.0,1,subject_43
1.3857365480966777,-1.0,0.0,2.0,0.0,2.0,1,subject_43
1.3857365480966777,-1.0,0.0,2.0,0.0,1.0,1,subject_43
1.3857365480966777,-1.0,0.0,2.0,0.0,0.0,1,subject_43
1.3857365480966777,-1.0,0.0,2.0,1.0,2.0,2,subject_43
1.3857365480966777,-1.0,0.0,2.0,1.0,1.0,1,subject_43
1.3857365480966777,-1.0,0.0,2.0,1.0,0.0,1,subject_43
1.3857365480966777,-1.0,0.0,0.0,0.0,2.0,5,subject_43
1.3857365480966777,-1.0,0.0,0.0,0.0,1.0,3,subject_43
1.3857365480966777,-1.0,0.0,0.0,0.0,0.0,1,subject_43
1.3857365480966777,-1.0,0.0,0.0,1.0,2.0,6,subject_43
1.3857365480966777,-1.0,0.0,0.0,1.0,1.0,4,subject_43
1.3857365480966777,-1.0,0.0,0.0,1.0,0.0,2,subject_43
1.3857365480966777,1.0,2.0,1.0,0.0,2.0,3,subject_43
1.3857365480966777,1.0,2.0,1.0,0.0,1.0,1,subject_43
1.3857365480966777,1.0,2.0,1.0,0.0,0.0,1,subject_43
1.3857365480966777,1.0,2.0,1.0,1.0,2.0,5,subject_43
1.3857365480966777,1.0,2.0,1.0,1.0,1.0,2,subject_43
1.3857365480966777,1.0,2.0,1.0,1.0,0.0,1,subject_43
1.3857365480966777,1.0,2.0,2.0,0.0,2.0,1,subject_43
1.3857365480966777,1.0,2.0,2.0,0.0,1.0,1,subject_43
1.3857365480966777,1.0,2.0,2.0,0.0,0.0,1,subject_43
1.3857365480966777,1.0,2.0,2.0,1.0,2.0,2,subject_43
1.3857365480966777,1.0,2.0,2.0,1.0,1.0,1,subject_43
1.3857365480966777,1.0,2.0,2.0,1.0,0.0,1,subject_43
1.3857365480966777,1.0,2.0,0.0,0.0,2.0,5,subject_43
1.3857365480966777,1.0,2.0,0.0,0.0,1.0,3,subject_43
1.3857365480966777,1.0,2.0,0.0,0.0,0.0,1,subject_43
1.3857365480966777,1.0,2.0,0.0,1.0,2.0,6,subject_43
1.3857365480966777,1.0,2.0,0.0,1.0,1.0,5,subject_43
1.3857365480966777,1.0,2.0,0.0,1.0,0.0,2,subject_43
1.3857365480966777,1.0,1.0,1.0,0.0,2.0,4,subject_43
1.3857365480966777,1.0,1.0,1.0,0.0,1.0,2,subject_43
1.3857365480966777,1.0,1.0,1.0,0.0,0.0,1,subject_43
1.3857365480966777,1.0,1.0,1.0,1.0,2.0,6,subject_43
1.3857365480966777,1.0,1.0,1.0,1.0,1.0,4,subject_43
1.3857365480966777,1.0,1.0,1.0,1.0,0.0,1,subject_43
1.3857365480966777,1.0,1.0,2.0,0.0,2.0,2,subject_43
1.3857365480966777,1.0,1.0,2.0,0.0,1.0,1,subject_43
1.3857365480966777,1.0,1.0,2.0,0.0,0.0,1,subject_43
1.3857365480966777,1.0,1.0,2.0,1.0,2.0,3,subject_43
1.3857365480966777,1.0,1.0,2.0,1.0,1.0,1,subject_43
1.3857365480966777,1.0,1.0,2.0,1.0,0.0,1,subject_43
1.3857365480966777,1.0,1.0,0.0,0.0,2.0,6,subject_43
1.3857365480966777,1.0,1.0,0.0,0.0,1.0,5,subject_43
1.3857365480966777,1.0,1.0,0.0,0.0,0.0,2,subject_43
1.3857365480966777,1.0,1.0,0.0,1.0,2.0,6,subject_43
1.3857365480966777,1.0,1.0,0.0,1.0,1.0,6,subject_43
1.3857365480966777,1.0,1.0,0.0,1.0,0.0,4,subject_43
1.3857365480966777,1.0,0.0,1.0,0.0,2.0,6,subject_43
1.3857365480966777,1.0,0.0,1.0,0.0,1.0,3,subject_43
1.3857365480966777,1.0,0.0,1.0,0.0,0.0,1,subject_43
1.3857365480966777,1.0,0.0,1.0,1.0,2.0,6,subject_43
1.3857365480966777,1.0,0.0,1.0,1.0,1.0,5,subject_43
1.3857365480966777,1.0,0.0,1.0,1.0,0.0,3,subject_43
1.3857365480966777,1.0,0.0,2.0,0.0,2.0,3,subject_43
1.3857365480966777,1.0,0.0,2.0,0.0,1.0,1,subject_43
1.3857365480966777,1.0,0.0,2.0,0.0,0.0,1,subject_43
1.3857365480966777,1.0,0.0,2.0,1.0,2.0,5,subject_43
1.3857365480966777,1.0,0.0,2.0,1.0,1.0,2,subject_43
1.3857365480966777,1.0,0.0,2.0,1.0,0.0,1,subject_43
1.3857365480966777,1.0,0.0,0.0,0.0,2.0,6,subject_43
1.3857365480966777,1.0,0.0,0.0,0.0,1.0,6,subject_43
1.3857365480966777,1.0,0.0,0.0,0.0,0.0,4,subject_43
1.3857365480966777,1.0,0.0,0.0,1.0,2.0,6,subject_43
1.3857365480966777,1.0,0.0,0.0,1.0,1.0,6,subject_43
1.3857365480966777,1.0,0.0,0.0,1.0,0.0,5,subject_43
-0.937410017830106,-1.0,2.0,1.0,0.0,2.0,2,subject_44
-0.937410017830106,-1.0,2.0,1.0,0.0,1.0,1,subject_44
-0.937410017830106,-1.0,2.0,1.0,0.0,0.0,1,subject_44
-0.937410017830106,-1.0,2.0,1.0,1.0,2.0,5,subject_44
-0.937410017830106,-1.0,2.0,1.0,1.0,1.0,2,subject_44
-0.937410017830106,-1.0,2.0,1.0,1.0,0.0,1,subject_44
-0.937410017830106,-1.0,2.0,2.0,0.0,2.0,1,subject_44
-0.937410017830106,-1.0,2.0,2.0,0.0,1.0,1,subject_44
-0.937410017830106,-1.0,2.0,2.0,0.0,0.0,1,subject_44
-0.937410017830106,-1.0,2.0,2.0,1.0,2.0,2,subject_44
-0.937410017830106,-1.0,2.0,2.0,1.0,1.0,1,subject_44
-0.937410017830106,-1.0,2.0,2.0,1.0,0.0,1,subject_44
-0.937410017830106,-1.0,2.0,0.0,0.0,2.0,5,subject_44
-0.937410017830106,-1.0,2.0,0.0,0.0,1.0,2,subject_44
-0.937410017830106,-1.0,2.0,0.0,0.0,0.0,1,subject_44
-0.937410017830106,-1.0,2.0,0.0,1.0,2.0,6,subject_44
-0.937410017830106,-1.0,2.0,0.0,1.0,1.0,5,subject_44
-0.937410017830106,-1.0,2.0,0.0,1.0,0.0,2,subject_44
-0.937410017830106,-1.0,1.0,1.0,0.0,2.0,5,subject_44
-0.937410017830106,-1.0,1.0,1.0,0.0,1.0,2,subject_44
-0.937410017830106,-1.0,1.0,1.0,0.0,0.0,1,subject_44
-0.937410017830106,-1.0,1.0,1.0,1.0,2.0,6,subject_44
-0.937410017830106,-1.0,1.0,1.0,1.0,1.0,4,subject_44
-0.937410017830106,-1.0,1.0,1.0,1.0,0.0,2,subject_44
-0.937410017830106,-1.0,1.0,2.0,0.0,2.0,2,subject_44
-0.937410017830106,-1.0,1.0,2.0,0.0,1.0,1,subject_44
-0.937410017830106,-1.0,1.0,2.0,0.0,0.0,1,subject_44
-0.937410017830106,-1.0,1.0,2.0,1.0,2.0,4,subject_44
-0.937410017830106,-1.0,1.0,2.0,1.0,1.0,1,subject_44
-0.937410017830106,-1.0,1.0,2.0,1.0,0.0,1,subject_44
-0.937410017830106,-1.0,1.0,0.0,0.0,2.0,6,subject_44
-0.937410017830106,-1.0,1.0,0.0,0.0,1.0,5,subject_44
-0.937410017830106,-1.0,1.0,0.0,0.0,0.0,2,subject_44
-0.937410017830106,-1.0,1.0,0.0,1.0,2.0,6,subject_44
-0.937410017830106,-1.0,1.0,0.0,1.0,1.0,6,subject_44
-0.937410017830106,-1.0,1.0,0.0,1.0,0.0,5,subject_44
-0.937410017830106,-1.0,0.0,1.0,0.0,2.0,6,subject_44
-0.937410017830106,-1.0,0.0,1.0,0.0,1.0,4,subject_44
-0.937410017830106,-1.0,0.0,1.0,0.0,0.0,2,subject_44
-0.937410017830106,-1.0,0.0,1.0,1.0,2.0,6,subject_44
-0.937410017830106,-1.0,0.0,1.0,1.0,1.0,6,subject_44
-0.937410017830106,-1.0,0.0,1.0,1.0,0.0,4,subject_44
-0.937410017830106,-1.0,0.0,2.0,0.0,2.0,4,subject_44
-0.937410017830106,-1.0,0.0,2.0,0.0,1.0,1,subject_44
-0.937410017830106,-1.0,0.0,2.0,0.0,0.0,1,subject_44
-0.937410017830106,-1.0,0.0,2.0,1.0,2.0,6,subject_44
-0.937410017830106,-1.0,0.0,2.0,1.0,1.0,4,subject_44
-0.937410017830106,-1.0,0.0,2.0,1.0,0.0,1,subject_44
-0.937410017830106,-1.0,0.0,0.0,0.0,2.0,6,subject_44
-0.937410017830106,-1.0,0.0,0.0,0.0,1.0,6,subject_44
-0.937410017830106,-1.0,0.0,0.0,0.0,0.0,5,subject_44
-0.937410017830106,-1.0,0.0,0.0,1.0,2.0,6,subject_44
-0.937410017830106,-1.0,0.0,0.0,1.0,1.0,6,subject_44
-0.937410017830106,-1.0,0.0,0.0,1.0,0.0,6,subject_44
-0.937410017830106,1.0,2.0,1.0,0.0,2.0,2,subject_44
-0.937410017830106,1.0,2.0,1.0,0.0,1.0,1,subject_44
-0.937410017830106,1.0,2.0,1.0,0.0,0.0,1,subject_44
-0.937410017830106,1.0,2.0,1.0,1.0,2.0,4,subject_44
-0.937410017830106,1.0,2.0,1.0,1.0,1.0,1,subject_44
-0.937410017830106,1.0,2.0,1.0,1.0,0.0,1,subject_44
-0.937410017830106,1.0,2.0,2.0,0.0,2.0,1,subject_44
-0.937410017830106,1.0,2.0,2.0,0.0,1.0,1,subject_44
-0.937410017830106,1.0,2.0,2.0,0.0,0.0,1,subject_44
-0.937410017830106,1.0,2.0,2.0,1.0,2.0,1,subject_44
-0.937410017830106,1.0,2.0,2.0,1.0,1.0,1,subject_44
-0.937410017830106,1.0,2.0,2.0,1.0,0.0,1,subject_44
-0.937410017830106,1.0,2.0,0.0,0.0,2.0,5,subject_44
-0.937410017830106,1.0,2.0,0.0,0.0,1.0,2,subject_44
-0.937410017830106,1.0,2.0,0.0,0.0,0.0,1,subject_44
-0.937410017830106,1.0,2.0,0.0,1.0,2.0,6,subject_44
-0.937410017830106,1.0,2.0,0.0,1.0,1.0,4,subject_44
-0.937410017830106,1.0,2.0,0.0,1.0,0.0,2,subject_44
-0.937410017830106,1.0,1.0,1.0,0.0,2.0,4,subject_44
-0.937410017830106,1.0,1.0,1.0,0.0,1.0,1,subject_44
-0.937410017830106,1.0,1.0,1.0,0.0,0.0,1,subject_44
-0.937410017830106,1.0,1.0,1.0,1.0,2.0,6,subject_44
-0.937410017830106,1.0,1.0,1.0,1.0,1.0,4,subject_44
-0.937410017830106,1.0,1.0,1.0,1.0,0.0,1,subject_44
-0.937410017830106,1.0,1.0,2.0,0.0,2.0,1,subject_44
-0.937410017830106,1.0,1.0,2.0,0.0,1.0,1,subject_44
-0.937410017830106,1.0,1.0,2.0,0.0,0.0,1,subject_44
-0.937410017830106,1.0,1.0,2.0,1.0,2.0,3,subject_44
-0.937410017830106,1.0,1.0,2.0,1.0,1.0,1,subject_44
-0.937410017830106,1.0,1.0,2.0,1.0,0.0,1,subject_44
-0.937410017830106,1.0,1.0,0.0,0.0,2.0,6,subject_44
-0.937410017830106,1.0,1.0,0.0,0.0,1.0,5,subject_44
-0.937410017830106,1.0,1.0,0.0,0.0,0.0,2,subject_44
-0.937410017830106,1.0,1.0,0.0,1.0,2.0,6,subject_44
-0.937410017830106,1.0,1.0,0.0,1.0,1.0,6,subject_44
-0.937410017830106,1.0,1.0,0.0,1.0,0.0,4,subject_44
-0.937410017830106,1.0,0.0,1.0,0.0,2.0,6,subject_44
-0.937410017830106,1.0,0.0,1.0,0.0,1.0,4,subject_44
-0.937410017830106,1.0,0.0,1.0,0.0,0.0,1,subject_44
-0.937410017830106,1.0,0.0,1.0,1.0,2.0,6,subject_44
-0.937410017830106,1.0,0.0,1.0,1.0,1.0,6,subject_44
-0.937410017830106,1.0,0.0,1.0,1.0,0.0,3,subject_44
-0.937410017830106,1.0,0.0,2.0,0.0,2.0,3,subject_44
-0.937410017830106,1.0,0.0,2.0,0.0,1.0,1,subject_44
-0.937410017830106,1.0,0.0,2.0,0.0,0.0,1,subject_44
-0.937410017830106,1.0,0.0,2.0,1.0,2.0,6,subject_44
-0.937410017830106,1.0,0.0,2.0,1.0,1.0,3,subject_44
-0.937410017830106,1.0,0.0,2.0,1.0,0.0,1,subject_44
-0.937410017830106,1.0,0.0,0.0,0.0,2.0,6,subject_44
-0.937410017830106,1.0,0.0,0.0,0.0,1.0,6,subject_44
-0.937410017830106,1.0,0.0,0.0,0.0,0.0,4,subject_44
-0.937410017830106,1.0,0.0,0.0,1.0,2.0,6,subject_44
-0.937410017830106,1.0,0.0,0.0,1.0,1.0,6,subject_44
-0.937410017830106,1.0,0.0,0.0,1.0,0.0,6,subject_44
-0.4483265302665725,-1.0,2.0,1.0,0.0,2.0,1,subject_44
-0.4483265302665725,-1.0,2.0,1.0,0.0,1.0,1,subject_44
-0.4483265302665725,-1.0,2.0,1.0,0.0,0.0,1,subject_44
-0.4483265302665725,-1.0,2.0,1.0,1.0,2.0,4,subject_44
-0.4483265302665725,-1.0,2.0,1.0,1.0,1.0,1,subject_44
-0.4483265302665725,-1.0,2.0,1.0,1.0,0.0,1,subject_44
-0.4483265302665725,-1.0,2.0,2.0,0.0,2.0,1,subject_44
-0.4483265302665725,-1.0,2.0,2.0,0.0,1.0,1,subject_44
-0.4483265302665725,-1.0,2.0,2.0,0.0,0.0,1,subject_44
-0.4483265302665725,-1.0,2.0,2.0,1.0,2.0,1,subject_44
-0.4483265302665725,-1.0,2.0,2.0,1.0,1.0,1,subject_44
-0.4483265302665725,-1.0,2.0,2.0,1.0,0.0,1,subject_44
-0.4483265302665725,-1.0,2.0,0.0,0.0,2.0,5,subject_44
-0.4483265302665725,-1.0,2.0,0.0,0.0,1.0,2,subject_44
-0.4483265302665725,-1.0,2.0,0.0,0.0,0.0,1,subject_44
-0.4483265302665725,-1.0,2.0,0.0,1.0,2.0,6,subject_44
-0.4483265302665725,-1.0,2.0,0.0,1.0,1.0,4,subject_44
-0.4483265302665725,-1.0,2.0,0.0,1.0,0.0,1,subject_44
-0.4483265302665725,-1.0,1.0,1.0,0.0,2.0,4,subject_44
-0.4483265302665725,-1.0,1.0,1.0,0.0,1.0,1,subject_44
-0.4483265302665725,-1.0,1.0,1.0,0.0,0.0,1,subject_44
-0.4483265302665725,-1.0,1.0,1.0,1.0,2.0,6,subject_44
-0.4483265302665725,-1.0,1.0,1.0,1.0,1.0,3,subject_44
-0.4483265302665725,-1.0,1.0,1.0,1.0,0.0,1,subject_44
-0.4483265302665725,-1.0,1.0,2.0,0.0,2.0,1,subject_44
-0.4483265302665725,-1.0,1.0,2.0,0.0,1.0,1,subject_44
-0.4483265302665725,-1.0,1.0,2.0,0.0,0.0,1,subject_44
-0.4483265302665725,-1.0,1.0,2.0,1.0,2.0,3,subject_44
-0.4483265302665725,-1.0,1.0,2.0,1.0,1.0,1,subject_44
-0.4483265302665725,-1.0,1.0,2.0,1.0,0.0,1,subject_44
-0.4483265302665725,-1.0,1.0,0.0,0.0,2.0,6,subject_44
-0.4483265302665725,-1.0,1.0,0.0,0.0,1.0,4,subject_44
-0.4483265302665725,-1.0,1.0,0.0,0.0,0.0,2,subject_44
-0.4483265302665725,-1.0,1.0,0.0,1.0,2.0,6,subject_44
-0.4483265302665725,-1.0,1.0,0.0,1.0,1.0,6,subject_44
-0.4483265302665725,-1.0,1.0,0.0,1.0,0.0,4,subject_44
-0.4483265302665725,-1.0,0.0,1.0,0.0,2.0,6,subject_44
-0.4483265302665725,-1.0,0.0,1.0,0.0,1.0,3,subject_44
-0.4483265302665725,-1.0,0.0,1.0,0.0,0.0,1,subject_44
-0.4483265302665725,-1.0,0.0,1.0,1.0,2.0,6,subject_44
-0.4483265302665725,-1.0,0.0,1.0,1.0,1.0,6,subject_44
-0.4483265302665725,-1.0,0.0,1.0,1.0,0.0,3,subject_44
-0.4483265302665725,-1.0,0.0,2.0,0.0,2.0,3,subject_44
-0.4483265302665725,-1.0,0.0,2.0,0.0,1.0,1,subject_44
-0.4483265302665725,-1.0,0.0,2.0,0.0,0.0,1,subject_44
-0.4483265302665725,-1.0,0.0,2.0,1.0,2.0,5,subject_44
-0.4483265302665725,-1.0,0.0,2.0,1.0,1.0,3,subject_44
-0.4483265302665725,-1.0,0.0,2.0,1.0,0.0,1,subject_44
-0.4483265302665725,-1.0,0.0,0.0,0.0,2.0,6,subject_44
-0.4483265302665725,-1.0,0.0,0.0,0.0,1.0,6,subject_44
-0.4483265302665725,-1.0,0.0,0.0,0.0,0.0,4,subject_44
-0.4483265302665725,-1.0,0.0,0.0,1.0,2.0,6,subject_44
-0.4483265302665725,-1.0,0.0,0.0,1.0,1.0,6,subject_44
-0.4483265302665725,-1.0,0.0,0.0,1.0,0.0,6,subject_44
-0.4483265302665725,1.0,2.0,1.0,0.0,2.0,2,subject_44
-0.4483265302665725,1.0,2.0,1.0,0.0,1.0,1,subject_44
-0.4483265302665725,1.0,2.0,1.0,0.0,0.0,1,subject_44
-0.4483265302665725,1.0,2.0,1.0,1.0,2.0,4,subject_44
-0.4483265302665725,1.0,2.0,1.0,1.0,1.0,1,subject_44
-0.4483265302665725,1.0,2.0,1.0,1.0,0.0,1,subject_44
-0.4483265302665725,1.0,2.0,2.0,0.0,2.0,1,subject_44
-0.4483265302665725,1.0,2.0,2.0,0.0,1.0,1,subject_44
-0.4483265302665725,1.0,2.0,2.0,0.0,0.0,1,subject_44
-0.4483265302665725,1.0,2.0,2.0,1.0,2.0,1,subject_44
-0.4483265302665725,1.0,2.0,2.0,1.0,1.0,1,subject_44
-0.4483265302665725,1.0,2.0,2.0,1.0,0.0,1,subject_44
-0.4483265302665725,1.0,2.0,0.0,0.0,2.0,5,subject_44
-0.4483265302665725,1.0,2.0,0.0,0.0,1.0,2,subject_44
-0.4483265302665725,1.0,2.0,0.0,0.0,0.0,1,subject_44
-0.4483265302665725,1.0,2.0,0.0,1.0,2.0,6,subject_44
-0.4483265302665725,1.0,2.0,0.0,1.0,1.0,4,subject_44
-0.4483265302665725,1.0,2.0,0.0,1.0,0.0,2,subject_44
-0.4483265302665725,1.0,1.0,1.0,0.0,2.0,4,subject_44
-0.4483265302665725,1.0,1.0,1.0,0.0,1.0,1,subject_44
-0.4483265302665725,1.0,1.0,1.0,0.0,0.0,1,subject_44
-0.4483265302665725,1.0,1.0,1.0,1.0,2.0,6,subject_44
-0.4483265302665725,1.0,1.0,1.0,1.0,1.0,4,subject_44
-0.4483265302665725,1.0,1.0,1.0,1.0,0.0,1,subject_44
-0.4483265302665725,1.0,1.0,2.0,0.0,2.0,1,subject_44
-0.4483265302665725,1.0,1.0,2.0,0.0,1.0,1,subject_44
-0.4483265302665725,1.0,1.0,2.0,0.0,0.0,1,subject_44
-0.4483265302665725,1.0,1.0,2.0,1.0,2.0,3,subject_44
-0.4483265302665725,1.0,1.0,2.0,1.0,1.0,1,subject_44
-0.4483265302665725,1.0,1.0,2.0,1.0,0.0,1,subject_44
-0.4483265302665725,1.0,1.0,0.0,0.0,2.0,6,subject_44
-0.4483265302665725,1.0,1.0,0.0,0.0,1.0,5,subject_44
-0.4483265302665725,1.0,1.0,0.0,0.0,0.0,2,subject_44
-0.4483265302665725,1.0,1.0,0.0,1.0,2.0,6,subject_44
-0.4483265302665725,1.0,1.0,0.0,1.0,1.0,6,subject_44
-0.4483265302665725,1.0,1.0,0.0,1.0,0.0,4,subject_44
-0.4483265302665725,1.0,0.0,1.0,0.0,2.0,6,subject_44
-0.4483265302665725,1.0,0.0,1.0,0.0,1.0,4,subject_44
-0.4483265302665725,1.0,0.0,1.0,0.0,0.0,1,subject_44
-0.4483265302665725,1.0,0.0,1.0,1.0,2.0,6,subject_44
-0.4483265302665725,1.0,0.0,1.0,1.0,1.0,6,subject_44
-0.4483265302665725,1.0,0.0,1.0,1.0,0.0,3,subject_44
-0.4483265302665725,1.0,0.0,2.0,0.0,2.0,3,subject_44
-0.4483265302665725,1.0,0.0,2.0,0.0,1.0,1,subject_44
-0.4483265302665725,1.0,0.0,2.0,0.0,0.0,1,subject_44
-0.4483265302665725,1.0,0.0,2.0,1.0,2.0,6,subject_44
-0.4483265302665725,1.0,0.0,2.0,1.0,1.0,3,subject_44
-0.4483265302665725,1.0,0.0,2.0,1.0,0.0,1,subject_44
-0.4483265302665725,1.0,0.0,0.0,0.0,2.0,6,subject_44
-0.4483265302665725,1.0,0.0,0.0,0.0,1.0,6,subject_44
-0.4483265302665725,1.0,0.0,0.0,0.0,0.0,4,subject_44
-0.4483265302665725,1.0,0.0,0.0,1.0,2.0,6,subject_44
-0.4483265302665725,1.0,0.0,0.0,1.0,1.0,6,subject_44
-0.4483265302665725,1.0,0.0,0.0,1.0,0.0,6,subject_44
1.3857365480966777,-1.0,2.0,1.0,0.0,2.0,1,subject_44
1.3857365480966777,-1.0,2.0,1.0,0.0,1.0,1,subject_44
1.3857365480966777,-1.0,2.0,1.0,0.0,0.0,1,subject_44
1.3857365480966777,-1.0,2.0,1.0,1.0,2.0,1,subject_44
1.3857365480966777,-1.0,2.0,1.0,1.0,1.0,1,subject_44
1.3857365480966777,-1.0,2.0,1.0,1.0,0.0,1,subject_44
1.3857365480966777,-1.0,2.0,2.0,0.0,2.0,1,subject_44
1.3857365480966777,-1.0,2.0,2.0,0.0,1.0,1,subject_44
1.3857365480966777,-1.0,2.0,2.0,0.0,0.0,1,subject_44
1.3857365480966777,-1.0,2.0,2.0,1.0,2.0,1,subject_44
1.3857365480966777,-1.0,2.0,2.0,1.0,1.0,1,subject_44
1.3857365480966777,-1.0,2.0,2.0,1.0,0.0,1,subject_44
1.3857365480966777,-1.0,2.0,0.0,0.0,2.0,1,subject_44
1.3857365480966777,-1.0,2.0,0.0,0.0,1.0,1,subject_44
1.3857365480966777,-1.0,2.0,0.0,0.0,0.0,1,subject_44
1.3857365480966777,-1.0,2.0,0.0,1.0,2.0,3,subject_44
1.3857365480966777,-1.0,2.0,0.0,1.0,1.0,1,subject_44
1.3857365480966777,-1.0,2.0,0.0,1.0,0.0,1,subject_44
1.3857365480966777,-1.0,1.0,1.0,0.0,2.0,1,subject_44
1.3857365480966777,-1.0,1.0,1.0,0.0,1.0,1,subject_44
1.3857365480966777,-1.0,1.0,1.0,0.0,0.0,1,subject_44
1.3857365480966777,-1.0,1.0,1.0,1.0,2.0,2,subject_44
1.3857365480966777,-1.0,1.0,1.0,1.0,1.0,1,subject_44
1.3857365480966777,-1.0,1.0,1.0,1.0,0.0,1,subject_44
1.3857365480966777,-1.0,1.0,2.0,0.0,2.0,1,subject_44
1.3857365480966777,-1.0,1.0,2.0,0.0,1.0,1,subject_44
1.3857365480966777,-1.0,1.0,2.0,0.0,0.0,1,subject_44
1.3857365480966777,-1.0,1.0,2.0,1.0,2.0,1,subject_44
1.3857365480966777,-1.0,1.0,2.0,1.0,1.0,1,subject_44
1.3857365480966777,-1.0,1.0,2.0,1.0,0.0,1,subject_44
1.3857365480966777,-1.0,1.0,0.0,0.0,2.0,3,subject_44
1.3857365480966777,-1.0,1.0,0.0,0.0,1.0,1,subject_44
1.3857365480966777,-1.0,1.0,0.0,0.0,0.0,1,subject_44
1.3857365480966777,-1.0,1.0,0.0,1.0,2.0,6,subject_44
1.3857365480966777,-1.0,1.0,0.0,1.0,1.0,3,subject_44
1.3857365480966777,-1.0,1.0,0.0,1.0,0.0,1,subject_44
1.3857365480966777,-1.0,0.0,1.0,0.0,2.0,3,subject_44
1.3857365480966777,-1.0,0.0,1.0,0.0,1.0,1,subject_44
1.3857365480966777,-1.0,0.0,1.0,0.0,0.0,1,subject_44
1.3857365480966777,-1.0,0.0,1.0,1.0,2.0,5,subject_44
1.3857365480966777,-1.0,0.0,1.0,1.0,1.0,2,subject_44
1.3857365480966777,-1.0,0.0,1.0,1.0,0.0,1,subject_44
1.3857365480966777,-1.0,0.0,2.0,0.0,2.0,1,subject_44
1.3857365480966777,-1.0,0.0,2.0,0.0,1.0,1,subject_44
1.3857365480966777,-1.0,0.0,2.0,0.0,0.0,1,subject_44
1.3857365480966777,-1.0,0.0,2.0,1.0,2.0,2,subject_44
1.3857365480966777,-1.0,0.0,2.0,1.0,1.0,1,subject_44
1.3857365480966777,-1.0,0.0,2.0,1.0,0.0,1,subject_44
1.3857365480966777,-1.0,0.0,0.0,0.0,2.0,6,subject_44
1.3857365480966777,-1.0,0.0,0.0,0.0,1.0,3,subject_44
1.3857365480966777,-1.0,0.0,0.0,0.0,0.0,1,subject_44
1.3857365480966777,-1.0,0.0,0.0,1.0,2.0,6,subject_44
1.3857365480966777,-1.0,0.0,0.0,1.0,1.0,5,subject_44
1.3857365480966777,-1.0,0.0,0.0,1.0,0.0,3,subject_44
1.3857365480966777,1.0,2.0,1.0,0.0,2.0,1,subject_44
1.3857365480966777,1.0,2.0,1.0,0.0,1.0,1,subject_44
1.3857365480966777,1.0,2.0,1.0,0.0,0.0,1,subject_44
1.3857365480966777,1.0,2.0,1.0,1.0,2.0,4,subject_44
1.3857365480966777,1.0,2.0,1.0,1.0,1.0,1,subject_44
1.3857365480966777,1.0,2.0,1.0,1.0,0.0,1,subject_44
1.3857365480966777,1.0,2.0,2.0,0.0,2.0,1,subject_44
1.3857365480966777,1.0,2.0,2.0,0.0,1.0,1,subject_44
1.3857365480966777,1.0,2.0,2.0,0.0,0.0,1,subject_44
1.3857365480966777,1.0,2.0,2.0,1.0,2.0,1,subject_44
1.3857365480966777,1.0,2.0,2.0,1.0,1.0,1,subject_44
1.3857365480966777,1.0,2.0,2.0,1.0,0.0,1,subject_44
1.3857365480966777,1.0,2.0,0.0,0.0,2.0,5,subject_44
1.3857365480966777,1.0,2.0,0.0,0.0,1.0,2,subject_44
1.3857365480966777,1.0,2.0,0.0,0.0,0.0,1,subject_44
1.3857365480966777,1.0,2.0,0.0,1.0,2.0,6,subject_44
1.3857365480966777,1.0,2.0,0.0,1.0,1.0,4,subject_44
1.3857365480966777,1.0,2.0,0.0,1.0,0.0,1,subject_44
1.3857365480966777,1.0,1.0,1.0,0.0,2.0,4,subject_44
1.3857365480966777,1.0,1.0,1.0,0.0,1.0,1,subject_44
1.3857365480966777,1.0,1.0,1.0,0.0,0.0,1,subject_44
1.3857365480966777,1.0,1.0,1.0,1.0,2.0,6,subject_44
1.3857365480966777,1.0,1.0,1.0,1.0,1.0,3,subject_44
1.3857365480966777,1.0,1.0,1.0,1.0,0.0,1,subject_44
1.3857365480966777,1.0,1.0,2.0,0.0,2.0,1,subject_44
1.3857365480966777,1.0,1.0,2.0,0.0,1.0,1,subject_44
1.3857365480966777,1.0,1.0,2.0,0.0,0.0,1,subject_44
1.3857365480966777,1.0,1.0,2.0,1.0,2.0,3,subject_44
1.3857365480966777,1.0,1.0,2.0,1.0,1.0,1,subject_44
1.3857365480966777,1.0,1.0,2.0,1.0,0.0,1,subject_44
1.3857365480966777,1.0,1.0,0.0,0.0,2.0,6,subject_44
1.3857365480966777,1.0,1.0,0.0,0.0,1.0,4,subject_44
1.3857365480966777,1.0,1.0,0.0,0.0,0.0,2,subject_44
1.3857365480966777,1.0,1.0,0.0,1.0,2.0,6,subject_44
1.3857365480966777,1.0,1.0,0.0,1.0,1.0,6,subject_44
1.3857365480966777,1.0,1.0,0.0,1.0,0.0,4,subject_44
1.3857365480966777,1.0,0.0,1.0,0.0,2.0,6,subject_44
1.3857365480966777,1.0,0.0,1.0,0.0,1.0,3,subject_44
1.3857365480966777,1.0,0.0,1.0,0.0,0.0,1,subject_44
1.3857365480966777,1.0,0.0,1.0,1.0,2.0,6,subject_44
1.3857365480966777,1.0,0.0,1.0,1.0,1.0,6,subject_44
1.3857365480966777,1.0,0.0,1.0,1.0,0.0,3,subject_44
1.3857365480966777,1.0,0.0,2.0,0.0,2.0,3,subject_44
1.3857365480966777,1.0,0.0,2.0,0.0,1.0,1,subject_44
1.3857365480966777,1.0,0.0,2.0,0.0,0.0,1,subject_44
1.3857365480966777,1.0,0.0,2.0,1.0,2.0,5,subject_44
1.3857365480966777,1.0,0.0,2.0,1.0,1.0,3,subject_44
1.3857365480966777,1.0,0.0,2.0,1.0,0.0,1,subject_44
1.3857365480966777,1.0,0.0,0.0,0.0,2.0,6,subject_44
1.3857365480966777,1.0,0.0,0.0,0.0,1.0,6,subject_44
1.3857365480966777,1.0,0.0,0.0,0.0,0.0,4,subject_44
1.3857365480966777,1.0,0.0,0.0,1.0,2.0,6,subject_44
1.3857365480966777,1.0,0.0,0.0,1.0,1.0,6,subject_44
1.3857365480966777,1.0,0.0,0.0,1.0,0.0,6,subject_44
-0.937410017830106,-1.0,2.0,1.0,0.0,2.0,1,subject_45
-0.937410017830106,-1.0,2.0,1.0,0.0,1.0,1,subject_45
-0.937410017830106,-1.0,2.0,1.0,0.0,0.0,1,subject_45
-0.937410017830106,-1.0,2.0,1.0,1.0,2.0,3,subject_45
-0.937410017830106,-1.0,2.0,1.0,1.0,1.0,1,subject_45
-0.937410017830106,-1.0,2.0,1.0,1.0,0.0,1,subject_45
-0.937410017830106,-1.0,2.0,2.0,0.0,2.0,1,subject_45
-0.937410017830106,-1.0,2.0,2.0,0.0,1.0,1,subject_45
-0.937410017830106,-1.0,2.0,2.0,0.0,0.0,1,subject_45
-0.937410017830106,-1.0,2.0,2.0,1.0,2.0,1,subject_45
-0.937410017830106,-1.0,2.0,2.0,1.0,1.0,1,subject_45
-0.937410017830106,-1.0,2.0,2.0,1.0,0.0,1,subject_45
-0.937410017830106,-1.0,2.0,0.0,0.0,2.0,4,subject_45
-0.937410017830106,-1.0,2.0,0.0,0.0,1.0,2,subject_45
-0.937410017830106,-1.0,2.0,0.0,0.0,0.0,1,subject_45
-0.937410017830106,-1.0,2.0,0.0,1.0,2.0,5,subject_45
-0.937410017830106,-1.0,2.0,0.0,1.0,1.0,3,subject_45
-0.937410017830106,-1.0,2.0,0.0,1.0,0.0,1,subject_45
-0.937410017830106,-1.0,1.0,1.0,0.0,2.0,4,subject_45
-0.937410017830106,-1.0,1.0,1.0,0.0,1.0,2,subject_45
-0.937410017830106,-1.0,1.0,1.0,0.0,0.0,1,subject_45
-0.937410017830106,-1.0,1.0,1.0,1.0,2.0,6,subject_45
-0.937410017830106,-1.0,1.0,1.0,1.0,1.0,4,subject_45
-0.937410017830106,-1.0,1.0,1.0,1.0,0.0,2,subject_45
-0.937410017830106,-1.0,1.0,2.0,0.0,2.0,1,subject_45
-0.937410017830106,-1.0,1.0,2.0,0.0,1.0,1,subject_45
-0.937410017830106,-1.0,1.0,2.0,0.0,0.0,1,subject_45
-0.937410017830106,-1.0,1.0,2.0,1.0,2.0,3,subject_45
-0.937410017830106,-1.0,1.0,2.0,1.0,1.0,1,subject_45
-0.937410017830106,-1.0,1.0,2.0,1.0,0.0,1,subject_45
-0.937410017830106,-1.0,1.0,0.0,0.0,2.0,6,subject_45
-0.937410017830106,-1.0,1.0,0.0,0.0,1.0,4,subject_45
-0.937410017830106,-1.0,1.0,0.0,0.0,0.0,2,subject_45
-0.937410017830106,-1.0,1.0,0.0,1.0,2.0,6,subject_45
-0.937410017830106,-1.0,1.0,0.0,1.0,1.0,6,subject_45
-0.937410017830106,-1.0,1.0,0.0,1.0,0.0,4,subject_45
-0.937410017830106,-1.0,0.0,1.0,0.0,2.0,6,subject_45
-0.937410017830106,-1.0,0.0,1.0,0.0,1.0,4,subject_45
-0.937410017830106,-1.0,0.0,1.0,0.0,0.0,2,subject_45
-0.937410017830106,-1.0,0.0,1.0,1.0,2.0,6,subject_45
-0.937410017830106,-1.0,0.0,1.0,1.0,1.0,6,subject_45
-0.937410017830106,-1.0,0.0,1.0,1.0,0.0,4,subject_45
-0.937410017830106,-1.0,0.0,2.0,0.0,2.0,4,subject_45
-0.937410017830106,-1.0,0.0,2.0,0.0,1.0,2,subject_45
-0.937410017830106,-1.0,0.0,2.0,0.0,0.0,1,subject_45
-0.937410017830106,-1.0,0.0,2.0,1.0,2.0,6,subject_45
-0.937410017830106,-1.0,0.0,2.0,1.0,1.0,4,subject_45
-0.937410017830106,-1.0,0.0,2.0,1.0,0.0,2,subject_45
-0.937410017830106,-1.0,0.0,0.0,0.0,2.0,6,subject_45
-0.937410017830106,-1.0,0.0,0.0,0.0,1.0,6,subject_45
-0.937410017830106,-1.0,0.0,0.0,0.0,0.0,4,subject_45
-0.937410017830106,-1.0,0.0,0.0,1.0,2.0,6,subject_45
-0.937410017830106,-1.0,0.0,0.0,1.0,1.0,6,subject_45
-0.937410017830106,-1.0,0.0,0.0,1.0,0.0,6,subject_45
-0.937410017830106,1.0,2.0,1.0,0.0,2.0,1,subject_45
-0.937410017830106,1.0,2.0,1.0,0.0,1.0,1,subject_45
-0.937410017830106,1.0,2.0,1.0,0.0,0.0,1,subject_45
-0.937410017830106,1.0,2.0,1.0,1.0,2.0,3,subject_45
-0.937410017830106,1.0,2.0,1.0,1.0,1.0,1,subject_45
-0.937410017830106,1.0,2.0,1.0,1.0,0.0,1,subject_45
-0.937410017830106,1.0,2.0,2.0,0.0,2.0,1,subject_45
-0.937410017830106,1.0,2.0,2.0,0.0,1.0,1,subject_45
-0.937410017830106,1.0,2.0,2.0,0.0,0.0,1,subject_45
-0.937410017830106,1.0,2.0,2.0,1.0,2.0,1,subject_45
-0.937410017830106,1.0,2.0,2.0,1.0,1.0,1,subject_45
-0.937410017830106,1.0,2.0,2.0,1.0,0.0,1,subject_45
-0.937410017830106,1.0,2.0,0.0,0.0,2.0,4,subject_45
-0.937410017830106,1.0,2.0,0.0,0.0,1.0,2,subject_45
-0.937410017830106,1.0,2.0,0.0,0.0,0.0,1,subject_45
-0.937410017830106,1.0,2.0,0.0,1.0,2.0,5,subject_45
-0.937410017830106,1.0,2.0,0.0,1.0,1.0,3,subject_45
-0.937410017830106,1.0,2.0,0.0,1.0,0.0,1,subject_45
-0.937410017830106,1.0,1.0,1.0,0.0,2.0,4,subject_45
-0.937410017830106,1.0,1.0,1.0,0.0,1.0,2,subject_45
-0.937410017830106,1.0,1.0,1.0,0.0,0.0,1,subject_45
-0.937410017830106,1.0,1.0,1.0,1.0,2.0,5,subject_45
-0.937410017830106,1.0,1.0,1.0,1.0,1.0,3,subject_45
-0.937410017830106,1.0,1.0,1.0,1.0,0.0,1,subject_45
-0.937410017830106,1.0,1.0,2.0,0.0,2.0,1,subject_45
-0.937410017830106,1.0,1.0,2.0,0.0,1.0,1,subject_45
-0.937410017830106,1.0,1.0,2.0,0.0,0.0,1,subject_45
-0.937410017830106,1.0,1.0,2.0,1.0,2.0,3,subject_45
-0.937410017830106,1.0,1.0,2.0,1.0,1.0,1,subject_45
-0.937410017830106,1.0,1.0,2.0,1.0,0.0,1,subject_45
-0.937410017830106,1.0,1.0,0.0,0.0,2.0,6,subject_45
-0.937410017830106,1.0,1.0,0.0,0.0,1.0,4,subject_45
-0.937410017830106,1.0,1.0,0.0,0.0,0.0,2,subject_45
-0.937410017830106,1.0,1.0,0.0,1.0,2.0,6,subject_45
-0.937410017830106,1.0,1.0,0.0,1.0,1.0,6,subject_45
-0.937410017830106,1.0,1.0,0.0,1.0,0.0,4,subject_45
-0.937410017830106,1.0,0.0,1.0,0.0,2.0,6,subject_45
-0.937410017830106,1.0,0.0,1.0,0.0,1.0,4,subject_45
-0.937410017830106,1.0,0.0,1.0,0.0,0.0,2,subject_45
-0.937410017830106,1.0,0.0,1.0,1.0,2.0,6,subject_45
-0.937410017830106,1.0,0.0,1.0,1.0,1.0,6,subject_45
-0.937410017830106,1.0,0.0,1.0,1.0,0.0,4,subject_45
-0.937410017830106,1.0,0.0,2.0,0.0,2.0,3,subject_45
-0.937410017830106,1.0,0.0,2.0,0.0,1.0,1,subject_45
-0.937410017830106,1.0,0.0,2.0,0.0,0.0,1,subject_45
-0.937410017830106,1.0,0.0,2.0,1.0,2.0,6,subject_45
-0.937410017830106,1.0,0.0,2.0,1.0,1.0,4,subject_45
-0.937410017830106,1.0,0.0,2.0,1.0,0.0,2,subject_45
-0.937410017830106,1.0,0.0,0.0,0.0,2.0,6,subject_45
-0.937410017830106,1.0,0.0,0.0,0.0,1.0,6,subject_45
-0.937410017830106,1.0,0.0,0.0,0.0,0.0,4,subject_45
-0.937410017830106,1.0,0.0,0.0,1.0,2.0,6,subject_45
-0.937410017830106,1.0,0.0,0.0,1.0,1.0,6,subject_45
-0.937410017830106,1.0,0.0,0.0,1.0,0.0,6,subject_45
-0.4483265302665725,-1.0,2.0,1.0,0.0,2.0,1,subject_45
-0.4483265302665725,-1.0,2.0,1.0,0.0,1.0,1,subject_45
-0.4483265302665725,-1.0,2.0,1.0,0.0,0.0,1,subject_45
-0.4483265302665725,-1.0,2.0,1.0,1.0,2.0,3,subject_45
-0.4483265302665725,-1.0,2.0,1.0,1.0,1.0,1,subject_45
-0.4483265302665725,-1.0,2.0,1.0,1.0,0.0,1,subject_45
-0.4483265302665725,-1.0,2.0,2.0,0.0,2.0,1,subject_45
-0.4483265302665725,-1.0,2.0,2.0,0.0,1.0,1,subject_45
-0.4483265302665725,-1.0,2.0,2.0,0.0,0.0,1,subject_45
-0.4483265302665725,-1.0,2.0,2.0,1.0,2.0,1,subject_45
-0.4483265302665725,-1.0,2.0,2.0,1.0,1.0,1,subject_45
-0.4483265302665725,-1.0,2.0,2.0,1.0,0.0,1,subject_45
-0.4483265302665725,-1.0,2.0,0.0,0.0,2.0,3,subject_45
-0.4483265302665725,-1.0,2.0,0.0,0.0,1.0,1,subject_45
-0.4483265302665725,-1.0,2.0,0.0,0.0,0.0,1,subject_45
-0.4483265302665725,-1.0,2.0,0.0,1.0,2.0,5,subject_45
-0.4483265302665725,-1.0,2.0,0.0,1.0,1.0,3,subject_45
-0.4483265302665725,-1.0,2.0,0.0,1.0,0.0,1,subject_45
-0.4483265302665725,-1.0,1.0,1.0,0.0,2.0,3,subject_45
-0.4483265302665725,-1.0,1.0,1.0,0.0,1.0,1,subject_45
-0.4483265302665725,-1.0,1.0,1.0,0.0,0.0,1,subject_45
-0.4483265302665725,-1.0,1.0,1.0,1.0,2.0,5,subject_45
-0.4483265302665725,-1.0,1.0,1.0,1.0,1.0,3,subject_45
-0.4483265302665725,-1.0,1.0,1.0,1.0,0.0,1,subject_45
-0.4483265302665725,-1.0,1.0,2.0,0.0,2.0,1,subject_45
-0.4483265302665725,-1.0,1.0,2.0,0.0,1.0,1,subject_45
-0.4483265302665725,-1.0,1.0,2.0,0.0,0.0,1,subject_45
-0.4483265302665725,-1.0,1.0,2.0,1.0,2.0,3,subject_45
-0.4483265302665725,-1.0,1.0,2.0,1.0,1.0,1,subject_45
-0.4483265302665725,-1.0,1.0,2.0,1.0,0.0,1,subject_45
-0.4483265302665725,-1.0,1.0,0.0,0.0,2.0,5,subject_45
-0.4483265302665725,-1.0,1.0,0.0,0.0,1.0,3,subject_45
-0.4483265302665725,-1.0,1.0,0.0,0.0,0.0,1,subject_45
-0.4483265302665725,-1.0,1.0,0.0,1.0,2.0,6,subject_45
-0.4483265302665725,-1.0,1.0,0.0,1.0,1.0,5,subject_45
-0.4483265302665725,-1.0,1.0,0.0,1.0,0.0,3,subject_45
-0.4483265302665725,-1.0,0.0,1.0,0.0,2.0,5,subject_45
-0.4483265302665725,-1.0,0.0,1.0,0.0,1.0,3,subject_45
-0.4483265302665725,-1.0,0.0,1.0,0.0,0.0,1,subject_45
-0.4483265302665725,-1.0,0.0,1.0,1.0,2.0,6,subject_45
-0.4483265302665725,-1.0,0.0,1.0,1.0,1.0,5,subject_45
-0.4483265302665725,-1.0,0.0,1.0,1.0,0.0,3,subject_45
-0.4483265302665725,-1.0,0.0,2.0,0.0,2.0,3,subject_45
-0.4483265302665725,-1.0,0.0,2.0,0.0,1.0,1,subject_45
-0.4483265302665725,-1.0,0.0,2.0,0.0,0.0,1,subject_45
-0.4483265302665725,-1.0,0.0,2.0,1.0,2.0,5,subject_45
-0.4483265302665725,-1.0,0.0,2.0,1.0,1.0,3,subject_45
-0.4483265302665725,-1.0,0.0,2.0,1.0,0.0,1,subject_45
-0.4483265302665725,-1.0,0.0,0.0,0.0,2.0,6,subject_45
-0.4483265302665725,-1.0,0.0,0.0,0.0,1.0,5,subject_45
-0.4483265302665725,-1.0,0.0,0.0,0.0,0.0,3,subject_45
-0.4483265302665725,-1.0,0.0,0.0,1.0,2.0,6,subject_45
-0.4483265302665725,-1.0,0.0,0.0,1.0,1.0,6,subject_45
-0.4483265302665725,-1.0,0.0,0.0,1.0,0.0,5,subject_45
-0.4483265302665725,1.0,2.0,1.0,0.0,2.0,2,subject_45
-0.4483265302665725,1.0,2.0,1.0,0.0,1.0,1,subject_45
-0.4483265302665725,1.0,2.0,1.0,0.0,0.0,1,subject_45
-0.4483265302665725,1.0,2.0,1.0,1.0,2.0,3,subject_45
-0.4483265302665725,1.0,2.0,1.0,1.0,1.0,1,subject_45
-0.4483265302665725,1.0,2.0,1.0,1.0,0.0,1,subject_45
-0.4483265302665725,1.0,2.0,2.0,0.0,2.0,1,subject_45
-0.4483265302665725,1.0,2.0,2.0,0.0,1.0,1,subject_45
-0.4483265302665725,1.0,2.0,2.0,0.0,0.0,1,subject_45
-0.4483265302665725,1.0,2.0,2.0,1.0,2.0,1,subject_45
-0.4483265302665725,1.0,2.0,2.0,1.0,1.0,1,subject_45
-0.4483265302665725,1.0,2.0,2.0,1.0,0.0,1,subject_45
-0.4483265302665725,1.0,2.0,0.0,0.0,2.0,4,subject_45
-0.4483265302665725,1.0,2.0,0.0,0.0,1.0,2,subject_45
-0.4483265302665725,1.0,2.0,0.0,0.0,0.0,1,subject_45
-0.4483265302665725,1.0,2.0,0.0,1.0,2.0,6,subject_45
-0.4483265302665725,1.0,2.0,0.0,1.0,1.0,4,subject_45
-0.4483265302665725,1.0,2.0,0.0,1.0,0.0,2,subject_45
-0.4483265302665725,1.0,1.0,1.0,0.0,2.0,4,subject_45
-0.4483265302665725,1.0,1.0,1.0,0.0,1.0,2,subject_45
-0.4483265302665725,1.0,1.0,1.0,0.0,0.0,1,subject_45
-0.4483265302665725,1.0,1.0,1.0,1.0,2.0,6,subject_45
-0.4483265302665725,1.0,1.0,1.0,1.0,1.0,4,subject_45
-0.4483265302665725,1.0,1.0,1.0,1.0,0.0,2,subject_45
-0.4483265302665725,1.0,1.0,2.0,0.0,2.0,1,subject_45
-0.4483265302665725,1.0,1.0,2.0,0.0,1.0,1,subject_45
-0.4483265302665725,1.0,1.0,2.0,0.0,0.0,1,subject_45
-0.4483265302665725,1.0,1.0,2.0,1.0,2.0,4,subject_45
-0.4483265302665725,1.0,1.0,2.0,1.0,1.0,2,subject_45
-0.4483265302665725,1.0,1.0,2.0,1.0,0.0,1,subject_45
-0.4483265302665725,1.0,1.0,0.0,0.0,2.0,6,subject_45
-0.4483265302665725,1.0,1.0,0.0,0.0,1.0,4,subject_45
-0.4483265302665725,1.0,1.0,0.0,0.0,0.0,2,subject_45
-0.4483265302665725,1.0,1.0,0.0,1.0,2.0,6,subject_45
-0.4483265302665725,1.0,1.0,0.0,1.0,1.0,6,subject_45
-0.4483265302665725,1.0,1.0,0.0,1.0,0.0,4,subject_45
-0.4483265302665725,1.0,0.0,1.0,0.0,2.0,6,subject_45
-0.4483265302665725,1.0,0.0,1.0,0.0,1.0,4,subject_45
-0.4483265302665725,1.0,0.0,1.0,0.0,0.0,2,subject_45
-0.4483265302665725,1.0,0.0,1.0,1.0,2.0,6,subject_45
-0.4483265302665725,1.0,0.0,1.0,1.0,1.0,6,subject_45
-0.4483265302665725,1.0,0.0,1.0,1.0,0.0,4,subject_45
-0.4483265302665725,1.0,0.0,2.0,0.0,2.0,4,subject_45
-0.4483265302665725,1.0,0.0,2.0,0.0,1.0,2,subject_45
-0.4483265302665725,1.0,0.0,2.0,0.0,0.0,1,subject_45
-0.4483265302665725,1.0,0.0,2.0,1.0,2.0,6,subject_45
-0.4483265302665725,1.0,0.0,2.0,1.0,1.0,4,subject_45
-0.4483265302665725,1.0,0.0,2.0,1.0,0.0,2,subject_45
-0.4483265302665725,1.0,0.0,0.0,0.0,2.0,6,subject_45
-0.4483265302665725,1.0,0.0,0.0,0.0,1.0,6,subject_45
-0.4483265302665725,1.0,0.0,0.0,0.0,0.0,4,subject_45
-0.4483265302665725,1.0,0.0,0.0,1.0,2.0,6,subject_45
-0.4483265302665725,1.0,0.0,0.0,1.0,1.0,6,subject_45
-0.4483265302665725,1.0,0.0,0.0,1.0,0.0,6,subject_45
1.3857365480966777,-1.0,2.0,1.0,0.0,2.0,1,subject_45
1.3857365480966777,-1.0,2.0,1.0,0.0,1.0,1,subject_45
1.3857365480966777,-1.0,2.0,1.0,0.0,0.0,1,subject_45
1.3857365480966777,-1.0,2.0,1.0,1.0,2.0,1,subject_45
1.3857365480966777,-1.0,2.0,1.0,1.0,1.0,1,subject_45
1.3857365480966777,-1.0,2.0,1.0,1.0,0.0,1,subject_45
1.3857365480966777,-1.0,2.0,2.0,0.0,2.0,1,subject_45
1.3857365480966777,-1.0,2.0,2.0,0.0,1.0,1,subject_45
1.3857365480966777,-1.0,2.0,2.0,0.0,0.0,1,subject_45
1.3857365480966777,-1.0,2.0,2.0,1.0,2.0,1,subject_45
1.3857365480966777,-1.0,2.0,2.0,1.0,1.0,1,subject_45
1.3857365480966777,-1.0,2.0,2.0,1.0,0.0,1,subject_45
1.3857365480966777,-1.0,2.0,0.0,0.0,2.0,1,subject_45
1.3857365480966777,-1.0,2.0,0.0,0.0,1.0,1,subject_45
1.3857365480966777,-1.0,2.0,0.0,0.0,0.0,1,subject_45
1.3857365480966777,-1.0,2.0,0.0,1.0,2.0,2,subject_45
1.3857365480966777,-1.0,2.0,0.0,1.0,1.0,1,subject_45
1.3857365480966777,-1.0,2.0,0.0,1.0,0.0,1,subject_45
1.3857365480966777,-1.0,1.0,1.0,0.0,2.0,1,subject_45
1.3857365480966777,-1.0,1.0,1.0,0.0,1.0,1,subject_45
1.3857365480966777,-1.0,1.0,1.0,0.0,0.0,1,subject_45
1.3857365480966777,-1.0,1.0,1.0,1.0,2.0,2,subject_45
1.3857365480966777,-1.0,1.0,1.0,1.0,1.0,1,subject_45
1.3857365480966777,-1.0,1.0,1.0,1.0,0.0,1,subject_45
1.3857365480966777,-1.0,1.0,2.0,0.0,2.0,1,subject_45
1.3857365480966777,-1.0,1.0,2.0,0.0,1.0,1,subject_45
1.3857365480966777,-1.0,1.0,2.0,0.0,0.0,1,subject_45
1.3857365480966777,-1.0,1.0,2.0,1.0,2.0,1,subject_45
1.3857365480966777,-1.0,1.0,2.0,1.0,1.0,1,subject_45
1.3857365480966777,-1.0,1.0,2.0,1.0,0.0,1,subject_45
1.3857365480966777,-1.0,1.0,0.0,0.0,2.0,3,subject_45
1.3857365480966777,-1.0,1.0,0.0,0.0,1.0,1,subject_45
1.3857365480966777,-1.0,1.0,0.0,0.0,0.0,1,subject_45
1.3857365480966777,-1.0,1.0,0.0,1.0,2.0,5,subject_45
1.3857365480966777,-1.0,1.0,0.0,1.0,1.0,2,subject_45
1.3857365480966777,-1.0,1.0,0.0,1.0,0.0,1,subject_45
1.3857365480966777,-1.0,0.0,1.0,0.0,2.0,3,subject_45
1.3857365480966777,-1.0,0.0,1.0,0.0,1.0,1,subject_45
1.3857365480966777,-1.0,0.0,1.0,0.0,0.0,1,subject_45
1.3857365480966777,-1.0,0.0,1.0,1.0,2.0,5,subject_45
1.3857365480966777,-1.0,0.0,1.0,1.0,1.0,3,subject_45
1.3857365480966777,-1.0,0.0,1.0,1.0,0.0,1,subject_45
1.3857365480966777,-1.0,0.0,2.0,0.0,2.0,1,subject_45
1.3857365480966777,-1.0,0.0,2.0,0.0,1.0,1,subject_45
1.3857365480966777,-1.0,0.0,2.0,0.0,0.0,1,subject_45
1.3857365480966777,-1.0,0.0,2.0,1.0,2.0,2,subject_45
1.3857365480966777,-1.0,0.0,2.0,1.0,1.0,1,subject_45
1.3857365480966777,-1.0,0.0,2.0,1.0,0.0,1,subject_45
1.3857365480966777,-1.0,0.0,0.0,0.0,2.0,5,subject_45
1.3857365480966777,-1.0,0.0,0.0,0.0,1.0,3,subject_45
1.3857365480966777,-1.0,0.0,0.0,0.0,0.0,1,subject_45
1.3857365480966777,-1.0,0.0,0.0,1.0,2.0,6,subject_45
1.3857365480966777,-1.0,0.0,0.0,1.0,1.0,5,subject_45
1.3857365480966777,-1.0,0.0,0.0,1.0,0.0,3,subject_45
1.3857365480966777,1.0,2.0,1.0,0.0,2.0,2,subject_45
1.3857365480966777,1.0,2.0,1.0,0.0,1.0,1,subject_45
1.3857365480966777,1.0,2.0,1.0,0.0,0.0,1,subject_45
1.3857365480966777,1.0,2.0,1.0,1.0,2.0,4,subject_45
1.3857365480966777,1.0,2.0,1.0,1.0,1.0,2,subject_45
1.3857365480966777,1.0,2.0,1.0,1.0,0.0,1,subject_45
1.3857365480966777,1.0,2.0,2.0,0.0,2.0,1,subject_45
1.3857365480966777,1.0,2.0,2.0,0.0,1.0,1,subject_45
1.3857365480966777,1.0,2.0,2.0,0.0,0.0,1,subject_45
1.3857365480966777,1.0,2.0,2.0,1.0,2.0,2,subject_45
1.3857365480966777,1.0,2.0,2.0,1.0,1.0,1,subject_45
1.3857365480966777,1.0,2.0,2.0,1.0,0.0,1,subject_45
1.3857365480966777,1.0,2.0,0.0,0.0,2.0,5,subject_45
1.3857365480966777,1.0,2.0,0.0,0.0,1.0,2,subject_45
1.3857365480966777,1.0,2.0,0.0,0.0,0.0,1,subject_45
1.3857365480966777,1.0,2.0,0.0,1.0,2.0,6,subject_45
1.3857365480966777,1.0,2.0,0.0,1.0,1.0,4,subject_45
1.3857365480966777,1.0,2.0,0.0,1.0,0.0,2,subject_45
1.3857365480966777,1.0,1.0,1.0,0.0,2.0,5,subject_45
1.3857365480966777,1.0,1.0,1.0,0.0,1.0,2,subject_45
1.3857365480966777,1.0,1.0,1.0,0.0,0.0,1,subject_45
1.3857365480966777,1.0,1.0,1.0,1.0,2.0,6,subject_45
1.3857365480966777,1.0,1.0,1.0,1.0,1.0,4,subject_45
1.3857365480966777,1.0,1.0,1.0,1.0,0.0,2,subject_45
1.3857365480966777,1.0,1.0,2.0,0.0,2.0,2,subject_45
1.3857365480966777,1.0,1.0,2.0,0.0,1.0,1,subject_45
1.3857365480966777,1.0,1.0,2.0,0.0,0.0,1,subject_45
1.3857365480966777,1.0,1.0,2.0,1.0,2.0,4,subject_45
1.3857365480966777,1.0,1.0,2.0,1.0,1.0,2,subject_45
1.3857365480966777,1.0,1.0,2.0,1.0,0.0,1,subject_45
1.3857365480966777,1.0,1.0,0.0,0.0,2.0,6,subject_45
1.3857365480966777,1.0,1.0,0.0,0.0,1.0,5,subject_45
1.3857365480966777,1.0,1.0,0.0,0.0,0.0,2,subject_45
1.3857365480966777,1.0,1.0,0.0,1.0,2.0,6,subject_45
1.3857365480966777,1.0,1.0,0.0,1.0,1.0,6,subject_45
1.3857365480966777,1.0,1.0,0.0,1.0,0.0,5,subject_45
1.3857365480966777,1.0,0.0,1.0,0.0,2.0,6,subject_45
1.3857365480966777,1.0,0.0,1.0,0.0,1.0,5,subject_45
1.3857365480966777,1.0,0.0,1.0,0.0,0.0,2,subject_45
1.3857365480966777,1.0,0.0,1.0,1.0,2.0,6,subject_45
1.3857365480966777,1.0,0.0,1.0,1.0,1.0,6,subject_45
1.3857365480966777,1.0,0.0,1.0,1.0,0.0,5,subject_45
1.3857365480966777,1.0,0.0,2.0,0.0,2.0,4,subject_45
1.3857365480966777,1.0,0.0,2.0,0.0,1.0,2,subject_45
1.3857365480966777,1.0,0.0,2.0,0.0,0.0,1,subject_45
1.3857365480966777,1.0,0.0,2.0,1.0,2.0,6,subject_45
1.3857365480966777,1.0,0.0,2.0,1.0,1.0,5,subject_45
1.3857365480966777,1.0,0.0,2.0,1.0,0.0,2,subject_45
1.3857365480966777,1.0,0.0,0.0,0.0,2.0,6,subject_45
1.3857365480966777,1.0,0.0,0.0,0.0,1.0,6,subject_45
1.3857365480966777,1.0,0.0,0.0,0.0,0.0,5,subject_45
1.3857365480966777,1.0,0.0,0.0,1.0,2.0,6,subject_45
1.3857365480966777,1.0,0.0,0.0,1.0,1.0,6,subject_45
1.3857365480966777,1.0,0.0,0.0,1.0,0.0,6,subject_45
-0.937410017830106,-1.0,2.0,1.0,0.0,2.0,1,subject_46
-0.937410017830106,-1.0,2.0,1.0,0.0,1.0,1,subject_46
-0.937410017830106,-1.0,2.0,1.0,0.0,0.0,1,subject_46
-0.937410017830106,-1.0,2.0,1.0,1.0,2.0,3,subject_46
-0.937410017830106,-1.0,2.0,1.0,1.0,1.0,1,subject_46
-0.937410017830106,-1.0,2.0,1.0,1.0,0.0,1,subject_46
-0.937410017830106,-1.0,2.0,2.0,0.0,2.0,1,subject_46
-0.937410017830106,-1.0,2.0,2.0,0.0,1.0,1,subject_46
-0.937410017830106,-1.0,2.0,2.0,0.0,0.0,1,subject_46
-0.937410017830106,-1.0,2.0,2.0,1.0,2.0,1,subject_46
-0.937410017830106,-1.0,2.0,2.0,1.0,1.0,1,subject_46
-0.937410017830106,-1.0,2.0,2.0,1.0,0.0,1,subject_46
-0.937410017830106,-1.0,2.0,0.0,0.0,2.0,3,subject_46
-0.937410017830106,-1.0,2.0,0.0,0.0,1.0,2,subject_46
-0.937410017830106,-1.0,2.0,0.0,0.0,0.0,1,subject_46
-0.937410017830106,-1.0,2.0,0.0,1.0,2.0,5,subject_46
-0.937410017830106,-1.0,2.0,0.0,1.0,1.0,3,subject_46
-0.937410017830106,-1.0,2.0,0.0,1.0,0.0,2,subject_46
-0.937410017830106,-1.0,1.0,1.0,0.0,2.0,3,subject_46
-0.937410017830106,-1.0,1.0,1.0,0.0,1.0,2,subject_46
-0.937410017830106,-1.0,1.0,1.0,0.0,0.0,1,subject_46
-0.937410017830106,-1.0,1.0,1.0,1.0,2.0,5,subject_46
-0.937410017830106,-1.0,1.0,1.0,1.0,1.0,4,subject_46
-0.937410017830106,-1.0,1.0,1.0,1.0,0.0,2,subject_46
-0.937410017830106,-1.0,1.0,2.0,0.0,2.0,1,subject_46
-0.937410017830106,-1.0,1.0,2.0,0.0,1.0,1,subject_46
-0.937410017830106,-1.0,1.0,2.0,0.0,0.0,1,subject_46
-0.937410017830106,-1.0,1.0,2.0,1.0,2.0,3,subject_46
-0.937410017830106,-1.0,1.0,2.0,1.0,1.0,2,subject_46
-0.937410017830106,-1.0,1.0,2.0,1.0,0.0,1,subject_46
-0.937410017830106,-1.0,1.0,0.0,0.0,2.0,6,subject_46
-0.937410017830106,-1.0,1.0,0.0,0.0,1.0,4,subject_46
-0.937410017830106,-1.0,1.0,0.0,0.0,0.0,2,subject_46
-0.937410017830106,-1.0,1.0,0.0,1.0,2.0,6,subject_46
-0.937410017830106,-1.0,1.0,0.0,1.0,1.0,6,subject_46
-0.937410017830106,-1.0,1.0,0.0,1.0,0.0,5,subject_46
-0.937410017830106,-1.0,0.0,1.0,0.0,2.0,6,subject_46
-0.937410017830106,-1.0,0.0,1.0,0.0,1.0,5,subject_46
-0.937410017830106,-1.0,0.0,1.0,0.0,0.0,3,subject_46
-0.937410017830106,-1.0,0.0,1.0,1.0,2.0,6,subject_46
-0.937410017830106,-1.0,0.0,1.0,1.0,1.0,6,subject_46
-0.937410017830106,-1.0,0.0,1.0,1.0,0.0,5,subject_46
-0.937410017830106,-1.0,0.0,2.0,0.0,2.0,4,subject_46
-0.937410017830106,-1.0,0.0,2.0,0.0,1.0,2,subject_46
-0.937410017830106,-1.0,0.0,2.0,0.0,0.0,1,subject_46
-0.937410017830106,-1.0,0.0,2.0,1.0,2.0,5,subject_46
-0.937410017830106,-1.0,0.0,2.0,1.0,1.0,4,subject_46
-0.937410017830106,-1.0,0.0,2.0,1.0,0.0,2,subject_46
-0.937410017830106,-1.0,0.0,0.0,0.0,2.0,6,subject_46
-0.937410017830106,-1.0,0.0,0.0,0.0,1.0,6,subject_46
-0.937410017830106,-1.0,0.0,0.0,0.0,0.0,5,subject_46
-0.937410017830106,-1.0,0.0,0.0,1.0,2.0,6,subject_46
-0.937410017830106,-1.0,0.0,0.0,1.0,1.0,6,subject_46
-0.937410017830106,-1.0,0.0,0.0,1.0,0.0,6,subject_46
-0.937410017830106,1.0,2.0,1.0,0.0,2.0,1,subject_46
-0.937410017830106,1.0,2.0,1.0,0.0,1.0,1,subject_46
-0.937410017830106,1.0,2.0,1.0,0.0,0.0,1,subject_46
-0.937410017830106,1.0,2.0,1.0,1.0,2.0,1,subject_46
-0.937410017830106,1.0,2.0,1.0,1.0,1.0,1,subject_46
-0.937410017830106,1.0,2.0,1.0,1.0,0.0,1,subject_46
-0.937410017830106,1.0,2.0,2.0,0.0,2.0,1,subject_46
-0.937410017830106,1.0,2.0,2.0,0.0,1.0,1,subject_46
-0.937410017830106,1.0,2.0,2.0,0.0,0.0,1,subject_46
-0.937410017830106,1.0,2.0,2.0,1.0,2.0,1,subject_46
-0.937410017830106,1.0,2.0,2.0,1.0,1.0,1,subject_46
-0.937410017830106,1.0,2.0,2.0,1.0,0.0,1,subject_46
-0.937410017830106,1.0,2.0,0.0,0.0,2.0,2,subject_46
-0.937410017830106,1.0,2.0,0.0,0.0,1.0,1,subject_46
-0.937410017830106,1.0,2.0,0.0,0.0,0.0,1,subject_46
-0.937410017830106,1.0,2.0,0.0,1.0,2.0,3,subject_46
-0.937410017830106,1.0,2.0,0.0,1.0,1.0,2,subject_46
-0.937410017830106,1.0,2.0,0.0,1.0,0.0,1,subject_46
-0.937410017830106,1.0,1.0,1.0,0.0,2.0,2,subject_46
-0.937410017830106,1.0,1.0,1.0,0.0,1.0,1,subject_46
-0.937410017830106,1.0,1.0,1.0,0.0,0.0,1,subject_46
-0.937410017830106,1.0,1.0,1.0,1.0,2.0,3,subject_46
-0.937410017830106,1.0,1.0,1.0,1.0,1.0,2,subject_46
-0.937410017830106,1.0,1.0,1.0,1.0,0.0,1,subject_46
-0.937410017830106,1.0,1.0,2.0,0.0,2.0,1,subject_46
-0.937410017830106,1.0,1.0,2.0,0.0,1.0,1,subject_46
-0.937410017830106,1.0,1.0,2.0,0.0,0.0,1,subject_46
-0.937410017830106,1.0,1.0,2.0,1.0,2.0,1,subject_46
-0.937410017830106,1.0,1.0,2.0,1.0,1.0,1,subject_46
-0.937410017830106,1.0,1.0,2.0,1.0,0.0,1,subject_46
-0.937410017830106,1.0,1.0,0.0,0.0,2.0,4,subject_46
-0.937410017830106,1.0,1.0,0.0,0.0,1.0,2,subject_46
-0.937410017830106,1.0,1.0,0.0,0.0,0.0,1,subject_46
-0.937410017830106,1.0,1.0,0.0,1.0,2.0,5,subject_46
-0.937410017830106,1.0,1.0,0.0,1.0,1.0,4,subject_46
-0.937410017830106,1.0,1.0,0.0,1.0,0.0,2,subject_46
-0.937410017830106,1.0,0.0,1.0,0.0,2.0,4,subject_46
-0.937410017830106,1.0,0.0,1.0,0.0,1.0,2,subject_46
-0.937410017830106,1.0,0.0,1.0,0.0,0.0,1,subject_46
-0.937410017830106,1.0,0.0,1.0,1.0,2.0,6,subject_46
-0.937410017830106,1.0,0.0,1.0,1.0,1.0,4,subject_46
-0.937410017830106,1.0,0.0,1.0,1.0,0.0,2,subject_46
-0.937410017830106,1.0,0.0,2.0,0.0,2.0,2,subject_46
-0.937410017830106,1.0,0.0,2.0,0.0,1.0,1,subject_46
-0.937410017830106,1.0,0.0,2.0,0.0,0.0,1,subject_46
-0.937410017830106,1.0,0.0,2.0,1.0,2.0,3,subject_46
-0.937410017830106,1.0,0.0,2.0,1.0,1.0,2,subject_46
-0.937410017830106,1.0,0.0,2.0,1.0,0.0,1,subject_46
-0.937410017830106,1.0,0.0,0.0,0.0,2.0,6,subject_46
-0.937410017830106,1.0,0.0,0.0,0.0,1.0,5,subject_46
-0.937410017830106,1.0,0.0,0.0,0.0,0.0,3,subject_46
-0.937410017830106,1.0,0.0,0.0,1.0,2.0,6,subject_46
-0.937410017830106,1.0,0.0,0.0,1.0,1.0,6,subject_46
-0.937410017830106,1.0,0.0,0.0,1.0,0.0,5,subject_46
-0.4483265302665725,-1.0,2.0,1.0,0.0,2.0,1,subject_46
-0.4483265302665725,-1.0,2.0,1.0,0.0,1.0,1,subject_46
-0.4483265302665725,-1.0,2.0,1.0,0.0,0.0,1,subject_46
-0.4483265302665725,-1.0,2.0,1.0,1.0,2.0,2,subject_46
-0.4483265302665725,-1.0,2.0,1.0,1.0,1.0,1,subject_46
-0.4483265302665725,-1.0,2.0,1.0,1.0,0.0,1,subject_46
-0.4483265302665725,-1.0,2.0,2.0,0.0,2.0,1,subject_46
-0.4483265302665725,-1.0,2.0,2.0,0.0,1.0,1,subject_46
-0.4483265302665725,-1.0,2.0,2.0,0.0,0.0,1,subject_46
-0.4483265302665725,-1.0,2.0,2.0,1.0,2.0,1,subject_46
-0.4483265302665725,-1.0,2.0,2.0,1.0,1.0,1,subject_46
-0.4483265302665725,-1.0,2.0,2.0,1.0,0.0,1,subject_46
-0.4483265302665725,-1.0,2.0,0.0,0.0,2.0,2,subject_46
-0.4483265302665725,-1.0,2.0,0.0,0.0,1.0,1,subject_46
-0.4483265302665725,-1.0,2.0,0.0,0.0,0.0,1,subject_46
-0.4483265302665725,-1.0,2.0,0.0,1.0,2.0,4,subject_46
-0.4483265302665725,-1.0,2.0,0.0,1.0,1.0,3,subject_46
-0.4483265302665725,-1.0,2.0,0.0,1.0,0.0,1,subject_46
-0.4483265302665725,-1.0,1.0,1.0,0.0,2.0,3,subject_46
-0.4483265302665725,-1.0,1.0,1.0,0.0,1.0,1,subject_46
-0.4483265302665725,-1.0,1.0,1.0,0.0,0.0,1,subject_46
-0.4483265302665725,-1.0,1.0,1.0,1.0,2.0,5,subject_46
-0.4483265302665725,-1.0,1.0,1.0,1.0,1.0,3,subject_46
-0.4483265302665725,-1.0,1.0,1.0,1.0,0.0,1,subject_46
-0.4483265302665725,-1.0,1.0,2.0,0.0,2.0,1,subject_46
-0.4483265302665725,-1.0,1.0,2.0,0.0,1.0,1,subject_46
-0.4483265302665725,-1.0,1.0,2.0,0.0,0.0,1,subject_46
-0.4483265302665725,-1.0,1.0,2.0,1.0,2.0,2,subject_46
-0.4483265302665725,-1.0,1.0,2.0,1.0,1.0,1,subject_46
-0.4483265302665725,-1.0,1.0,2.0,1.0,0.0,1,subject_46
-0.4483265302665725,-1.0,1.0,0.0,0.0,2.0,5,subject_46
-0.4483265302665725,-1.0,1.0,0.0,0.0,1.0,3,subject_46
-0.4483265302665725,-1.0,1.0,0.0,0.0,0.0,2,subject_46
-0.4483265302665725,-1.0,1.0,0.0,1.0,2.0,6,subject_46
-0.4483265302665725,-1.0,1.0,0.0,1.0,1.0,5,subject_46
-0.4483265302665725,-1.0,1.0,0.0,1.0,0.0,4,subject_46
-0.4483265302665725,-1.0,0.0,1.0,0.0,2.0,5,subject_46
-0.4483265302665725,-1.0,0.0,1.0,0.0,1.0,4,subject_46
-0.4483265302665725,-1.0,0.0,1.0,0.0,0.0,2,subject_46
-0.4483265302665725,-1.0,0.0,1.0,1.0,2.0,6,subject_46
-0.4483265302665725,-1.0,0.0,1.0,1.0,1.0,5,subject_46
-0.4483265302665725,-1.0,0.0,1.0,1.0,0.0,4,subject_46
-0.4483265302665725,-1.0,0.0,2.0,0.0,2.0,3,subject_46
-0.4483265302665725,-1.0,0.0,2.0,0.0,1.0,1,subject_46
-0.4483265302665725,-1.0,0.0,2.0,0.0,0.0,1,subject_46
-0.4483265302665725,-1.0,0.0,2.0,1.0,2.0,5,subject_46
-0.4483265302665725,-1.0,0.0,2.0,1.0,1.0,3,subject_46
-0.4483265302665725,-1.0,0.0,2.0,1.0,0.0,2,subject_46
-0.4483265302665725,-1.0,0.0,0.0,0.0,2.0,6,subject_46
-0.4483265302665725,-1.0,0.0,0.0,0.0,1.0,6,subject_46
-0.4483265302665725,-1.0,0.0,0.0,0.0,0.0,5,subject_46
-0.4483265302665725,-1.0,0.0,0.0,1.0,2.0,6,subject_46
-0.4483265302665725,-1.0,0.0,0.0,1.0,1.0,6,subject_46
-0.4483265302665725,-1.0,0.0,0.0,1.0,0.0,6,subject_46
-0.4483265302665725,1.0,2.0,1.0,0.0,2.0,1,subject_46
-0.4483265302665725,1.0,2.0,1.0,0.0,1.0,1,subject_46
-0.4483265302665725,1.0,2.0,1.0,0.0,0.0,1,subject_46
-0.4483265302665725,1.0,2.0,1.0,1.0,2.0,1,subject_46
-0.4483265302665725,1.0,2.0,1.0,1.0,1.0,1,subject_46
-0.4483265302665725,1.0,2.0,1.0,1.0,0.0,1,subject_46
-0.4483265302665725,1.0,2.0,2.0,0.0,2.0,1,subject_46
-0.4483265302665725,1.0,2.0,2.0,0.0,1.0,1,subject_46
-0.4483265302665725,1.0,2.0,2.0,0.0,0.0,1,subject_46
-0.4483265302665725,1.0,2.0,2.0,1.0,2.0,1,subject_46
-0.4483265302665725,1.0,2.0,2.0,1.0,1.0,1,subject_46
-0.4483265302665725,1.0,2.0,2.0,1.0,0.0,1,subject_46
-0.4483265302665725,1.0,2.0,0.0,0.0,2.0,2,subject_46
-0.4483265302665725,1.0,2.0,0.0,0.0,1.0,1,subject_46
-0.4483265302665725,1.0,2.0,0.0,0.0,0.0,1,subject_46
-0.4483265302665725,1.0,2.0,0.0,1.0,2.0,3,subject_46
-0.4483265302665725,1.0,2.0,0.0,1.0,1.0,2,subject_46
-0.4483265302665725,1.0,2.0,0.0,1.0,0.0,1,subject_46
-0.4483265302665725,1.0,1.0,1.0,0.0,2.0,2,subject_46
-0.4483265302665725,1.0,1.0,1.0,0.0,1.0,1,subject_46
-0.4483265302665725,1.0,1.0,1.0,0.0,0.0,1,subject_46
-0.4483265302665725,1.0,1.0,1.0,1.0,2.0,3,subject_46
-0.4483265302665725,1.0,1.0,1.0,1.0,1.0,2,subject_46
-0.4483265302665725,1.0,1.0,1.0,1.0,0.0,1,subject_46
-0.4483265302665725,1.0,1.0,2.0,0.0,2.0,1,subject_46
-0.4483265302665725,1.0,1.0,2.0,0.0,1.0,1,subject_46
-0.4483265302665725,1.0,1.0,2.0,0.0,0.0,1,subject_46
-0.4483265302665725,1.0,1.0,2.0,1.0,2.0,1,subject_46
-0.4483265302665725,1.0,1.0,2.0,1.0,1.0,1,subject_46
-0.4483265302665725,1.0,1.0,2.0,1.0,0.0,1,subject_46
-0.4483265302665725,1.0,1.0,0.0,0.0,2.0,4,subject_46
-0.4483265302665725,1.0,1.0,0.0,0.0,1.0,2,subject_46
-0.4483265302665725,1.0,1.0,0.0,0.0,0.0,1,subject_46
-0.4483265302665725,1.0,1.0,0.0,1.0,2.0,5,subject_46
-0.4483265302665725,1.0,1.0,0.0,1.0,1.0,4,subject_46
-0.4483265302665725,1.0,1.0,0.0,1.0,0.0,2,subject_46
-0.4483265302665725,1.0,0.0,1.0,0.0,2.0,4,subject_46
-0.4483265302665725,1.0,0.0,1.0,0.0,1.0,2,subject_46
-0.4483265302665725,1.0,0.0,1.0,0.0,0.0,1,subject_46
-0.4483265302665725,1.0,0.0,1.0,1.0,2.0,6,subject_46
-0.4483265302665725,1.0,0.0,1.0,1.0,1.0,4,subject_46
-0.4483265302665725,1.0,0.0,1.0,1.0,0.0,2,subject_46
-0.4483265302665725,1.0,0.0,2.0,0.0,2.0,2,subject_46
-0.4483265302665725,1.0,0.0,2.0,0.0,1.0,1,subject_46
-0.4483265302665725,1.0,0.0,2.0,0.0,0.0,1,subject_46
-0.4483265302665725,1.0,0.0,2.0,1.0,2.0,4,subject_46
-0.4483265302665725,1.0,0.0,2.0,1.0,1.0,2,subject_46
-0.4483265302665725,1.0,0.0,2.0,1.0,0.0,1,subject_46
-0.4483265302665725,1.0,0.0,0.0,0.0,2.0,6,subject_46
-0.4483265302665725,1.0,0.0,0.0,0.0,1.0,5,subject_46
-0.4483265302665725,1.0,0.0,0.0,0.0,0.0,3,subject_46
-0.4483265302665725,1.0,0.0,0.0,1.0,2.0,6,subject_46
-0.4483265302665725,1.0,0.0,0.0,1.0,1.0,6,subject_46
-0.4483265302665725,1.0,0.0,0.0,1.0,0.0,5,subject_46
1.3857365480966777,-1.0,2.0,1.0,0.0,2.0,1,subject_46
1.3857365480966777,-1.0,2.0,1.0,0.0,1.0,1,subject_46
1.3857365480966777,-1.0,2.0,1.0,0.0,0.0,1,subject_46
1.3857365480966777,-1.0,2.0,1.0,1.0,2.0,1,subject_46
1.3857365480966777,-1.0,2.0,1.0,1.0,1.0,1,subject_46
1.3857365480966777,-1.0,2.0,1.0,1.0,0.0,1,subject_46
1.3857365480966777,-1.0,2.0,2.0,0.0,2.0,1,subject_46
1.3857365480966777,-1.0,2.0,2.0,0.0,1.0,1,subject_46
1.3857365480966777,-1.0,2.0,2.0,0.0,0.0,1,subject_46
1.3857365480966777,-1.0,2.0,2.0,1.0,2.0,1,subject_46
1.3857365480966777,-1.0,2.0,2.0,1.0,1.0,1,subject_46
1.3857365480966777,-1.0,2.0,2.0,1.0,0.0,1,subject_46
1.3857365480966777,-1.0,2.0,0.0,0.0,2.0,1,subject_46
1.3857365480966777,-1.0,2.0,0.0,0.0,1.0,1,subject_46
1.3857365480966777,-1.0,2.0,0.0,0.0,0.0,1,subject_46
1.3857365480966777,-1.0,2.0,0.0,1.0,2.0,2,subject_46
1.3857365480966777,-1.0,2.0,0.0,1.0,1.0,1,subject_46
1.3857365480966777,-1.0,2.0,0.0,1.0,0.0,1,subject_46
1.3857365480966777,-1.0,1.0,1.0,0.0,2.0,1,subject_46
1.3857365480966777,-1.0,1.0,1.0,0.0,1.0,1,subject_46
1.3857365480966777,-1.0,1.0,1.0,0.0,0.0,1,subject_46
1.3857365480966777,-1.0,1.0,1.0,1.0,2.0,2,subject_46
1.3857365480966777,-1.0,1.0,1.0,1.0,1.0,1,subject_46
1.3857365480966777,-1.0,1.0,1.0,1.0,0.0,1,subject_46
1.3857365480966777,-1.0,1.0,2.0,0.0,2.0,1,subject_46
1.3857365480966777,-1.0,1.0,2.0,0.0,1.0,1,subject_46
1.3857365480966777,-1.0,1.0,2.0,0.0,0.0,1,subject_46
1.3857365480966777,-1.0,1.0,2.0,1.0,2.0,1,subject_46
1.3857365480966777,-1.0,1.0,2.0,1.0,1.0,1,subject_46
1.3857365480966777,-1.0,1.0,2.0,1.0,0.0,1,subject_46
1.3857365480966777,-1.0,1.0,0.0,0.0,2.0,2,subject_46
1.3857365480966777,-1.0,1.0,0.0,0.0,1.0,1,subject_46
1.3857365480966777,-1.0,1.0,0.0,0.0,0.0,1,subject_46
1.3857365480966777,-1.0,1.0,0.0,1.0,2.0,4,subject_46
1.3857365480966777,-1.0,1.0,0.0,1.0,1.0,2,subject_46
1.3857365480966777,-1.0,1.0,0.0,1.0,0.0,1,subject_46
1.3857365480966777,-1.0,0.0,1.0,0.0,2.0,2,subject_46
1.3857365480966777,-1.0,0.0,1.0,0.0,1.0,1,subject_46
1.3857365480966777,-1.0,0.0,1.0,0.0,0.0,1,subject_46
1.3857365480966777,-1.0,0.0,1.0,1.0,2.0,4,subject_46
1.3857365480966777,-1.0,0.0,1.0,1.0,1.0,2,subject_46
1.3857365480966777,-1.0,0.0,1.0,1.0,0.0,1,subject_46
1.3857365480966777,-1.0,0.0,2.0,0.0,2.0,1,subject_46
1.3857365480966777,-1.0,0.0,2.0,0.0,1.0,1,subject_46
1.3857365480966777,-1.0,0.0,2.0,0.0,0.0,1,subject_46
1.3857365480966777,-1.0,0.0,2.0,1.0,2.0,2,subject_46
1.3857365480966777,-1.0,0.0,2.0,1.0,1.0,1,subject_46
1.3857365480966777,-1.0,0.0,2.0,1.0,0.0,1,subject_46
1.3857365480966777,-1.0,0.0,0.0,0.0,2.0,5,subject_46
1.3857365480966777,-1.0,0.0,0.0,0.0,1.0,3,subject_46
1.3857365480966777,-1.0,0.0,0.0,0.0,0.0,2,subject_46
1.3857365480966777,-1.0,0.0,0.0,1.0,2.0,6,subject_46
1.3857365480966777,-1.0,0.0,0.0,1.0,1.0,5,subject_46
1.3857365480966777,-1.0,0.0,0.0,1.0,0.0,3,subject_46
1.3857365480966777,1.0,2.0,1.0,0.0,2.0,1,subject_46
1.3857365480966777,1.0,2.0,1.0,0.0,1.0,1,subject_46
1.3857365480966777,1.0,2.0,1.0,0.0,0.0,1,subject_46
1.3857365480966777,1.0,2.0,1.0,1.0,2.0,1,subject_46
1.3857365480966777,1.0,2.0,1.0,1.0,1.0,1,subject_46
1.3857365480966777,1.0,2.0,1.0,1.0,0.0,1,subject_46
1.3857365480966777,1.0,2.0,2.0,0.0,2.0,1,subject_46
1.3857365480966777,1.0,2.0,2.0,0.0,1.0,1,subject_46
1.3857365480966777,1.0,2.0,2.0,0.0,0.0,1,subject_46
1.3857365480966777,1.0,2.0,2.0,1.0,2.0,1,subject_46
1.3857365480966777,1.0,2.0,2.0,1.0,1.0,1,subject_46
1.3857365480966777,1.0,2.0,2.0,1.0,0.0,1,subject_46
1.3857365480966777,1.0,2.0,0.0,0.0,2.0,2,subject_46
1.3857365480966777,1.0,2.0,0.0,0.0,1.0,1,subject_46
1.3857365480966777,1.0,2.0,0.0,0.0,0.0,1,subject_46
1.3857365480966777,1.0,2.0,0.0,1.0,2.0,3,subject_46
1.3857365480966777,1.0,2.0,0.0,1.0,1.0,2,subject_46
1.3857365480966777,1.0,2.0,0.0,1.0,0.0,1,subject_46
1.3857365480966777,1.0,1.0,1.0,0.0,2.0,2,subject_46
1.3857365480966777,1.0,1.0,1.0,0.0,1.0,1,subject_46
1.3857365480966777,1.0,1.0,1.0,0.0,0.0,1,subject_46
1.3857365480966777,1.0,1.0,1.0,1.0,2.0,4,subject_46
1.3857365480966777,1.0,1.0,1.0,1.0,1.0,2,subject_46
1.3857365480966777,1.0,1.0,1.0,1.0,0.0,1,subject_46
1.3857365480966777,1.0,1.0,2.0,0.0,2.0,1,subject_46
1.3857365480966777,1.0,1.0,2.0,0.0,1.0,1,subject_46
1.3857365480966777,1.0,1.0,2.0,0.0,0.0,1,subject_46
1.3857365480966777,1.0,1.0,2.0,1.0,2.0,1,subject_46
1.3857365480966777,1.0,1.0,2.0,1.0,1.0,1,subject_46
1.3857365480966777,1.0,1.0,2.0,1.0,0.0,1,subject_46
1.3857365480966777,1.0,1.0,0.0,0.0,2.0,4,subject_46
1.3857365480966777,1.0,1.0,0.0,0.0,1.0,2,subject_46
1.3857365480966777,1.0,1.0,0.0,0.0,0.0,1,subject_46
1.3857365480966777,1.0,1.0,0.0,1.0,2.0,6,subject_46
1.3857365480966777,1.0,1.0,0.0,1.0,1.0,5,subject_46
1.3857365480966777,1.0,1.0,0.0,1.0,0.0,3,subject_46
1.3857365480966777,1.0,0.0,1.0,0.0,2.0,4,subject_46
1.3857365480966777,1.0,0.0,1.0,0.0,1.0,3,subject_46
1.3857365480966777,1.0,0.0,1.0,0.0,0.0,1,subject_46
1.3857365480966777,1.0,0.0,1.0,1.0,2.0,6,subject_46
1.3857365480966777,1.0,0.0,1.0,1.0,1.0,5,subject_46
1.3857365480966777,1.0,0.0,1.0,1.0,0.0,3,subject_46
1.3857365480966777,1.0,0.0,2.0,0.0,2.0,2,subject_46
1.3857365480966777,1.0,0.0,2.0,0.0,1.0,1,subject_46
1.3857365480966777,1.0,0.0,2.0,0.0,0.0,1,subject_46
1.3857365480966777,1.0,0.0,2.0,1.0,2.0,4,subject_46
1.3857365480966777,1.0,0.0,2.0,1.0,1.0,2,subject_46
1.3857365480966777,1.0,0.0,2.0,1.0,0.0,1,subject_46
1.3857365480966777,1.0,0.0,0.0,0.0,2.0,6,subject_46
1.3857365480966777,1.0,0.0,0.0,0.0,1.0,5,subject_46
1.3857365480966777,1.0,0.0,0.0,0.0,0.0,4,subject_46
1.3857365480966777,1.0,0.0,0.0,1.0,2.0,6,subject_46
1.3857365480966777,1.0,0.0,0.0,1.0,1.0,6,subject_46
1.3857365480966777,1.0,0.0,0.0,1.0,0.0,5,subject_46
-0.937410017830106,-1.0,2.0,1.0,0.0,2.0,2,subject_47
-0.937410017830106,-1.0,2.0,1.0,0.0,1.0,1,subject_47
-0.937410017830106,-1.0,2.0,1.0,0.0,0.0,1,subject_47
-0.937410017830106,-1.0,2.0,1.0,1.0,2.0,4,subject_47
-0.937410017830106,-1.0,2.0,1.0,1.0,1.0,2,subject_47
-0.937410017830106,-1.0,2.0,1.0,1.0,0.0,1,subject_47
-0.937410017830106,-1.0,2.0,2.0,0.0,2.0,1,subject_47
-0.937410017830106,-1.0,2.0,2.0,0.0,1.0,1,subject_47
-0.937410017830106,-1.0,2.0,2.0,0.0,0.0,1,subject_47
-0.937410017830106,-1.0,2.0,2.0,1.0,2.0,2,subject_47
-0.937410017830106,-1.0,2.0,2.0,1.0,1.0,1,subject_47
-0.937410017830106,-1.0,2.0,2.0,1.0,0.0,1,subject_47
-0.937410017830106,-1.0,2.0,0.0,0.0,2.0,4,subject_47
-0.937410017830106,-1.0,2.0,0.0,0.0,1.0,2,subject_47
-0.937410017830106,-1.0,2.0,0.0,0.0,0.0,1,subject_47
-0.937410017830106,-1.0,2.0,0.0,1.0,2.0,6,subject_47
-0.937410017830106,-1.0,2.0,0.0,1.0,1.0,4,subject_47
-0.937410017830106,-1.0,2.0,0.0,1.0,0.0,2,subject_47
-0.937410017830106,-1.0,1.0,1.0,0.0,2.0,4,subject_47
-0.937410017830106,-1.0,1.0,1.0,0.0,1.0,2,subject_47
-0.937410017830106,-1.0,1.0,1.0,0.0,0.0,1,subject_47
-0.937410017830106,-1.0,1.0,1.0,1.0,2.0,6,subject_47
-0.937410017830106,-1.0,1.0,1.0,1.0,1.0,4,subject_47
-0.937410017830106,-1.0,1.0,1.0,1.0,0.0,2,subject_47
-0.937410017830106,-1.0,1.0,2.0,0.0,2.0,2,subject_47
-0.937410017830106,-1.0,1.0,2.0,0.0,1.0,1,subject_47
-0.937410017830106,-1.0,1.0,2.0,0.0,0.0,1,subject_47
-0.937410017830106,-1.0,1.0,2.0,1.0,2.0,4,subject_47
-0.937410017830106,-1.0,1.0,2.0,1.0,1.0,2,subject_47
-0.937410017830106,-1.0,1.0,2.0,1.0,0.0,1,subject_47
-0.937410017830106,-1.0,1.0,0.0,0.0,2.0,6,subject_47
-0.937410017830106,-1.0,1.0,0.0,0.0,1.0,4,subject_47
-0.937410017830106,-1.0,1.0,0.0,0.0,0.0,2,subject_47
-0.937410017830106,-1.0,1.0,0.0,1.0,2.0,6,subject_47
-0.937410017830106,-1.0,1.0,0.0,1.0,1.0,6,subject_47
-0.937410017830106,-1.0,1.0,0.0,1.0,0.0,4,subject_47
-0.937410017830106,-1.0,0.0,1.0,0.0,2.0,6,subject_47
-0.937410017830106,-1.0,0.0,1.0,0.0,1.0,5,subject_47
-0.937410017830106,-1.0,0.0,1.0,0.0,0.0,2,subject_47
-0.937410017830106,-1.0,0.0,1.0,1.0,2.0,6,subject_47
-0.937410017830106,-1.0,0.0,1.0,1.0,1.0,6,subject_47
-0.937410017830106,-1.0,0.0,1.0,1.0,0.0,5,subject_47
-0.937410017830106,-1.0,0.0,2.0,0.0,2.0,5,subject_47
-0.937410017830106,-1.0,0.0,2.0,0.0,1.0,2,subject_47
-0.937410017830106,-1.0,0.0,2.0,0.0,0.0,1,subject_47
-0.937410017830106,-1.0,0.0,2.0,1.0,2.0,6,subject_47
-0.937410017830106,-1.0,0.0,2.0,1.0,1.0,5,subject_47
-0.937410017830106,-1.0,0.0,2.0,1.0,0.0,2,subject_47
-0.937410017830106,-1.0,0.0,0.0,0.0,2.0,6,subject_47
-0.937410017830106,-1.0,0.0,0.0,0.0,1.0,6,subject_47
-0.937410017830106,-1.0,0.0,0.0,0.0,0.0,5,subject_47
-0.937410017830106,-1.0,0.0,0.0,1.0,2.0,6,subject_47
-0.937410017830106,-1.0,0.0,0.0,1.0,1.0,6,subject_47
-0.937410017830106,-1.0,0.0,0.0,1.0,0.0,6,subject_47
-0.937410017830106,1.0,2.0,1.0,0.0,2.0,1,subject_47
-0.937410017830106,1.0,2.0,1.0,0.0,1.0,1,subject_47
-0.937410017830106,1.0,2.0,1.0,0.0,0.0,1,subject_47
-0.937410017830106,1.0,2.0,1.0,1.0,2.0,2,subject_47
-0.937410017830106,1.0,2.0,1.0,1.0,1.0,1,subject_47
-0.937410017830106,1.0,2.0,1.0,1.0,0.0,1,subject_47
-0.937410017830106,1.0,2.0,2.0,0.0,2.0,1,subject_47
-0.937410017830106,1.0,2.0,2.0,0.0,1.0,1,subject_47
-0.937410017830106,1.0,2.0,2.0,0.0,0.0,1,subject_47
-0.937410017830106,1.0,2.0,2.0,1.0,2.0,1,subject_47
-0.937410017830106,1.0,2.0,2.0,1.0,1.0,1,subject_47
-0.937410017830106,1.0,2.0,2.0,1.0,0.0,1,subject_47
-0.937410017830106,1.0,2.0,0.0,0.0,2.0,2,subject_47
-0.937410017830106,1.0,2.0,0.0,0.0,1.0,1,subject_47
-0.937410017830106,1.0,2.0,0.0,0.0,0.0,1,subject_47
-0.937410017830106,1.0,2.0,0.0,1.0,2.0,5,subject_47
-0.937410017830106,1.0,2.0,0.0,1.0,1.0,2,subject_47
-0.937410017830106,1.0,2.0,0.0,1.0,0.0,1,subject_47
-0.937410017830106,1.0,1.0,1.0,0.0,2.0,3,subject_47
-0.937410017830106,1.0,1.0,1.0,0.0,1.0,1,subject_47
-0.937410017830106,1.0,1.0,1.0,0.0,0.0,1,subject_47
-0.937410017830106,1.0,1.0,1.0,1.0,2.0,5,subject_47
-0.937410017830106,1.0,1.0,1.0,1.0,1.0,3,subject_47
-0.937410017830106,1.0,1.0,1.0,1.0,0.0,1,subject_47
-0.937410017830106,1.0,1.0,2.0,0.0,2.0,1,subject_47
-0.937410017830106,1.0,1.0,2.0,0.0,1.0,1,subject_47
-0.937410017830106,1.0,1.0,2.0,0.0,0.0,1,subject_47
-0.937410017830106,1.0,1.0,2.0,1.0,2.0,3,subject_47
-0.937410017830106,1.0,1.0,2.0,1.0,1.0,1,subject_47
-0.937410017830106,1.0,1.0,2.0,1.0,0.0,1,subject_47
-0.937410017830106,1.0,1.0,0.0,0.0,2.0,5,subject_47
-0.937410017830106,1.0,1.0,0.0,0.0,1.0,3,subject_47
-0.937410017830106,1.0,1.0,0.0,0.0,0.0,1,subject_47
-0.937410017830106,1.0,1.0,0.0,1.0,2.0,6,subject_47
-0.937410017830106,1.0,1.0,0.0,1.0,1.0,5,subject_47
-0.937410017830106,1.0,1.0,0.0,1.0,0.0,3,subject_47
-0.937410017830106,1.0,0.0,1.0,0.0,2.0,5,subject_47
-0.937410017830106,1.0,0.0,1.0,0.0,1.0,3,subject_47
-0.937410017830106,1.0,0.0,1.0,0.0,0.0,1,subject_47
-0.937410017830106,1.0,0.0,1.0,1.0,2.0,6,subject_47
-0.937410017830106,1.0,0.0,1.0,1.0,1.0,5,subject_47
-0.937410017830106,1.0,0.0,1.0,1.0,0.0,3,subject_47
-0.937410017830106,1.0,0.0,2.0,0.0,2.0,3,subject_47
-0.937410017830106,1.0,0.0,2.0,0.0,1.0,1,subject_47
-0.937410017830106,1.0,0.0,2.0,0.0,0.0,1,subject_47
-0.937410017830106,1.0,0.0,2.0,1.0,2.0,5,subject_47
-0.937410017830106,1.0,0.0,2.0,1.0,1.0,3,subject_47
-0.937410017830106,1.0,0.0,2.0,1.0,0.0,1,subject_47
-0.937410017830106,1.0,0.0,0.0,0.0,2.0,6,subject_47
-0.937410017830106,1.0,0.0,0.0,0.0,1.0,5,subject_47
-0.937410017830106,1.0,0.0,0.0,0.0,0.0,3,subject_47
-0.937410017830106,1.0,0.0,0.0,1.0,2.0,6,subject_47
-0.937410017830106,1.0,0.0,0.0,1.0,1.0,6,subject_47
-0.937410017830106,1.0,0.0,0.0,1.0,0.0,5,subject_47
-0.4483265302665725,-1.0,2.0,1.0,0.0,2.0,1,subject_47
-0.4483265302665725,-1.0,2.0,1.0,0.0,1.0,1,subject_47
-0.4483265302665725,-1.0,2.0,1.0,0.0,0.0,1,subject_47
-0.4483265302665725,-1.0,2.0,1.0,1.0,2.0,3,subject_47
-0.4483265302665725,-1.0,2.0,1.0,1.0,1.0,1,subject_47
-0.4483265302665725,-1.0,2.0,1.0,1.0,0.0,1,subject_47
-0.4483265302665725,-1.0,2.0,2.0,0.0,2.0,1,subject_47
-0.4483265302665725,-1.0,2.0,2.0,0.0,1.0,1,subject_47
-0.4483265302665725,-1.0,2.0,2.0,0.0,0.0,1,subject_47
-0.4483265302665725,-1.0,2.0,2.0,1.0,2.0,1,subject_47
-0.4483265302665725,-1.0,2.0,2.0,1.0,1.0,1,subject_47
-0.4483265302665725,-1.0,2.0,2.0,1.0,0.0,1,subject_47
-0.4483265302665725,-1.0,2.0,0.0,0.0,2.0,3,subject_47
-0.4483265302665725,-1.0,2.0,0.0,0.0,1.0,1,subject_47
-0.4483265302665725,-1.0,2.0,0.0,0.0,0.0,1,subject_47
-0.4483265302665725,-1.0,2.0,0.0,1.0,2.0,5,subject_47
-0.4483265302665725,-1.0,2.0,0.0,1.0,1.0,3,subject_47
-0.4483265302665725,-1.0,2.0,0.0,1.0,0.0,1,subject_47
-0.4483265302665725,-1.0,1.0,1.0,0.0,2.0,3,subject_47
-0.4483265302665725,-1.0,1.0,1.0,0.0,1.0,1,subject_47
-0.4483265302665725,-1.0,1.0,1.0,0.0,0.0,1,subject_47
-0.4483265302665725,-1.0,1.0,1.0,1.0,2.0,5,subject_47
-0.4483265302665725,-1.0,1.0,1.0,1.0,1.0,3,subject_47
-0.4483265302665725,-1.0,1.0,1.0,1.0,0.0,1,subject_47
-0.4483265302665725,-1.0,1.0,2.0,0.0,2.0,1,subject_47
-0.4483265302665725,-1.0,1.0,2.0,0.0,1.0,1,subject_47
-0.4483265302665725,-1.0,1.0,2.0,0.0,0.0,1,subject_47
-0.4483265302665725,-1.0,1.0,2.0,1.0,2.0,3,subject_47
-0.4483265302665725,-1.0,1.0,2.0,1.0,1.0,1,subject_47
-0.4483265302665725,-1.0,1.0,2.0,1.0,0.0,1,subject_47
-0.4483265302665725,-1.0,1.0,0.0,0.0,2.0,6,subject_47
-0.4483265302665725,-1.0,1.0,0.0,0.0,1.0,4,subject_47
-0.4483265302665725,-1.0,1.0,0.0,0.0,0.0,2,subject_47
-0.4483265302665725,-1.0,1.0,0.0,1.0,2.0,6,subject_47
-0.4483265302665725,-1.0,1.0,0.0,1.0,1.0,5,subject_47
-0.4483265302665725,-1.0,1.0,0.0,1.0,0.0,3,subject_47
-0.4483265302665725,-1.0,0.0,1.0,0.0,2.0,6,subject_47
-0.4483265302665725,-1.0,0.0,1.0,0.0,1.0,4,subject_47
-0.4483265302665725,-1.0,0.0,1.0,0.0,0.0,2,subject_47
-0.4483265302665725,-1.0,0.0,1.0,1.0,2.0,6,subject_47
-0.4483265302665725,-1.0,0.0,1.0,1.0,1.0,6,subject_47
-0.4483265302665725,-1.0,0.0,1.0,1.0,0.0,4,subject_47
-0.4483265302665725,-1.0,0.0,2.0,0.0,2.0,4,subject_47
-0.4483265302665725,-1.0,0.0,2.0,0.0,1.0,2,subject_47
-0.4483265302665725,-1.0,0.0,2.0,0.0,0.0,1,subject_47
-0.4483265302665725,-1.0,0.0,2.0,1.0,2.0,6,subject_47
-0.4483265302665725,-1.0,0.0,2.0,1.0,1.0,4,subject_47
-0.4483265302665725,-1.0,0.0,2.0,1.0,0.0,2,subject_47
-0.4483265302665725,-1.0,0.0,0.0,0.0,2.0,6,subject_47
-0.4483265302665725,-1.0,0.0,0.0,0.0,1.0,6,subject_47
-0.4483265302665725,-1.0,0.0,0.0,0.0,0.0,4,subject_47
-0.4483265302665725,-1.0,0.0,0.0,1.0,2.0,6,subject_47
-0.4483265302665725,-1.0,0.0,0.0,1.0,1.0,6,subject_47
-0.4483265302665725,-1.0,0.0,0.0,1.0,0.0,6,subject_47
-0.4483265302665725,1.0,2.0,1.0,0.0,2.0,1,subject_47
-0.4483265302665725,1.0,2.0,1.0,0.0,1.0,1,subject_47
-0.4483265302665725,1.0,2.0,1.0,0.0,0.0,1,subject_47
-0.4483265302665725,1.0,2.0,1.0,1.0,2.0,2,subject_47
-0.4483265302665725,1.0,2.0,1.0,1.0,1.0,1,subject_47
-0.4483265302665725,1.0,2.0,1.0,1.0,0.0,1,subject_47
-0.4483265302665725,1.0,2.0,2.0,0.0,2.0,1,subject_47
-0.4483265302665725,1.0,2.0,2.0,0.0,1.0,1,subject_47
-0.4483265302665725,1.0,2.0,2.0,0.0,0.0,1,subject_47
-0.4483265302665725,1.0,2.0,2.0,1.0,2.0,1,subject_47
-0.4483265302665725,1.0,2.0,2.0,1.0,1.0,1,subject_47
-0.4483265302665725,1.0,2.0,2.0,1.0,0.0,1,subject_47
-0.4483265302665725,1.0,2.0,0.0,0.0,2.0,3,subject_47
-0.4483265302665725,1.0,2.0,0.0,0.0,1.0,1,subject_47
-0.4483265302665725,1.0,2.0,0.0,0.0,0.0,1,subject_47
-0.4483265302665725,1.0,2.0,0.0,1.0,2.0,5,subject_47
-0.4483265302665725,1.0,2.0,0.0,1.0,1.0,2,subject_47
-0.4483265302665725,1.0,2.0,0.0,1.0,0.0,1,subject_47
-0.4483265302665725,1.0,1.0,1.0,0.0,2.0,3,subject_47
-0.4483265302665725,1.0,1.0,1.0,0.0,1.0,1,subject_47
-0.4483265302665725,1.0,1.0,1.0,0.0,0.0,1,subject_47
-0.4483265302665725,1.0,1.0,1.0,1.0,2.0,5,subject_47
-0.4483265302665725,1.0,1.0,1.0,1.0,1.0,3,subject_47
-0.4483265302665725,1.0,1.0,1.0,1.0,0.0,1,subject_47
-0.4483265302665725,1.0,1.0,2.0,0.0,2.0,1,subject_47
-0.4483265302665725,1.0,1.0,2.0,0.0,1.0,1,subject_47
-0.4483265302665725,1.0,1.0,2.0,0.0,0.0,1,subject_47
-0.4483265302665725,1.0,1.0,2.0,1.0,2.0,3,subject_47
-0.4483265302665725,1.0,1.0,2.0,1.0,1.0,1,subject_47
-0.4483265302665725,1.0,1.0,2.0,1.0,0.0,1,subject_47
-0.4483265302665725,1.0,1.0,0.0,0.0,2.0,5,subject_47
-0.4483265302665725,1.0,1.0,0.0,0.0,1.0,3,subject_47
-0.4483265302665725,1.0,1.0,0.0,0.0,0.0,1,subject_47
-0.4483265302665725,1.0,1.0,0.0,1.0,2.0,6,subject_47
-0.4483265302665725,1.0,1.0,0.0,1.0,1.0,5,subject_47
-0.4483265302665725,1.0,1.0,0.0,1.0,0.0,3,subject_47
-0.4483265302665725,1.0,0.0,1.0,0.0,2.0,5,subject_47
-0.4483265302665725,1.0,0.0,1.0,0.0,1.0,3,subject_47
-0.4483265302665725,1.0,0.0,1.0,0.0,0.0,1,subject_47
-0.4483265302665725,1.0,0.0,1.0,1.0,2.0,6,subject_47
-0.4483265302665725,1.0,0.0,1.0,1.0,1.0,5,subject_47
-0.4483265302665725,1.0,0.0,1.0,1.0,0.0,3,subject_47
-0.4483265302665725,1.0,0.0,2.0,0.0,2.0,3,subject_47
-0.4483265302665725,1.0,0.0,2.0,0.0,1.0,1,subject_47
-0.4483265302665725,1.0,0.0,2.0,0.0,0.0,1,subject_47
-0.4483265302665725,1.0,0.0,2.0,1.0,2.0,5,subject_47
-0.4483265302665725,1.0,0.0,2.0,1.0,1.0,3,subject_47
-0.4483265302665725,1.0,0.0,2.0,1.0,0.0,1,subject_47
-0.4483265302665725,1.0,0.0,0.0,0.0,2.0,6,subject_47
-0.4483265302665725,1.0,0.0,0.0,0.0,1.0,6,subject_47
-0.4483265302665725,1.0,0.0,0.0,0.0,0.0,4,subject_47
-0.4483265302665725,1.0,0.0,0.0,1.0,2.0,6,subject_47
-0.4483265302665725,1.0,0.0,0.0,1.0,1.0,6,subject_47
-0.4483265302665725,1.0,0.0,0.0,1.0,0.0,5,subject_47
1.3857365480966777,-1.0,2.0,1.0,0.0,2.0,1,subject_47
1.3857365480966777,-1.0,2.0,1.0,0.0,1.0,1,subject_47
1.3857365480966777,-1.0,2.0,1.0,0.0,0.0,1,subject_47
1.3857365480966777,-1.0,2.0,1.0,1.0,2.0,1,subject_47
1.3857365480966777,-1.0,2.0,1.0,1.0,1.0,1,subject_47
1.3857365480966777,-1.0,2.0,1.0,1.0,0.0,1,subject_47
1.3857365480966777,-1.0,2.0,2.0,0.0,2.0,1,subject_47
1.3857365480966777,-1.0,2.0,2.0,0.0,1.0,1,subject_47
1.3857365480966777,-1.0,2.0,2.0,0.0,0.0,1,subject_47
1.3857365480966777,-1.0,2.0,2.0,1.0,2.0,1,subject_47
1.3857365480966777,-1.0,2.0,2.0,1.0,1.0,1,subject_47
1.3857365480966777,-1.0,2.0,2.0,1.0,0.0,1,subject_47
1.3857365480966777,-1.0,2.0,0.0,0.0,2.0,1,subject_47
1.3857365480966777,-1.0,2.0,0.0,0.0,1.0,1,subject_47
1.3857365480966777,-1.0,2.0,0.0,0.0,0.0,1,subject_47
1.3857365480966777,-1.0,2.0,0.0,1.0,2.0,2,subject_47
1.3857365480966777,-1.0,2.0,0.0,1.0,1.0,1,subject_47
1.3857365480966777,-1.0,2.0,0.0,1.0,0.0,1,subject_47
1.3857365480966777,-1.0,1.0,1.0,0.0,2.0,1,subject_47
1.3857365480966777,-1.0,1.0,1.0,0.0,1.0,1,subject_47
1.3857365480966777,-1.0,1.0,1.0,0.0,0.0,1,subject_47
1.3857365480966777,-1.0,1.0,1.0,1.0,2.0,3,subject_47
1.3857365480966777,-1.0,1.0,1.0,1.0,1.0,1,subject_47
1.3857365480966777,-1.0,1.0,1.0,1.0,0.0,1,subject_47
1.3857365480966777,-1.0,1.0,2.0,0.0,2.0,1,subject_47
1.3857365480966777,-1.0,1.0,2.0,0.0,1.0,1,subject_47
1.3857365480966777,-1.0,1.0,2.0,0.0,0.0,1,subject_47
1.3857365480966777,-1.0,1.0,2.0,1.0,2.0,1,subject_47
1.3857365480966777,-1.0,1.0,2.0,1.0,1.0,1,subject_47
1.3857365480966777,-1.0,1.0,2.0,1.0,0.0,1,subject_47
1.3857365480966777,-1.0,1.0,0.0,0.0,2.0,3,subject_47
1.3857365480966777,-1.0,1.0,0.0,0.0,1.0,1,subject_47
1.3857365480966777,-1.0,1.0,0.0,0.0,0.0,1,subject_47
1.3857365480966777,-1.0,1.0,0.0,1.0,2.0,5,subject_47
1.3857365480966777,-1.0,1.0,0.0,1.0,1.0,3,subject_47
1.3857365480966777,-1.0,1.0,0.0,1.0,0.0,1,subject_47
1.3857365480966777,-1.0,0.0,1.0,0.0,2.0,3,subject_47
1.3857365480966777,-1.0,0.0,1.0,0.0,1.0,1,subject_47
1.3857365480966777,-1.0,0.0,1.0,0.0,0.0,1,subject_47
1.3857365480966777,-1.0,0.0,1.0,1.0,2.0,6,subject_47
1.3857365480966777,-1.0,0.0,1.0,1.0,1.0,3,subject_47
1.3857365480966777,-1.0,0.0,1.0,1.0,0.0,1,subject_47
1.3857365480966777,-1.0,0.0,2.0,0.0,2.0,1,subject_47
1.3857365480966777,-1.0,0.0,2.0,0.0,1.0,1,subject_47
1.3857365480966777,-1.0,0.0,2.0,0.0,0.0,1,subject_47
1.3857365480966777,-1.0,0.0,2.0,1.0,2.0,3,subject_47
1.3857365480966777,-1.0,0.0,2.0,1.0,1.0,1,subject_47
1.3857365480966777,-1.0,0.0,2.0,1.0,0.0,1,subject_47
1.3857365480966777,-1.0,0.0,0.0,0.0,2.0,6,subject_47
1.3857365480966777,-1.0,0.0,0.0,0.0,1.0,4,subject_47
1.3857365480966777,-1.0,0.0,0.0,0.0,0.0,2,subject_47
1.3857365480966777,-1.0,0.0,0.0,1.0,2.0,6,subject_47
1.3857365480966777,-1.0,0.0,0.0,1.0,1.0,6,subject_47
1.3857365480966777,-1.0,0.0,0.0,1.0,0.0,3,subject_47
1.3857365480966777,1.0,2.0,1.0,0.0,2.0,1,subject_47
1.3857365480966777,1.0,2.0,1.0,0.0,1.0,1,subject_47
1.3857365480966777,1.0,2.0,1.0,0.0,0.0,1,subject_47
1.3857365480966777,1.0,2.0,1.0,1.0,2.0,3,subject_47
1.3857365480966777,1.0,2.0,1.0,1.0,1.0,1,subject_47
1.3857365480966777,1.0,2.0,1.0,1.0,0.0,1,subject_47
1.3857365480966777,1.0,2.0,2.0,0.0,2.0,1,subject_47
1.3857365480966777,1.0,2.0,2.0,0.0,1.0,1,subject_47
1.3857365480966777,1.0,2.0,2.0,0.0,0.0,1,subject_47
1.3857365480966777,1.0,2.0,2.0,1.0,2.0,1,subject_47
1.3857365480966777,1.0,2.0,2.0,1.0,1.0,1,subject_47
1.3857365480966777,1.0,2.0,2.0,1.0,0.0,1,subject_47
1.3857365480966777,1.0,2.0,0.0,0.0,2.0,3,subject_47
1.3857365480966777,1.0,2.0,0.0,0.0,1.0,1,subject_47
1.3857365480966777,1.0,2.0,0.0,0.0,0.0,1,subject_47
1.3857365480966777,1.0,2.0,0.0,1.0,2.0,5,subject_47
1.3857365480966777,1.0,2.0,0.0,1.0,1.0,3,subject_47
1.3857365480966777,1.0,2.0,0.0,1.0,0.0,1,subject_47
1.3857365480966777,1.0,1.0,1.0,0.0,2.0,4,subject_47
1.3857365480966777,1.0,1.0,1.0,0.0,1.0,1,subject_47
1.3857365480966777,1.0,1.0,1.0,0.0,0.0,1,subject_47
1.3857365480966777,1.0,1.0,1.0,1.0,2.0,6,subject_47
1.3857365480966777,1.0,1.0,1.0,1.0,1.0,3,subject_47
1.3857365480966777,1.0,1.0,1.0,1.0,0.0,1,subject_47
1.3857365480966777,1.0,1.0,2.0,0.0,2.0,1,subject_47
1.3857365480966777,1.0,1.0,2.0,0.0,1.0,1,subject_47
1.3857365480966777,1.0,1.0,2.0,0.0,0.0,1,subject_47
1.3857365480966777,1.0,1.0,2.0,1.0,2.0,3,subject_47
1.3857365480966777,1.0,1.0,2.0,1.0,1.0,1,subject_47
1.3857365480966777,1.0,1.0,2.0,1.0,0.0,1,subject_47
1.3857365480966777,1.0,1.0,0.0,0.0,2.0,6,subject_47
1.3857365480966777,1.0,1.0,0.0,0.0,1.0,4,subject_47
1.3857365480966777,1.0,1.0,0.0,0.0,0.0,2,subject_47
1.3857365480966777,1.0,1.0,0.0,1.0,2.0,6,subject_47
1.3857365480966777,1.0,1.0,0.0,1.0,1.0,6,subject_47
1.3857365480966777,1.0,1.0,0.0,1.0,0.0,3,subject_47
1.3857365480966777,1.0,0.0,1.0,0.0,2.0,6,subject_47
1.3857365480966777,1.0,0.0,1.0,0.0,1.0,4,subject_47
1.3857365480966777,1.0,0.0,1.0,0.0,0.0,2,subject_47
1.3857365480966777,1.0,0.0,1.0,1.0,2.0,6,subject_47
1.3857365480966777,1.0,0.0,1.0,1.0,1.0,6,subject_47
1.3857365480966777,1.0,0.0,1.0,1.0,0.0,4,subject_47
1.3857365480966777,1.0,0.0,2.0,0.0,2.0,4,subject_47
1.3857365480966777,1.0,0.0,2.0,0.0,1.0,2,subject_47
1.3857365480966777,1.0,0.0,2.0,0.0,0.0,1,subject_47
1.3857365480966777,1.0,0.0,2.0,1.0,2.0,6,subject_47
1.3857365480966777,1.0,0.0,2.0,1.0,1.0,4,subject_47
1.3857365480966777,1.0,0.0,2.0,1.0,0.0,2,subject_47
1.3857365480966777,1.0,0.0,0.0,0.0,2.0,6,subject_47
1.3857365480966777,1.0,0.0,0.0,0.0,1.0,6,subject_47
1.3857365480966777,1.0,0.0,0.0,0.0,0.0,4,subject_47
1.3857365480966777,1.0,0.0,0.0,1.0,2.0,6,subject_47
1.3857365480966777,1.0,0.0,0.0,1.0,1.0,6,subject_47
1.3857365480966777,1.0,0.0,0.0,1.0,0.0,6,subject_47
-0.937410017830106,-1.0,2.0,1.0,0.0,2.0,3,subject_48
-0.937410017830106,-1.0,2.0,1.0,0.0,1.0,1,subject_48
-0.937410017830106,-1.0,2.0,1.0,0.0,0.0,1,subject_48
-0.937410017830106,-1.0,2.0,1.0,1.0,2.0,5,subject_48
-0.937410017830106,-1.0,2.0,1.0,1.0,1.0,3,subject_48
-0.937410017830106,-1.0,2.0,1.0,1.0,0.0,1,subject_48
-0.937410017830106,-1.0,2.0,2.0,0.0,2.0,1,subject_48
-0.937410017830106,-1.0,2.0,2.0,0.0,1.0,1,subject_48
-0.937410017830106,-1.0,2.0,2.0,0.0,0.0,1,subject_48
-0.937410017830106,-1.0,2.0,2.0,1.0,2.0,3,subject_48
-0.937410017830106,-1.0,2.0,2.0,1.0,1.0,1,subject_48
-0.937410017830106,-1.0,2.0,2.0,1.0,0.0,1,subject_48
-0.937410017830106,-1.0,2.0,0.0,0.0,2.0,5,subject_48
-0.937410017830106,-1.0,2.0,0.0,0.0,1.0,3,subject_48
-0.937410017830106,-1.0,2.0,0.0,0.0,0.0,1,subject_48
-0.937410017830106,-1.0,2.0,0.0,1.0,2.0,6,subject_48
-0.937410017830106,-1.0,2.0,0.0,1.0,1.0,5,subject_48
-0.937410017830106,-1.0,2.0,0.0,1.0,0.0,2,subject_48
-0.937410017830106,-1.0,1.0,1.0,0.0,2.0,5,subject_48
-0.937410017830106,-1.0,1.0,1.0,0.0,1.0,3,subject_48
-0.937410017830106,-1.0,1.0,1.0,0.0,0.0,1,subject_48
-0.937410017830106,-1.0,1.0,1.0,1.0,2.0,6,subject_48
-0.937410017830106,-1.0,1.0,1.0,1.0,1.0,5,subject_48
-0.937410017830106,-1.0,1.0,1.0,1.0,0.0,2,subject_48
-0.937410017830106,-1.0,1.0,2.0,0.0,2.0,3,subject_48
-0.937410017830106,-1.0,1.0,2.0,0.0,1.0,1,subject_48
-0.937410017830106,-1.0,1.0,2.0,0.0,0.0,1,subject_48
-0.937410017830106,-1.0,1.0,2.0,1.0,2.0,5,subject_48
-0.937410017830106,-1.0,1.0,2.0,1.0,1.0,3,subject_48
-0.937410017830106,-1.0,1.0,2.0,1.0,0.0,1,subject_48
-0.937410017830106,-1.0,1.0,0.0,0.0,2.0,6,subject_48
-0.937410017830106,-1.0,1.0,0.0,0.0,1.0,5,subject_48
-0.937410017830106,-1.0,1.0,0.0,0.0,0.0,2,subject_48
-0.937410017830106,-1.0,1.0,0.0,1.0,2.0,6,subject_48
-0.937410017830106,-1.0,1.0,0.0,1.0,1.0,6,subject_48
-0.937410017830106,-1.0,1.0,0.0,1.0,0.0,5,subject_48
-0.937410017830106,-1.0,0.0,1.0,0.0,2.0,6,subject_48
-0.937410017830106,-1.0,0.0,1.0,0.0,1.0,5,subject_48
-0.937410017830106,-1.0,0.0,1.0,0.0,0.0,2,subject_48
-0.937410017830106,-1.0,0.0,1.0,1.0,2.0,6,subject_48
-0.937410017830106,-1.0,0.0,1.0,1.0,1.0,6,subject_48
-0.937410017830106,-1.0,0.0,1.0,1.0,0.0,5,subject_48
-0.937410017830106,-1.0,0.0,2.0,0.0,2.0,5,subject_48
-0.937410017830106,-1.0,0.0,2.0,0.0,1.0,3,subject_48
-0.937410017830106,-1.0,0.0,2.0,0.0,0.0,1,subject_48
-0.937410017830106,-1.0,0.0,2.0,1.0,2.0,6,subject_48
-0.937410017830106,-1.0,0.0,2.0,1.0,1.0,5,subject_48
-0.937410017830106,-1.0,0.0,2.0,1.0,0.0,2,subject_48
-0.937410017830106,-1.0,0.0,0.0,0.0,2.0,6,subject_48
-0.937410017830106,-1.0,0.0,0.0,0.0,1.0,6,subject_48
-0.937410017830106,-1.0,0.0,0.0,0.0,0.0,5,subject_48
-0.937410017830106,-1.0,0.0,0.0,1.0,2.0,6,subject_48
-0.937410017830106,-1.0,0.0,0.0,1.0,1.0,6,subject_48
-0.937410017830106,-1.0,0.0,0.0,1.0,0.0,6,subject_48
-0.937410017830106,1.0,2.0,1.0,0.0,2.0,2,subject_48
-0.937410017830106,1.0,2.0,1.0,0.0,1.0,1,subject_48
-0.937410017830106,1.0,2.0,1.0,0.0,0.0,1,subject_48
-0.937410017830106,1.0,2.0,1.0,1.0,2.0,5,subject_48
-0.937410017830106,1.0,2.0,1.0,1.0,1.0,2,subject_48
-0.937410017830106,1.0,2.0,1.0,1.0,0.0,1,subject_48
-0.937410017830106,1.0,2.0,2.0,0.0,2.0,1,subject_48
-0.937410017830106,1.0,2.0,2.0,0.0,1.0,1,subject_48
-0.937410017830106,1.0,2.0,2.0,0.0,0.0,1,subject_48
-0.937410017830106,1.0,2.0,2.0,1.0,2.0,2,subject_48
-0.937410017830106,1.0,2.0,2.0,1.0,1.0,1,subject_48
-0.937410017830106,1.0,2.0,2.0,1.0,0.0,1,subject_48
-0.937410017830106,1.0,2.0,0.0,0.0,2.0,4,subject_48
-0.937410017830106,1.0,2.0,0.0,0.0,1.0,2,subject_48
-0.937410017830106,1.0,2.0,0.0,0.0,0.0,1,subject_48
-0.937410017830106,1.0,2.0,0.0,1.0,2.0,6,subject_48
-0.937410017830106,1.0,2.0,0.0,1.0,1.0,4,subject_48
-0.937410017830106,1.0,2.0,0.0,1.0,0.0,2,subject_48
-0.937410017830106,1.0,1.0,1.0,0.0,2.0,4,subject_48
-0.937410017830106,1.0,1.0,1.0,0.0,1.0,2,subject_48
-0.937410017830106,1.0,1.0,1.0,0.0,0.0,1,subject_48
-0.937410017830106,1.0,1.0,1.0,1.0,2.0,6,subject_48
-0.937410017830106,1.0,1.0,1.0,1.0,1.0,4,subject_48
-0.937410017830106,1.0,1.0,1.0,1.0,0.0,2,subject_48
-0.937410017830106,1.0,1.0,2.0,0.0,2.0,2,subject_48
-0.937410017830106,1.0,1.0,2.0,0.0,1.0,1,subject_48
-0.937410017830106,1.0,1.0,2.0,0.0,0.0,1,subject_48
-0.937410017830106,1.0,1.0,2.0,1.0,2.0,5,subject_48
-0.937410017830106,1.0,1.0,2.0,1.0,1.0,2,subject_48
-0.937410017830106,1.0,1.0,2.0,1.0,0.0,1,subject_48
-0.937410017830106,1.0,1.0,0.0,0.0,2.0,6,subject_48
-0.937410017830106,1.0,1.0,0.0,0.0,1.0,4,subject_48
-0.937410017830106,1.0,1.0,0.0,0.0,0.0,2,subject_48
-0.937410017830106,1.0,1.0,0.0,1.0,2.0,6,subject_48
-0.937410017830106,1.0,1.0,0.0,1.0,1.0,6,subject_48
-0.937410017830106,1.0,1.0,0.0,1.0,0.0,4,subject_48
-0.937410017830106,1.0,0.0,1.0,0.0,2.0,6,subject_48
-0.937410017830106,1.0,0.0,1.0,0.0,1.0,4,subject_48
-0.937410017830106,1.0,0.0,1.0,0.0,0.0,2,subject_48
-0.937410017830106,1.0,0.0,1.0,1.0,2.0,6,subject_48
-0.937410017830106,1.0,0.0,1.0,1.0,1.0,6,subject_48
-0.937410017830106,1.0,0.0,1.0,1.0,0.0,4,subject_48
-0.937410017830106,1.0,0.0,2.0,0.0,2.0,4,subject_48
-0.937410017830106,1.0,0.0,2.0,0.0,1.0,2,subject_48
-0.937410017830106,1.0,0.0,2.0,0.0,0.0,1,subject_48
-0.937410017830106,1.0,0.0,2.0,1.0,2.0,6,subject_48
-0.937410017830106,1.0,0.0,2.0,1.0,1.0,4,subject_48
-0.937410017830106,1.0,0.0,2.0,1.0,0.0,2,subject_48
-0.937410017830106,1.0,0.0,0.0,0.0,2.0,6,subject_48
-0.937410017830106,1.0,0.0,0.0,0.0,1.0,6,subject_48
-0.937410017830106,1.0,0.0,0.0,0.0,0.0,4,subject_48
-0.937410017830106,1.0,0.0,0.0,1.0,2.0,6,subject_48
-0.937410017830106,1.0,0.0,0.0,1.0,1.0,6,subject_48
-0.937410017830106,1.0,0.0,0.0,1.0,0.0,5,subject_48
-0.4483265302665725,-1.0,2.0,1.0,0.0,2.0,2,subject_48
-0.4483265302665725,-1.0,2.0,1.0,0.0,1.0,1,subject_48
-0.4483265302665725,-1.0,2.0,1.0,0.0,0.0,1,subject_48
-0.4483265302665725,-1.0,2.0,1.0,1.0,2.0,5,subject_48
-0.4483265302665725,-1.0,2.0,1.0,1.0,1.0,2,subject_48
-0.4483265302665725,-1.0,2.0,1.0,1.0,0.0,1,subject_48
-0.4483265302665725,-1.0,2.0,2.0,0.0,2.0,1,subject_48
-0.4483265302665725,-1.0,2.0,2.0,0.0,1.0,1,subject_48
-0.4483265302665725,-1.0,2.0,2.0,0.0,0.0,1,subject_48
-0.4483265302665725,-1.0,2.0,2.0,1.0,2.0,2,subject_48
-0.4483265302665725,-1.0,2.0,2.0,1.0,1.0,1,subject_48
-0.4483265302665725,-1.0,2.0,2.0,1.0,0.0,1,subject_48
-0.4483265302665725,-1.0,2.0,0.0,0.0,2.0,5,subject_48
-0.4483265302665725,-1.0,2.0,0.0,0.0,1.0,2,subject_48
-0.4483265302665725,-1.0,2.0,0.0,0.0,0.0,1,subject_48
-0.4483265302665725,-1.0,2.0,0.0,1.0,2.0,6,subject_48
-0.4483265302665725,-1.0,2.0,0.0,1.0,1.0,4,subject_48
-0.4483265302665725,-1.0,2.0,0.0,1.0,0.0,2,subject_48
-0.4483265302665725,-1.0,1.0,1.0,0.0,2.0,5,subject_48
-0.4483265302665725,-1.0,1.0,1.0,0.0,1.0,2,subject_48
-0.4483265302665725,-1.0,1.0,1.0,0.0,0.0,1,subject_48
-0.4483265302665725,-1.0,1.0,1.0,1.0,2.0,6,subject_48
-0.4483265302665725,-1.0,1.0,1.0,1.0,1.0,4,subject_48
-0.4483265302665725,-1.0,1.0,1.0,1.0,0.0,2,subject_48
-0.4483265302665725,-1.0,1.0,2.0,0.0,2.0,2,subject_48
-0.4483265302665725,-1.0,1.0,2.0,0.0,1.0,1,subject_48
-0.4483265302665725,-1.0,1.0,2.0,0.0,0.0,1,subject_48
-0.4483265302665725,-1.0,1.0,2.0,1.0,2.0,5,subject_48
-0.4483265302665725,-1.0,1.0,2.0,1.0,1.0,2,subject_48
-0.4483265302665725,-1.0,1.0,2.0,1.0,0.0,1,subject_48
-0.4483265302665725,-1.0,1.0,0.0,0.0,2.0,6,subject_48
-0.4483265302665725,-1.0,1.0,0.0,0.0,1.0,4,subject_48
-0.4483265302665725,-1.0,1.0,0.0,0.0,0.0,2,subject_48
-0.4483265302665725,-1.0,1.0,0.0,1.0,2.0,6,subject_48
-0.4483265302665725,-1.0,1.0,0.0,1.0,1.0,6,subject_48
-0.4483265302665725,-1.0,1.0,0.0,1.0,0.0,4,subject_48
-0.4483265302665725,-1.0,0.0,1.0,0.0,2.0,6,subject_48
-0.4483265302665725,-1.0,0.0,1.0,0.0,1.0,4,subject_48
-0.4483265302665725,-1.0,0.0,1.0,0.0,0.0,2,subject_48
-0.4483265302665725,-1.0,0.0,1.0,1.0,2.0,6,subject_48
-0.4483265302665725,-1.0,0.0,1.0,1.0,1.0,6,subject_48
-0.4483265302665725,-1.0,0.0,1.0,1.0,0.0,4,subject_48
-0.4483265302665725,-1.0,0.0,2.0,0.0,2.0,5,subject_48
-0.4483265302665725,-1.0,0.0,2.0,0.0,1.0,2,subject_48
-0.4483265302665725,-1.0,0.0,2.0,0.0,0.0,1,subject_48
-0.4483265302665725,-1.0,0.0,2.0,1.0,2.0,6,subject_48
-0.4483265302665725,-1.0,0.0,2.0,1.0,1.0,4,subject_48
-0.4483265302665725,-1.0,0.0,2.0,1.0,0.0,2,subject_48
-0.4483265302665725,-1.0,0.0,0.0,0.0,2.0,6,subject_48
-0.4483265302665725,-1.0,0.0,0.0,0.0,1.0,6,subject_48
-0.4483265302665725,-1.0,0.0,0.0,0.0,0.0,4,subject_48
-0.4483265302665725,-1.0,0.0,0.0,1.0,2.0,6,subject_48
-0.4483265302665725,-1.0,0.0,0.0,1.0,1.0,6,subject_48
-0.4483265302665725,-1.0,0.0,0.0,1.0,0.0,6,subject_48
-0.4483265302665725,1.0,2.0,1.0,0.0,2.0,2,subject_48
-0.4483265302665725,1.0,2.0,1.0,0.0,1.0,1,subject_48
-0.4483265302665725,1.0,2.0,1.0,0.0,0.0,1,subject_48
-0.4483265302665725,1.0,2.0,1.0,1.0,2.0,5,subject_48
-0.4483265302665725,1.0,2.0,1.0,1.0,1.0,2,subject_48
-0.4483265302665725,1.0,2.0,1.0,1.0,0.0,1,subject_48
-0.4483265302665725,1.0,2.0,2.0,0.0,2.0,1,subject_48
-0.4483265302665725,1.0,2.0,2.0,0.0,1.0,1,subject_48
-0.4483265302665725,1.0,2.0,2.0,0.0,0.0,1,subject_48
-0.4483265302665725,1.0,2.0,2.0,1.0,2.0,2,subject_48
-0.4483265302665725,1.0,2.0,2.0,1.0,1.0,1,subject_48
-0.4483265302665725,1.0,2.0,2.0,1.0,0.0,1,subject_48
-0.4483265302665725,1.0,2.0,0.0,0.0,2.0,5,subject_48
-0.4483265302665725,1.0,2.0,0.0,0.0,1.0,2,subject_48
-0.4483265302665725,1.0,2.0,0.0,0.0,0.0,1,subject_48
-0.4483265302665725,1.0,2.0,0.0,1.0,2.0,6,subject_48
-0.4483265302665725,1.0,2.0,0.0,1.0,1.0,4,subject_48
-0.4483265302665725,1.0,2.0,0.0,1.0,0.0,2,subject_48
-0.4483265302665725,1.0,1.0,1.0,0.0,2.0,5,subject_48
-0.4483265302665725,1.0,1.0,1.0,0.0,1.0,2,subject_48
-0.4483265302665725,1.0,1.0,1.0,0.0,0.0,1,subject_48
-0.4483265302665725,1.0,1.0,1.0,1.0,2.0,6,subject_48
-0.4483265302665725,1.0,1.0,1.0,1.0,1.0,4,subject_48
-0.4483265302665725,1.0,1.0,1.0,1.0,0.0,2,subject_48
-0.4483265302665725,1.0,1.0,2.0,0.0,2.0,2,subject_48
-0.4483265302665725,1.0,1.0,2.0,0.0,1.0,1,subject_48
-0.4483265302665725,1.0,1.0,2.0,0.0,0.0,1,subject_48
-0.4483265302665725,1.0,1.0,2.0,1.0,2.0,5,subject_48
-0.4483265302665725,1.0,1.0,2.0,1.0,1.0,2,subject_48
-0.4483265302665725,1.0,1.0,2.0,1.0,0.0,1,subject_48
-0.4483265302665725,1.0,1.0,0.0,0.0,2.0,6,subject_48
-0.4483265302665725,1.0,1.0,0.0,0.0,1.0,4,subject_48
-0.4483265302665725,1.0,1.0,0.0,0.0,0.0,2,subject_48
-0.4483265302665725,1.0,1.0,0.0,1.0,2.0,6,subject_48
-0.4483265302665725,1.0,1.0,0.0,1.0,1.0,6,subject_48
-0.4483265302665725,1.0,1.0,0.0,1.0,0.0,4,subject_48
-0.4483265302665725,1.0,0.0,1.0,0.0,2.0,6,subject_48
-0.4483265302665725,1.0,0.0,1.0,0.0,1.0,4,subject_48
-0.4483265302665725,1.0,0.0,1.0,0.0,0.0,2,subject_48
-0.4483265302665725,1.0,0.0,1.0,1.0,2.0,6,subject_48
-0.4483265302665725,1.0,0.0,1.0,1.0,1.0,6,subject_48
-0.4483265302665725,1.0,0.0,1.0,1.0,0.0,4,subject_48
-0.4483265302665725,1.0,0.0,2.0,0.0,2.0,5,subject_48
-0.4483265302665725,1.0,0.0,2.0,0.0,1.0,2,subject_48
-0.4483265302665725,1.0,0.0,2.0,0.0,0.0,1,subject_48
-0.4483265302665725,1.0,0.0,2.0,1.0,2.0,6,subject_48
-0.4483265302665725,1.0,0.0,2.0,1.0,1.0,4,subject_48
-0.4483265302665725,1.0,0.0,2.0,1.0,0.0,2,subject_48
-0.4483265302665725,1.0,0.0,0.0,0.0,2.0,6,subject_48
-0.4483265302665725,1.0,0.0,0.0,0.0,1.0,6,subject_48
-0.4483265302665725,1.0,0.0,0.0,0.0,0.0,4,subject_48
-0.4483265302665725,1.0,0.0,0.0,1.0,2.0,6,subject_48
-0.4483265302665725,1.0,0.0,0.0,1.0,1.0,6,subject_48
-0.4483265302665725,1.0,0.0,0.0,1.0,0.0,6,subject_48
1.3857365480966777,-1.0,2.0,1.0,0.0,2.0,1,subject_48
1.3857365480966777,-1.0,2.0,1.0,0.0,1.0,1,subject_48
1.3857365480966777,-1.0,2.0,1.0,0.0,0.0,1,subject_48
1.3857365480966777,-1.0,2.0,1.0,1.0,2.0,2,subject_48
1.3857365480966777,-1.0,2.0,1.0,1.0,1.0,1,subject_48
1.3857365480966777,-1.0,2.0,1.0,1.0,0.0,1,subject_48
1.3857365480966777,-1.0,2.0,2.0,0.0,2.0,1,subject_48
1.3857365480966777,-1.0,2.0,2.0,0.0,1.0,1,subject_48
1.3857365480966777,-1.0,2.0,2.0,0.0,0.0,1,subject_48
1.3857365480966777,-1.0,2.0,2.0,1.0,2.0,1,subject_48
1.3857365480966777,-1.0,2.0,2.0,1.0,1.0,1,subject_48
1.3857365480966777,-1.0,2.0,2.0,1.0,0.0,1,subject_48
1.3857365480966777,-1.0,2.0,0.0,0.0,2.0,2,subject_48
1.3857365480966777,-1.0,2.0,0.0,0.0,1.0,1,subject_48
1.3857365480966777,-1.0,2.0,0.0,0.0,0.0,1,subject_48
1.3857365480966777,-1.0,2.0,0.0,1.0,2.0,4,subject_48
1.3857365480966777,-1.0,2.0,0.0,1.0,1.0,2,subject_48
1.3857365480966777,-1.0,2.0,0.0,1.0,0.0,1,subject_48
1.3857365480966777,-1.0,1.0,1.0,0.0,2.0,2,subject_48
1.3857365480966777,-1.0,1.0,1.0,0.0,1.0,1,subject_48
1.3857365480966777,-1.0,1.0,1.0,0.0,0.0,1,subject_48
1.3857365480966777,-1.0,1.0,1.0,1.0,2.0,4,subject_48
1.3857365480966777,-1.0,1.0,1.0,1.0,1.0,2,subject_48
1.3857365480966777,-1.0,1.0,1.0,1.0,0.0,1,subject_48
1.3857365480966777,-1.0,1.0,2.0,0.0,2.0,1,subject_48
1.3857365480966777,-1.0,1.0,2.0,0.0,1.0,1,subject_48
1.3857365480966777,-1.0,1.0,2.0,0.0,0.0,1,subject_48
1.3857365480966777,-1.0,1.0,2.0,1.0,2.0,2,subject_48
1.3857365480966777,-1.0,1.0,2.0,1.0,1.0,1,subject_48
1.3857365480966777,-1.0,1.0,2.0,1.0,0.0,1,subject_48
1.3857365480966777,-1.0,1.0,0.0,0.0,2.0,4,subject_48
1.3857365480966777,-1.0,1.0,0.0,0.0,1.0,2,subject_48
1.3857365480966777,-1.0,1.0,0.0,0.0,0.0,1,subject_48
1.3857365480966777,-1.0,1.0,0.0,1.0,2.0,6,subject_48
1.3857365480966777,-1.0,1.0,0.0,1.0,1.0,3,subject_48
1.3857365480966777,-1.0,1.0,0.0,1.0,0.0,1,subject_48
1.3857365480966777,-1.0,0.0,1.0,0.0,2.0,4,subject_48
1.3857365480966777,-1.0,0.0,1.0,0.0,1.0,2,subject_48
1.3857365480966777,-1.0,0.0,1.0,0.0,0.0,1,subject_48
1.3857365480966777,-1.0,0.0,1.0,1.0,2.0,6,subject_48
1.3857365480966777,-1.0,0.0,1.0,1.0,1.0,4,subject_48
1.3857365480966777,-1.0,0.0,1.0,1.0,0.0,1,subject_48
1.3857365480966777,-1.0,0.0,2.0,0.0,2.0,2,subject_48
1.3857365480966777,-1.0,0.0,2.0,0.0,1.0,1,subject_48
1.3857365480966777,-1.0,0.0,2.0,0.0,0.0,1,subject_48
1.3857365480966777,-1.0,0.0,2.0,1.0,2.0,4,subject_48
1.3857365480966777,-1.0,0.0,2.0,1.0,1.0,2,subject_48
1.3857365480966777,-1.0,0.0,2.0,1.0,0.0,1,subject_48
1.3857365480966777,-1.0,0.0,0.0,0.0,2.0,6,subject_48
1.3857365480966777,-1.0,0.0,0.0,0.0,1.0,4,subject_48
1.3857365480966777,-1.0,0.0,0.0,0.0,0.0,1,subject_48
1.3857365480966777,-1.0,0.0,0.0,1.0,2.0,6,subject_48
1.3857365480966777,-1.0,0.0,0.0,1.0,1.0,5,subject_48
1.3857365480966777,-1.0,0.0,0.0,1.0,0.0,3,subject_48
1.3857365480966777,1.0,2.0,1.0,0.0,2.0,3,subject_48
1.3857365480966777,1.0,2.0,1.0,0.0,1.0,1,subject_48
1.3857365480966777,1.0,2.0,1.0,0.0,0.0,1,subject_48
1.3857365480966777,1.0,2.0,1.0,1.0,2.0,5,subject_48
1.3857365480966777,1.0,2.0,1.0,1.0,1.0,2,subject_48
1.3857365480966777,1.0,2.0,1.0,1.0,0.0,1,subject_48
1.3857365480966777,1.0,2.0,2.0,0.0,2.0,1,subject_48
1.3857365480966777,1.0,2.0,2.0,0.0,1.0,1,subject_48
1.3857365480966777,1.0,2.0,2.0,0.0,0.0,1,subject_48
1.3857365480966777,1.0,2.0,2.0,1.0,2.0,3,subject_48
1.3857365480966777,1.0,2.0,2.0,1.0,1.0,1,subject_48
1.3857365480966777,1.0,2.0,2.0,1.0,0.0,1,subject_48
1.3857365480966777,1.0,2.0,0.0,0.0,2.0,5,subject_48
1.3857365480966777,1.0,2.0,0.0,0.0,1.0,2,subject_48
1.3857365480966777,1.0,2.0,0.0,0.0,0.0,1,subject_48
1.3857365480966777,1.0,2.0,0.0,1.0,2.0,6,subject_48
1.3857365480966777,1.0,2.0,0.0,1.0,1.0,5,subject_48
1.3857365480966777,1.0,2.0,0.0,1.0,0.0,2,subject_48
1.3857365480966777,1.0,1.0,1.0,0.0,2.0,5,subject_48
1.3857365480966777,1.0,1.0,1.0,0.0,1.0,2,subject_48
1.3857365480966777,1.0,1.0,1.0,0.0,0.0,1,subject_48
1.3857365480966777,1.0,1.0,1.0,1.0,2.0,6,subject_48
1.3857365480966777,1.0,1.0,1.0,1.0,1.0,5,subject_48
1.3857365480966777,1.0,1.0,1.0,1.0,0.0,2,subject_48
1.3857365480966777,1.0,1.0,2.0,0.0,2.0,3,subject_48
1.3857365480966777,1.0,1.0,2.0,0.0,1.0,1,subject_48
1.3857365480966777,1.0,1.0,2.0,0.0,0.0,1,subject_48
1.3857365480966777,1.0,1.0,2.0,1.0,2.0,5,subject_48
1.3857365480966777,1.0,1.0,2.0,1.0,1.0,2,subject_48
1.3857365480966777,1.0,1.0,2.0,1.0,0.0,1,subject_48
1.3857365480966777,1.0,1.0,0.0,0.0,2.0,6,subject_48
1.3857365480966777,1.0,1.0,0.0,0.0,1.0,5,subject_48
1.3857365480966777,1.0,1.0,0.0,0.0,0.0,2,subject_48
1.3857365480966777,1.0,1.0,0.0,1.0,2.0,6,subject_48
1.3857365480966777,1.0,1.0,0.0,1.0,1.0,6,subject_48
1.3857365480966777,1.0,1.0,0.0,1.0,0.0,4,subject_48
1.3857365480966777,1.0,0.0,1.0,0.0,2.0,6,subject_48
1.3857365480966777,1.0,0.0,1.0,0.0,1.0,5,subject_48
1.3857365480966777,1.0,0.0,1.0,0.0,0.0,2,subject_48
1.3857365480966777,1.0,0.0,1.0,1.0,2.0,6,subject_48
1.3857365480966777,1.0,0.0,1.0,1.0,1.0,6,subject_48
1.3857365480966777,1.0,0.0,1.0,1.0,0.0,4,subject_48
1.3857365480966777,1.0,0.0,2.0,0.0,2.0,5,subject_48
1.3857365480966777,1.0,0.0,2.0,0.0,1.0,2,subject_48
1.3857365480966777,1.0,0.0,2.0,0.0,0.0,1,subject_48
1.3857365480966777,1.0,0.0,2.0,1.0,2.0,6,subject_48
1.3857365480966777,1.0,0.0,2.0,1.0,1.0,5,subject_48
1.3857365480966777,1.0,0.0,2.0,1.0,0.0,2,subject_48
1.3857365480966777,1.0,0.0,0.0,0.0,2.0,6,subject_48
1.3857365480966777,1.0,0.0,0.0,0.0,1.0,6,subject_48
1.3857365480966777,1.0,0.0,0.0,0.0,0.0,4,subject_48
1.3857365480966777,1.0,0.0,0.0,1.0,2.0,6,subject_48
1.3857365480966777,1.0,0.0,0.0,1.0,1.0,6,subject_48
1.3857365480966777,1.0,0.0,0.0,1.0,0.0,6,subject_48
-0.937410017830106,-1.0,2.0,1.0,0.0,2.0,2,subject_49
-0.937410017830106,-1.0,2.0,1.0,0.0,1.0,1,subject_49
-0.937410017830106,-1.0,2.0,1.0,0.0,0.0,1,subject_49
-0.937410017830106,-1.0,2.0,1.0,1.0,2.0,3,subject_49
-0.937410017830106,-1.0,2.0,1.0,1.0,1.0,2,subject_49
-0.937410017830106,-1.0,2.0,1.0,1.0,0.0,1,subject_49
-0.937410017830106,-1.0,2.0,2.0,0.0,2.0,1,subject_49
-0.937410017830106,-1.0,2.0,2.0,0.0,1.0,1,subject_49
-0.937410017830106,-1.0,2.0,2.0,0.0,0.0,1,subject_49
-0.937410017830106,-1.0,2.0,2.0,1.0,2.0,1,subject_49
-0.937410017830106,-1.0,2.0,2.0,1.0,1.0,1,subject_49
-0.937410017830106,-1.0,2.0,2.0,1.0,0.0,1,subject_49
-0.937410017830106,-1.0,2.0,0.0,0.0,2.0,5,subject_49
-0.937410017830106,-1.0,2.0,0.0,0.0,1.0,3,subject_49
-0.937410017830106,-1.0,2.0,0.0,0.0,0.0,2,subject_49
-0.937410017830106,-1.0,2.0,0.0,1.0,2.0,6,subject_49
-0.937410017830106,-1.0,2.0,0.0,1.0,1.0,4,subject_49
-0.937410017830106,-1.0,2.0,0.0,1.0,0.0,2,subject_49
-0.937410017830106,-1.0,1.0,1.0,0.0,2.0,4,subject_49
-0.937410017830106,-1.0,1.0,1.0,0.0,1.0,2,subject_49
-0.937410017830106,-1.0,1.0,1.0,0.0,0.0,1,subject_49
-0.937410017830106,-1.0,1.0,1.0,1.0,2.0,5,subject_49
-0.937410017830106,-1.0,1.0,1.0,1.0,1.0,3,subject_49
-0.937410017830106,-1.0,1.0,1.0,1.0,0.0,2,subject_49
-0.937410017830106,-1.0,1.0,2.0,0.0,2.0,1,subject_49
-0.937410017830106,-1.0,1.0,2.0,0.0,1.0,1,subject_49
-0.937410017830106,-1.0,1.0,2.0,0.0,0.0,1,subject_49
-0.937410017830106,-1.0,1.0,2.0,1.0,2.0,3,subject_49
-0.937410017830106,-1.0,1.0,2.0,1.0,1.0,1,subject_49
-0.937410017830106,-1.0,1.0,2.0,1.0,0.0,1,subject_49
-0.937410017830106,-1.0,1.0,0.0,0.0,2.0,6,subject_49
-0.937410017830106,-1.0,1.0,0.0,0.0,1.0,5,subject_49
-0.937410017830106,-1.0,1.0,0.0,0.0,0.0,3,subject_49
-0.937410017830106,-1.0,1.0,0.0,1.0,2.0,6,subject_49
-0.937410017830106,-1.0,1.0,0.0,1.0,1.0,6,subject_49
-0.937410017830106,-1.0,1.0,0.0,1.0,0.0,4,subject_49
-0.937410017830106,-1.0,0.0,1.0,0.0,2.0,5,subject_49
-0.937410017830106,-1.0,0.0,1.0,0.0,1.0,4,subject_49
-0.937410017830106,-1.0,0.0,1.0,0.0,0.0,2,subject_49
-0.937410017830106,-1.0,0.0,1.0,1.0,2.0,6,subject_49
-0.937410017830106,-1.0,0.0,1.0,1.0,1.0,5,subject_49
-0.937410017830106,-1.0,0.0,1.0,1.0,0.0,3,subject_49
-0.937410017830106,-1.0,0.0,2.0,0.0,2.0,3,subject_49
-0.937410017830106,-1.0,0.0,2.0,0.0,1.0,1,subject_49
-0.937410017830106,-1.0,0.0,2.0,0.0,0.0,1,subject_49
-0.937410017830106,-1.0,0.0,2.0,1.0,2.0,4,subject_49
-0.937410017830106,-1.0,0.0,2.0,1.0,1.0,2,subject_49
-0.937410017830106,-1.0,0.0,2.0,1.0,0.0,1,subject_49
-0.937410017830106,-1.0,0.0,0.0,0.0,2.0,6,subject_49
-0.937410017830106,-1.0,0.0,0.0,0.0,1.0,6,subject_49
-0.937410017830106,-1.0,0.0,0.0,0.0,0.0,5,subject_49
-0.937410017830106,-1.0,0.0,0.0,1.0,2.0,6,subject_49
-0.937410017830106,-1.0,0.0,0.0,1.0,1.0,6,subject_49
-0.937410017830106,-1.0,0.0,0.0,1.0,0.0,6,subject_49
-0.937410017830106,1.0,2.0,1.0,0.0,2.0,1,subject_49
-0.937410017830106,1.0,2.0,1.0,0.0,1.0,1,subject_49
-0.937410017830106,1.0,2.0,1.0,0.0,0.0,1,subject_49
-0.937410017830106,1.0,2.0,1.0,1.0,2.0,2,subject_49
-0.937410017830106,1.0,2.0,1.0,1.0,1.0,1,subject_49
-0.937410017830106,1.0,2.0,1.0,1.0,0.0,1,subject_49
-0.937410017830106,1.0,2.0,2.0,0.0,2.0,1,subject_49
-0.937410017830106,1.0,2.0,2.0,0.0,1.0,1,subject_49
-0.937410017830106,1.0,2.0,2.0,0.0,0.0,1,subject_49
-0.937410017830106,1.0,2.0,2.0,1.0,2.0,1,subject_49
-0.937410017830106,1.0,2.0,2.0,1.0,1.0,1,subject_49
-0.937410017830106,1.0,2.0,2.0,1.0,0.0,1,subject_49
-0.937410017830106,1.0,2.0,0.0,0.0,2.0,3,subject_49
-0.937410017830106,1.0,2.0,0.0,0.0,1.0,1,subject_49
-0.937410017830106,1.0,2.0,0.0,0.0,0.0,1,subject_49
-0.937410017830106,1.0,2.0,0.0,1.0,2.0,4,subject_49
-0.937410017830106,1.0,2.0,0.0,1.0,1.0,2,subject_49
-0.937410017830106,1.0,2.0,0.0,1.0,0.0,1,subject_49
-0.937410017830106,1.0,1.0,1.0,0.0,2.0,2,subject_49
-0.937410017830106,1.0,1.0,1.0,0.0,1.0,1,subject_49
-0.937410017830106,1.0,1.0,1.0,0.0,0.0,1,subject_49
-0.937410017830106,1.0,1.0,1.0,1.0,2.0,3,subject_49
-0.937410017830106,1.0,1.0,1.0,1.0,1.0,2,subject_49
-0.937410017830106,1.0,1.0,1.0,1.0,0.0,1,subject_49
-0.937410017830106,1.0,1.0,2.0,0.0,2.0,1,subject_49
-0.937410017830106,1.0,1.0,2.0,0.0,1.0,1,subject_49
-0.937410017830106,1.0,1.0,2.0,0.0,0.0,1,subject_49
-0.937410017830106,1.0,1.0,2.0,1.0,2.0,1,subject_49
-0.937410017830106,1.0,1.0,2.0,1.0,1.0,1,subject_49
-0.937410017830106,1.0,1.0,2.0,1.0,0.0,1,subject_49
-0.937410017830106,1.0,1.0,0.0,0.0,2.0,4,subject_49
-0.937410017830106,1.0,1.0,0.0,0.0,1.0,3,subject_49
-0.937410017830106,1.0,1.0,0.0,0.0,0.0,1,subject_49
-0.937410017830106,1.0,1.0,0.0,1.0,2.0,5,subject_49
-0.937410017830106,1.0,1.0,0.0,1.0,1.0,4,subject_49
-0.937410017830106,1.0,1.0,0.0,1.0,0.0,2,subject_49
-0.937410017830106,1.0,0.0,1.0,0.0,2.0,3,subject_49
-0.937410017830106,1.0,0.0,1.0,0.0,1.0,2,subject_49
-0.937410017830106,1.0,0.0,1.0,0.0,0.0,1,subject_49
-0.937410017830106,1.0,0.0,1.0,1.0,2.0,5,subject_49
-0.937410017830106,1.0,0.0,1.0,1.0,1.0,3,subject_49
-0.937410017830106,1.0,0.0,1.0,1.0,0.0,2,subject_49
-0.937410017830106,1.0,0.0,2.0,0.0,2.0,1,subject_49
-0.937410017830106,1.0,0.0,2.0,0.0,1.0,1,subject_49
-0.937410017830106,1.0,0.0,2.0,0.0,0.0,1,subject_49
-0.937410017830106,1.0,0.0,2.0,1.0,2.0,2,subject_49
-0.937410017830106,1.0,0.0,2.0,1.0,1.0,1,subject_49
-0.937410017830106,1.0,0.0,2.0,1.0,0.0,1,subject_49
-0.937410017830106,1.0,0.0,0.0,0.0,2.0,6,subject_49
-0.937410017830106,1.0,0.0,0.0,0.0,1.0,4,subject_49
-0.937410017830106,1.0,0.0,0.0,0.0,0.0,2,subject_49
-0.937410017830106,1.0,0.0,0.0,1.0,2.0,6,subject_49
-0.937410017830106,1.0,0.0,0.0,1.0,1.0,5,subject_49
-0.937410017830106,1.0,0.0,0.0,1.0,0.0,4,subject_49
-0.4483265302665725,-1.0,2.0,1.0,0.0,2.0,2,subject_49
-0.4483265302665725,-1.0,2.0,1.0,0.0,1.0,1,subject_49
-0.4483265302665725,-1.0,2.0,1.0,0.0,0.0,1,subject_49
-0.4483265302665725,-1.0,2.0,1.0,1.0,2.0,3,subject_49
-0.4483265302665725,-1.0,2.0,1.0,1.0,1.0,2,subject_49
-0.4483265302665725,-1.0,2.0,1.0,1.0,0.0,1,subject_49
-0.4483265302665725,-1.0,2.0,2.0,0.0,2.0,1,subject_49
-0.4483265302665725,-1.0,2.0,2.0,0.0,1.0,1,subject_49
-0.4483265302665725,-1.0,2.0,2.0,0.0,0.0,1,subject_49
-0.4483265302665725,-1.0,2.0,2.0,1.0,2.0,1,subject_49
-0.4483265302665725,-1.0,2.0,2.0,1.0,1.0,1,subject_49
-0.4483265302665725,-1.0,2.0,2.0,1.0,0.0,1,subject_49
-0.4483265302665725,-1.0,2.0,0.0,0.0,2.0,4,subject_49
-0.4483265302665725,-1.0,2.0,0.0,0.0,1.0,2,subject_49
-0.4483265302665725,-1.0,2.0,0.0,0.0,0.0,1,subject_49
-0.4483265302665725,-1.0,2.0,0.0,1.0,2.0,5,subject_49
-0.4483265302665725,-1.0,2.0,0.0,1.0,1.0,4,subject_49
-0.4483265302665725,-1.0,2.0,0.0,1.0,0.0,2,subject_49
-0.4483265302665725,-1.0,1.0,1.0,0.0,2.0,3,subject_49
-0.4483265302665725,-1.0,1.0,1.0,0.0,1.0,2,subject_49
-0.4483265302665725,-1.0,1.0,1.0,0.0,0.0,1,subject_49
-0.4483265302665725,-1.0,1.0,1.0,1.0,2.0,5,subject_49
-0.4483265302665725,-1.0,1.0,1.0,1.0,1.0,3,subject_49
-0.4483265302665725,-1.0,1.0,1.0,1.0,0.0,2,subject_49
-0.4483265302665725,-1.0,1.0,2.0,0.0,2.0,1,subject_49
-0.4483265302665725,-1.0,1.0,2.0,0.0,1.0,1,subject_49
-0.4483265302665725,-1.0,1.0,2.0,0.0,0.0,1,subject_49
-0.4483265302665725,-1.0,1.0,2.0,1.0,2.0,2,subject_49
-0.4483265302665725,-1.0,1.0,2.0,1.0,1.0,1,subject_49
-0.4483265302665725,-1.0,1.0,2.0,1.0,0.0,1,subject_49
-0.4483265302665725,-1.0,1.0,0.0,0.0,2.0,6,subject_49
-0.4483265302665725,-1.0,1.0,0.0,0.0,1.0,4,subject_49
-0.4483265302665725,-1.0,1.0,0.0,0.0,0.0,2,subject_49
-0.4483265302665725,-1.0,1.0,0.0,1.0,2.0,6,subject_49
-0.4483265302665725,-1.0,1.0,0.0,1.0,1.0,5,subject_49
-0.4483265302665725,-1.0,1.0,0.0,1.0,0.0,4,subject_49
-0.4483265302665725,-1.0,0.0,1.0,0.0,2.0,5,subject_49
-0.4483265302665725,-1.0,0.0,1.0,0.0,1.0,3,subject_49
-0.4483265302665725,-1.0,0.0,1.0,0.0,0.0,2,subject_49
-0.4483265302665725,-1.0,0.0,1.0,1.0,2.0,6,subject_49
-0.4483265302665725,-1.0,0.0,1.0,1.0,1.0,5,subject_49
-0.4483265302665725,-1.0,0.0,1.0,1.0,0.0,3,subject_49
-0.4483265302665725,-1.0,0.0,2.0,0.0,2.0,2,subject_49
-0.4483265302665725,-1.0,0.0,2.0,0.0,1.0,1,subject_49
-0.4483265302665725,-1.0,0.0,2.0,0.0,0.0,1,subject_49
-0.4483265302665725,-1.0,0.0,2.0,1.0,2.0,4,subject_49
-0.4483265302665725,-1.0,0.0,2.0,1.0,1.0,2,subject_49
-0.4483265302665725,-1.0,0.0,2.0,1.0,0.0,1,subject_49
-0.4483265302665725,-1.0,0.0,0.0,0.0,2.0,6,subject_49
-0.4483265302665725,-1.0,0.0,0.0,0.0,1.0,6,subject_49
-0.4483265302665725,-1.0,0.0,0.0,0.0,0.0,4,subject_49
-0.4483265302665725,-1.0,0.0,0.0,1.0,2.0,6,subject_49
-0.4483265302665725,-1.0,0.0,0.0,1.0,1.0,6,subject_49
-0.4483265302665725,-1.0,0.0,0.0,1.0,0.0,5,subject_49
-0.4483265302665725,1.0,2.0,1.0,0.0,2.0,1,subject_49
-0.4483265302665725,1.0,2.0,1.0,0.0,1.0,1,subject_49
-0.4483265302665725,1.0,2.0,1.0,0.0,0.0,1,subject_49
-0.4483265302665725,1.0,2.0,1.0,1.0,2.0,2,subject_49
-0.4483265302665725,1.0,2.0,1.0,1.0,1.0,1,subject_49
-0.4483265302665725,1.0,2.0,1.0,1.0,0.0,1,subject_49
-0.4483265302665725,1.0,2.0,2.0,0.0,2.0,1,subject_49
-0.4483265302665725,1.0,2.0,2.0,0.0,1.0,1,subject_49
-0.4483265302665725,1.0,2.0,2.0,0.0,0.0,1,subject_49
-0.4483265302665725,1.0,2.0,2.0,1.0,2.0,1,subject_49
-0.4483265302665725,1.0,2.0,2.0,1.0,1.0,1,subject_49
-0.4483265302665725,1.0,2.0,2.0,1.0,0.0,1,subject_49
-0.4483265302665725,1.0,2.0,0.0,0.0,2.0,3,subject_49
-0.4483265302665725,1.0,2.0,0.0,0.0,1.0,2,subject_49
-0.4483265302665725,1.0,2.0,0.0,0.0,0.0,1,subject_49
-0.4483265302665725,1.0,2.0,0.0,1.0,2.0,5,subject_49
-0.4483265302665725,1.0,2.0,0.0,1.0,1.0,3,subject_49
-0.4483265302665725,1.0,2.0,0.0,1.0,0.0,1,subject_49
-0.4483265302665725,1.0,1.0,1.0,0.0,2.0,2,subject_49
-0.4483265302665725,1.0,1.0,1.0,0.0,1.0,1,subject_49
-0.4483265302665725,1.0,1.0,1.0,0.0,0.0,1,subject_49
-0.4483265302665725,1.0,1.0,1.0,1.0,2.0,4,subject_49
-0.4483265302665725,1.0,1.0,1.0,1.0,1.0,2,subject_49
-0.4483265302665725,1.0,1.0,1.0,1.0,0.0,1,subject_49
-0.4483265302665725,1.0,1.0,2.0,0.0,2.0,1,subject_49
-0.4483265302665725,1.0,1.0,2.0,0.0,1.0,1,subject_49
-0.4483265302665725,1.0,1.0,2.0,0.0,0.0,1,subject_49
-0.4483265302665725,1.0,1.0,2.0,1.0,2.0,1,subject_49
-0.4483265302665725,1.0,1.0,2.0,1.0,1.0,1,subject_49
-0.4483265302665725,1.0,1.0,2.0,1.0,0.0,1,subject_49
-0.4483265302665725,1.0,1.0,0.0,0.0,2.0,5,subject_49
-0.4483265302665725,1.0,1.0,0.0,0.0,1.0,3,subject_49
-0.4483265302665725,1.0,1.0,0.0,0.0,0.0,2,subject_49
-0.4483265302665725,1.0,1.0,0.0,1.0,2.0,6,subject_49
-0.4483265302665725,1.0,1.0,0.0,1.0,1.0,4,subject_49
-0.4483265302665725,1.0,1.0,0.0,1.0,0.0,3,subject_49
-0.4483265302665725,1.0,0.0,1.0,0.0,2.0,4,subject_49
-0.4483265302665725,1.0,0.0,1.0,0.0,1.0,2,subject_49
-0.4483265302665725,1.0,0.0,1.0,0.0,0.0,1,subject_49
-0.4483265302665725,1.0,0.0,1.0,1.0,2.0,5,subject_49
-0.4483265302665725,1.0,0.0,1.0,1.0,1.0,4,subject_49
-0.4483265302665725,1.0,0.0,1.0,1.0,0.0,2,subject_49
-0.4483265302665725,1.0,0.0,2.0,0.0,2.0,2,subject_49
-0.4483265302665725,1.0,0.0,2.0,0.0,1.0,1,subject_49
-0.4483265302665725,1.0,0.0,2.0,0.0,0.0,1,subject_49
-0.4483265302665725,1.0,0.0,2.0,1.0,2.0,3,subject_49
-0.4483265302665725,1.0,0.0,2.0,1.0,1.0,1,subject_49
-0.4483265302665725,1.0,0.0,2.0,1.0,0.0,1,subject_49
-0.4483265302665725,1.0,0.0,0.0,0.0,2.0,6,subject_49
-0.4483265302665725,1.0,0.0,0.0,0.0,1.0,5,subject_49
-0.4483265302665725,1.0,0.0,0.0,0.0,0.0,3,subject_49
-0.4483265302665725,1.0,0.0,0.0,1.0,2.0,6,subject_49
-0.4483265302665725,1.0,0.0,0.0,1.0,1.0,6,subject_49
-0.4483265302665725,1.0,0.0,0.0,1.0,0.0,4,subject_49
1.3857365480966777,-1.0,2.0,1.0,0.0,2.0,1,subject_49
1.3857365480966777,-1.0,2.0,1.0,0.0,1.0,1,subject_49
1.3857365480966777,-1.0,2.0,1.0,0.0,0.0,1,subject_49
1.3857365480966777,-1.0,2.0,1.0,1.0,2.0,1,subject_49
1.3857365480966777,-1.0,2.0,1.0,1.0,1.0,1,subject_49
1.3857365480966777,-1.0,2.0,1.0,1.0,0.0,1,subject_49
1.3857365480966777,-1.0,2.0,2.0,0.0,2.0,1,subject_49
1.3857365480966777,-1.0,2.0,2.0,0.0,1.0,1,subject_49
1.3857365480966777,-1.0,2.0,2.0,0.0,0.0,1,subject_49
1.3857365480966777,-1.0,2.0,2.0,1.0,2.0,1,subject_49
1.3857365480966777,-1.0,2.0,2.0,1.0,1.0,1,subject_49
1.3857365480966777,-1.0,2.0,2.0,1.0,0.0,1,subject_49
1.3857365480966777,-1.0,2.0,0.0,0.0,2.0,2,subject_49
1.3857365480966777,-1.0,2.0,0.0,0.0,1.0,1,subject_49
1.3857365480966777,-1.0,2.0,0.0,0.0,0.0,1,subject_49
1.3857365480966777,-1.0,2.0,0.0,1.0,2.0,4,subject_49
1.3857365480966777,-1.0,2.0,0.0,1.0,1.0,2,subject_49
1.3857365480966777,-1.0,2.0,0.0,1.0,0.0,1,subject_49
1.3857365480966777,-1.0,1.0,1.0,0.0,2.0,2,subject_49
1.3857365480966777,-1.0,1.0,1.0,0.0,1.0,1,subject_49
1.3857365480966777,-1.0,1.0,1.0,0.0,0.0,1,subject_49
1.3857365480966777,-1.0,1.0,1.0,1.0,2.0,3,subject_49
1.3857365480966777,-1.0,1.0,1.0,1.0,1.0,1,subject_49
1.3857365480966777,-1.0,1.0,1.0,1.0,0.0,1,subject_49
1.3857365480966777,-1.0,1.0,2.0,0.0,2.0,1,subject_49
1.3857365480966777,-1.0,1.0,2.0,0.0,1.0,1,subject_49
1.3857365480966777,-1.0,1.0,2.0,0.0,0.0,1,subject_49
1.3857365480966777,-1.0,1.0,2.0,1.0,2.0,1,subject_49
1.3857365480966777,-1.0,1.0,2.0,1.0,1.0,1,subject_49
1.3857365480966777,-1.0,1.0,2.0,1.0,0.0,1,subject_49
1.3857365480966777,-1.0,1.0,0.0,0.0,2.0,4,subject_49
1.3857365480966777,-1.0,1.0,0.0,0.0,1.0,2,subject_49
1.3857365480966777,-1.0,1.0,0.0,0.0,0.0,1,subject_49
1.3857365480966777,-1.0,1.0,0.0,1.0,2.0,5,subject_49
1.3857365480966777,-1.0,1.0,0.0,1.0,1.0,4,subject_49
1.3857365480966777,-1.0,1.0,0.0,1.0,0.0,2,subject_49
1.3857365480966777,-1.0,0.0,1.0,0.0,2.0,3,subject_49
1.3857365480966777,-1.0,0.0,1.0,0.0,1.0,2,subject_49
1.3857365480966777,-1.0,0.0,1.0,0.0,0.0,1,subject_49
1.3857365480966777,-1.0,0.0,1.0,1.0,2.0,5,subject_49
1.3857365480966777,-1.0,0.0,1.0,1.0,1.0,3,subject_49
1.3857365480966777,-1.0,0.0,1.0,1.0,0.0,1,subject_49
1.3857365480966777,-1.0,0.0,2.0,0.0,2.0,1,subject_49
1.3857365480966777,-1.0,0.0,2.0,0.0,1.0,1,subject_49
1.3857365480966777,-1.0,0.0,2.0,0.0,0.0,1,subject_49
1.3857365480966777,-1.0,0.0,2.0,1.0,2.0,2,subject_49
1.3857365480966777,-1.0,0.0,2.0,1.0,1.0,1,subject_49
1.3857365480966777,-1.0,0.0,2.0,1.0,0.0,1,subject_49
1.3857365480966777,-1.0,0.0,0.0,0.0,2.0,5,subject_49
1.3857365480966777,-1.0,0.0,0.0,0.0,1.0,4,subject_49
1.3857365480966777,-1.0,0.0,0.0,0.0,0.0,2,subject_49
1.3857365480966777,-1.0,0.0,0.0,1.0,2.0,6,subject_49
1.3857365480966777,-1.0,0.0,0.0,1.0,1.0,5,subject_49
1.3857365480966777,-1.0,0.0,0.0,1.0,0.0,4,subject_49
1.3857365480966777,1.0,2.0,1.0,0.0,2.0,2,subject_49
1.3857365480966777,1.0,2.0,1.0,0.0,1.0,1,subject_49
1.3857365480966777,1.0,2.0,1.0,0.0,0.0,1,subject_49
1.3857365480966777,1.0,2.0,1.0,1.0,2.0,3,subject_49
1.3857365480966777,1.0,2.0,1.0,1.0,1.0,2,subject_49
1.3857365480966777,1.0,2.0,1.0,1.0,0.0,1,subject_49
1.3857365480966777,1.0,2.0,2.0,0.0,2.0,1,subject_49
1.3857365480966777,1.0,2.0,2.0,0.0,1.0,1,subject_49
1.3857365480966777,1.0,2.0,2.0,0.0,0.0,1,subject_49
1.3857365480966777,1.0,2.0,2.0,1.0,2.0,1,subject_49
1.3857365480966777,1.0,2.0,2.0,1.0,1.0,1,subject_49
1.3857365480966777,1.0,2.0,2.0,1.0,0.0,1,subject_49
1.3857365480966777,1.0,2.0,0.0,0.0,2.0,5,subject_49
1.3857365480966777,1.0,2.0,0.0,0.0,1.0,3,subject_49
1.3857365480966777,1.0,2.0,0.0,0.0,0.0,1,subject_49
1.3857365480966777,1.0,2.0,0.0,1.0,2.0,6,subject_49
1.3857365480966777,1.0,2.0,0.0,1.0,1.0,4,subject_49
1.3857365480966777,1.0,2.0,0.0,1.0,0.0,2,subject_49
1.3857365480966777,1.0,1.0,1.0,0.0,2.0,4,subject_49
1.3857365480966777,1.0,1.0,1.0,0.0,1.0,2,subject_49
1.3857365480966777,1.0,1.0,1.0,0.0,0.0,1,subject_49
1.3857365480966777,1.0,1.0,1.0,1.0,2.0,5,subject_49
1.3857365480966777,1.0,1.0,1.0,1.0,1.0,3,subject_49
1.3857365480966777,1.0,1.0,1.0,1.0,0.0,2,subject_49
1.3857365480966777,1.0,1.0,2.0,0.0,2.0,1,subject_49
1.3857365480966777,1.0,1.0,2.0,0.0,1.0,1,subject_49
1.3857365480966777,1.0,1.0,2.0,0.0,0.0,1,subject_49
1.3857365480966777,1.0,1.0,2.0,1.0,2.0,2,subject_49
1.3857365480966777,1.0,1.0,2.0,1.0,1.0,1,subject_49
1.3857365480966777,1.0,1.0,2.0,1.0,0.0,1,subject_49
1.3857365480966777,1.0,1.0,0.0,0.0,2.0,6,subject_49
1.3857365480966777,1.0,1.0,0.0,0.0,1.0,5,subject_49
1.3857365480966777,1.0,1.0,0.0,0.0,0.0,3,subject_49
1.3857365480966777,1.0,1.0,0.0,1.0,2.0,6,subject_49
1.3857365480966777,1.0,1.0,0.0,1.0,1.0,6,subject_49
1.3857365480966777,1.0,1.0,0.0,1.0,0.0,4,subject_49
1.3857365480966777,1.0,0.0,1.0,0.0,2.0,5,subject_49
1.3857365480966777,1.0,0.0,1.0,0.0,1.0,4,subject_49
1.3857365480966777,1.0,0.0,1.0,0.0,0.0,2,subject_49
1.3857365480966777,1.0,0.0,1.0,1.0,2.0,6,subject_49
1.3857365480966777,1.0,0.0,1.0,1.0,1.0,5,subject_49
1.3857365480966777,1.0,0.0,1.0,1.0,0.0,3,subject_49
1.3857365480966777,1.0,0.0,2.0,0.0,2.0,3,subject_49
1.3857365480966777,1.0,0.0,2.0,0.0,1.0,1,subject_49
1.3857365480966777,1.0,0.0,2.0,0.0,0.0,1,subject_49
1.3857365480966777,1.0,0.0,2.0,1.0,2.0,4,subject_49
1.3857365480966777,1.0,0.0,2.0,1.0,1.0,2,subject_49
1.3857365480966777,1.0,0.0,2.0,1.0,0.0,1,subject_49
1.3857365480966777,1.0,0.0,0.0,0.0,2.0,6,subject_49
1.3857365480966777,1.0,0.0,0.0,0.0,1.0,6,subject_49
1.3857365480966777,1.0,0.0,0.0,0.0,0.0,5,subject_49
1.3857365480966777,1.0,0.0,0.0,1.0,2.0,6,subject_49
1.3857365480966777,1.0,0.0,0.0,1.0,1.0,6,subject_49
1.3857365480966777,1.0,0.0,0.0,1.0,0.0,6,subject_49
-0.937410017830106,-1.0,2.0,1.0,0.0,2.0,3,subject_50
-0.937410017830106,-1.0,2.0,1.0,0.0,1.0,1,subject_50
-0.937410017830106,-1.0,2.0,1.0,0.0,0.0,1,subject_50
-0.937410017830106,-1.0,2.0,1.0,1.0,2.0,5,subject_50
-0.937410017830106,-1.0,2.0,1.0,1.0,1.0,2,subject_50
-0.937410017830106,-1.0,2.0,1.0,1.0,0.0,1,subject_50
-0.937410017830106,-1.0,2.0,2.0,0.0,2.0,1,subject_50
-0.937410017830106,-1.0,2.0,2.0,0.0,1.0,1,subject_50
-0.937410017830106,-1.0,2.0,2.0,0.0,0.0,1,subject_50
-0.937410017830106,-1.0,2.0,2.0,1.0,2.0,2,subject_50
-0.937410017830106,-1.0,2.0,2.0,1.0,1.0,1,subject_50
-0.937410017830106,-1.0,2.0,2.0,1.0,0.0,1,subject_50
-0.937410017830106,-1.0,2.0,0.0,0.0,2.0,5,subject_50
-0.937410017830106,-1.0,2.0,0.0,0.0,1.0,3,subject_50
-0.937410017830106,-1.0,2.0,0.0,0.0,0.0,1,subject_50
-0.937410017830106,-1.0,2.0,0.0,1.0,2.0,6,subject_50
-0.937410017830106,-1.0,2.0,0.0,1.0,1.0,5,subject_50
-0.937410017830106,-1.0,2.0,0.0,1.0,0.0,2,subject_50
-0.937410017830106,-1.0,1.0,1.0,0.0,2.0,5,subject_50
-0.937410017830106,-1.0,1.0,1.0,0.0,1.0,2,subject_50
-0.937410017830106,-1.0,1.0,1.0,0.0,0.0,1,subject_50
-0.937410017830106,-1.0,1.0,1.0,1.0,2.0,6,subject_50
-0.937410017830106,-1.0,1.0,1.0,1.0,1.0,4,subject_50
-0.937410017830106,-1.0,1.0,1.0,1.0,0.0,2,subject_50
-0.937410017830106,-1.0,1.0,2.0,0.0,2.0,3,subject_50
-0.937410017830106,-1.0,1.0,2.0,0.0,1.0,1,subject_50
-0.937410017830106,-1.0,1.0,2.0,0.0,0.0,1,subject_50
-0.937410017830106,-1.0,1.0,2.0,1.0,2.0,5,subject_50
-0.937410017830106,-1.0,1.0,2.0,1.0,1.0,2,subject_50
-0.937410017830106,-1.0,1.0,2.0,1.0,0.0,1,subject_50
-0.937410017830106,-1.0,1.0,0.0,0.0,2.0,6,subject_50
-0.937410017830106,-1.0,1.0,0.0,0.0,1.0,5,subject_50
-0.937410017830106,-1.0,1.0,0.0,0.0,0.0,2,subject_50
-0.937410017830106,-1.0,1.0,0.0,1.0,2.0,6,subject_50
-0.937410017830106,-1.0,1.0,0.0,1.0,1.0,6,subject_50
-0.937410017830106,-1.0,1.0,0.0,1.0,0.0,4,subject_50
-0.937410017830106,-1.0,0.0,1.0,0.0,2.0,6,subject_50
-0.937410017830106,-1.0,0.0,1.0,0.0,1.0,5,subject_50
-0.937410017830106,-1.0,0.0,1.0,0.0,0.0,2,subject_50
-0.937410017830106,-1.0,0.0,1.0,1.0,2.0,6,subject_50
-0.937410017830106,-1.0,0.0,1.0,1.0,1.0,6,subject_50
-0.937410017830106,-1.0,0.0,1.0,1.0,0.0,4,subject_50
-0.937410017830106,-1.0,0.0,2.0,0.0,2.0,5,subject_50
-0.937410017830106,-1.0,0.0,2.0,0.0,1.0,2,subject_50
-0.937410017830106,-1.0,0.0,2.0,0.0,0.0,1,subject_50
-0.937410017830106,-1.0,0.0,2.0,1.0,2.0,6,subject_50
-0.937410017830106,-1.0,0.0,2.0,1.0,1.0,4,subject_50
-0.937410017830106,-1.0,0.0,2.0,1.0,0.0,2,subject_50
-0.937410017830106,-1.0,0.0,0.0,0.0,2.0,6,subject_50
-0.937410017830106,-1.0,0.0,0.0,0.0,1.0,6,subject_50
-0.937410017830106,-1.0,0.0,0.0,0.0,0.0,4,subject_50
-0.937410017830106,-1.0,0.0,0.0,1.0,2.0,6,subject_50
-0.937410017830106,-1.0,0.0,0.0,1.0,1.0,6,subject_50
-0.937410017830106,-1.0,0.0,0.0,1.0,0.0,6,subject_50
-0.937410017830106,1.0,2.0,1.0,0.0,2.0,2,subject_50
-0.937410017830106,1.0,2.0,1.0,0.0,1.0,1,subject_50
-0.937410017830106,1.0,2.0,1.0,0.0,0.0,1,subject_50
-0.937410017830106,1.0,2.0,1.0,1.0,2.0,3,subject_50
-0.937410017830106,1.0,2.0,1.0,1.0,1.0,1,subject_50
-0.937410017830106,1.0,2.0,1.0,1.0,0.0,1,subject_50
-0.937410017830106,1.0,2.0,2.0,0.0,2.0,1,subject_50
-0.937410017830106,1.0,2.0,2.0,0.0,1.0,1,subject_50
-0.937410017830106,1.0,2.0,2.0,0.0,0.0,1,subject_50
-0.937410017830106,1.0,2.0,2.0,1.0,2.0,1,subject_50
-0.937410017830106,1.0,2.0,2.0,1.0,1.0,1,subject_50
-0.937410017830106,1.0,2.0,2.0,1.0,0.0,1,subject_50
-0.937410017830106,1.0,2.0,0.0,0.0,2.0,4,subject_50
-0.937410017830106,1.0,2.0,0.0,0.0,1.0,1,subject_50
-0.937410017830106,1.0,2.0,0.0,0.0,0.0,1,subject_50
-0.937410017830106,1.0,2.0,0.0,1.0,2.0,5,subject_50
-0.937410017830106,1.0,2.0,0.0,1.0,1.0,3,subject_50
-0.937410017830106,1.0,2.0,0.0,1.0,0.0,1,subject_50
-0.937410017830106,1.0,1.0,1.0,0.0,2.0,3,subject_50
-0.937410017830106,1.0,1.0,1.0,0.0,1.0,1,subject_50
-0.937410017830106,1.0,1.0,1.0,0.0,0.0,1,subject_50
-0.937410017830106,1.0,1.0,1.0,1.0,2.0,5,subject_50
-0.937410017830106,1.0,1.0,1.0,1.0,1.0,2,subject_50
-0.937410017830106,1.0,1.0,1.0,1.0,0.0,1,subject_50
-0.937410017830106,1.0,1.0,2.0,0.0,2.0,1,subject_50
-0.937410017830106,1.0,1.0,2.0,0.0,1.0,1,subject_50
-0.937410017830106,1.0,1.0,2.0,0.0,0.0,1,subject_50
-0.937410017830106,1.0,1.0,2.0,1.0,2.0,3,subject_50
-0.937410017830106,1.0,1.0,2.0,1.0,1.0,1,subject_50
-0.937410017830106,1.0,1.0,2.0,1.0,0.0,1,subject_50
-0.937410017830106,1.0,1.0,0.0,0.0,2.0,5,subject_50
-0.937410017830106,1.0,1.0,0.0,0.0,1.0,3,subject_50
-0.937410017830106,1.0,1.0,0.0,0.0,0.0,1,subject_50
-0.937410017830106,1.0,1.0,0.0,1.0,2.0,6,subject_50
-0.937410017830106,1.0,1.0,0.0,1.0,1.0,5,subject_50
-0.937410017830106,1.0,1.0,0.0,1.0,0.0,2,subject_50
-0.937410017830106,1.0,0.0,1.0,0.0,2.0,5,subject_50
-0.937410017830106,1.0,0.0,1.0,0.0,1.0,3,subject_50
-0.937410017830106,1.0,0.0,1.0,0.0,0.0,1,subject_50
-0.937410017830106,1.0,0.0,1.0,1.0,2.0,6,subject_50
-0.937410017830106,1.0,0.0,1.0,1.0,1.0,5,subject_50
-0.937410017830106,1.0,0.0,1.0,1.0,0.0,2,subject_50
-0.937410017830106,1.0,0.0,2.0,0.0,2.0,3,subject_50
-0.937410017830106,1.0,0.0,2.0,0.0,1.0,1,subject_50
-0.937410017830106,1.0,0.0,2.0,0.0,0.0,1,subject_50
-0.937410017830106,1.0,0.0,2.0,1.0,2.0,5,subject_50
-0.937410017830106,1.0,0.0,2.0,1.0,1.0,2,subject_50
-0.937410017830106,1.0,0.0,2.0,1.0,0.0,1,subject_50
-0.937410017830106,1.0,0.0,0.0,0.0,2.0,6,subject_50
-0.937410017830106,1.0,0.0,0.0,0.0,1.0,5,subject_50
-0.937410017830106,1.0,0.0,0.0,0.0,0.0,2,subject_50
-0.937410017830106,1.0,0.0,0.0,1.0,2.0,6,subject_50
-0.937410017830106,1.0,0.0,0.0,1.0,1.0,6,subject_50
-0.937410017830106,1.0,0.0,0.0,1.0,0.0,4,subject_50
-0.4483265302665725,-1.0,2.0,1.0,0.0,2.0,2,subject_50
-0.4483265302665725,-1.0,2.0,1.0,0.0,1.0,1,subject_50
-0.4483265302665725,-1.0,2.0,1.0,0.0,0.0,1,subject_50
-0.4483265302665725,-1.0,2.0,1.0,1.0,2.0,4,subject_50
-0.4483265302665725,-1.0,2.0,1.0,1.0,1.0,2,subject_50
-0.4483265302665725,-1.0,2.0,1.0,1.0,0.0,1,subject_50
-0.4483265302665725,-1.0,2.0,2.0,0.0,2.0,1,subject_50
-0.4483265302665725,-1.0,2.0,2.0,0.0,1.0,1,subject_50
-0.4483265302665725,-1.0,2.0,2.0,0.0,0.0,1,subject_50
-0.4483265302665725,-1.0,2.0,2.0,1.0,2.0,2,subject_50
-0.4483265302665725,-1.0,2.0,2.0,1.0,1.0,1,subject_50
-0.4483265302665725,-1.0,2.0,2.0,1.0,0.0,1,subject_50
-0.4483265302665725,-1.0,2.0,0.0,0.0,2.0,5,subject_50
-0.4483265302665725,-1.0,2.0,0.0,0.0,1.0,2,subject_50
-0.4483265302665725,-1.0,2.0,0.0,0.0,0.0,1,subject_50
-0.4483265302665725,-1.0,2.0,0.0,1.0,2.0,6,subject_50
-0.4483265302665725,-1.0,2.0,0.0,1.0,1.0,4,subject_50
-0.4483265302665725,-1.0,2.0,0.0,1.0,0.0,2,subject_50
-0.4483265302665725,-1.0,1.0,1.0,0.0,2.0,5,subject_50
-0.4483265302665725,-1.0,1.0,1.0,0.0,1.0,2,subject_50
-0.4483265302665725,-1.0,1.0,1.0,0.0,0.0,1,subject_50
-0.4483265302665725,-1.0,1.0,1.0,1.0,2.0,6,subject_50
-0.4483265302665725,-1.0,1.0,1.0,1.0,1.0,4,subject_50
-0.4483265302665725,-1.0,1.0,1.0,1.0,0.0,1,subject_50
-0.4483265302665725,-1.0,1.0,2.0,0.0,2.0,2,subject_50
-0.4483265302665725,-1.0,1.0,2.0,0.0,1.0,1,subject_50
-0.4483265302665725,-1.0,1.0,2.0,0.0,0.0,1,subject_50
-0.4483265302665725,-1.0,1.0,2.0,1.0,2.0,4,subject_50
-0.4483265302665725,-1.0,1.0,2.0,1.0,1.0,2,subject_50
-0.4483265302665725,-1.0,1.0,2.0,1.0,0.0,1,subject_50
-0.4483265302665725,-1.0,1.0,0.0,0.0,2.0,6,subject_50
-0.4483265302665725,-1.0,1.0,0.0,0.0,1.0,5,subject_50
-0.4483265302665725,-1.0,1.0,0.0,0.0,0.0,2,subject_50
-0.4483265302665725,-1.0,1.0,0.0,1.0,2.0,6,subject_50
-0.4483265302665725,-1.0,1.0,0.0,1.0,1.0,6,subject_50
-0.4483265302665725,-1.0,1.0,0.0,1.0,0.0,3,subject_50
-0.4483265302665725,-1.0,0.0,1.0,0.0,2.0,6,subject_50
-0.4483265302665725,-1.0,0.0,1.0,0.0,1.0,4,subject_50
-0.4483265302665725,-1.0,0.0,1.0,0.0,0.0,2,subject_50
-0.4483265302665725,-1.0,0.0,1.0,1.0,2.0,6,subject_50
-0.4483265302665725,-1.0,0.0,1.0,1.0,1.0,6,subject_50
-0.4483265302665725,-1.0,0.0,1.0,1.0,0.0,3,subject_50
-0.4483265302665725,-1.0,0.0,2.0,0.0,2.0,4,subject_50
-0.4483265302665725,-1.0,0.0,2.0,0.0,1.0,2,subject_50
-0.4483265302665725,-1.0,0.0,2.0,0.0,0.0,1,subject_50
-0.4483265302665725,-1.0,0.0,2.0,1.0,2.0,6,subject_50
-0.4483265302665725,-1.0,0.0,2.0,1.0,1.0,4,subject_50
-0.4483265302665725,-1.0,0.0,2.0,1.0,0.0,1,subject_50
-0.4483265302665725,-1.0,0.0,0.0,0.0,2.0,6,subject_50
-0.4483265302665725,-1.0,0.0,0.0,0.0,1.0,6,subject_50
-0.4483265302665725,-1.0,0.0,0.0,0.0,0.0,4,subject_50
-0.4483265302665725,-1.0,0.0,0.0,1.0,2.0,6,subject_50
-0.4483265302665725,-1.0,0.0,0.0,1.0,1.0,6,subject_50
-0.4483265302665725,-1.0,0.0,0.0,1.0,0.0,5,subject_50
-0.4483265302665725,1.0,2.0,1.0,0.0,2.0,2,subject_50
-0.4483265302665725,1.0,2.0,1.0,0.0,1.0,1,subject_50
-0.4483265302665725,1.0,2.0,1.0,0.0,0.0,1,subject_50
-0.4483265302665725,1.0,2.0,1.0,1.0,2.0,4,subject_50
-0.4483265302665725,1.0,2.0,1.0,1.0,1.0,1,subject_50
-0.4483265302665725,1.0,2.0,1.0,1.0,0.0,1,subject_50
-0.4483265302665725,1.0,2.0,2.0,0.0,2.0,1,subject_50
-0.4483265302665725,1.0,2.0,2.0,0.0,1.0,1,subject_50
-0.4483265302665725,1.0,2.0,2.0,0.0,0.0,1,subject_50
-0.4483265302665725,1.0,2.0,2.0,1.0,2.0,2,subject_50
-0.4483265302665725,1.0,2.0,2.0,1.0,1.0,1,subject_50
-0.4483265302665725,1.0,2.0,2.0,1.0,0.0,1,subject_50
-0.4483265302665725,1.0,2.0,0.0,0.0,2.0,4,subject_50
-0.4483265302665725,1.0,2.0,0.0,0.0,1.0,2,subject_50
-0.4483265302665725,1.0,2.0,0.0,0.0,0.0,1,subject_50
-0.4483265302665725,1.0,2.0,0.0,1.0,2.0,6,subject_50
-0.4483265302665725,1.0,2.0,0.0,1.0,1.0,3,subject_50
-0.4483265302665725,1.0,2.0,0.0,1.0,0.0,1,subject_50
-0.4483265302665725,1.0,1.0,1.0,0.0,2.0,4,subject_50
-0.4483265302665725,1.0,1.0,1.0,0.0,1.0,2,subject_50
-0.4483265302665725,1.0,1.0,1.0,0.0,0.0,1,subject_50
-0.4483265302665725,1.0,1.0,1.0,1.0,2.0,5,subject_50
-0.4483265302665725,1.0,1.0,1.0,1.0,1.0,3,subject_50
-0.4483265302665725,1.0,1.0,1.0,1.0,0.0,1,subject_50
-0.4483265302665725,1.0,1.0,2.0,0.0,2.0,2,subject_50
-0.4483265302665725,1.0,1.0,2.0,0.0,1.0,1,subject_50
-0.4483265302665725,1.0,1.0,2.0,0.0,0.0,1,subject_50
-0.4483265302665725,1.0,1.0,2.0,1.0,2.0,3,subject_50
-0.4483265302665725,1.0,1.0,2.0,1.0,1.0,1,subject_50
-0.4483265302665725,1.0,1.0,2.0,1.0,0.0,1,subject_50
-0.4483265302665725,1.0,1.0,0.0,0.0,2.0,6,subject_50
-0.4483265302665725,1.0,1.0,0.0,0.0,1.0,4,subject_50
-0.4483265302665725,1.0,1.0,0.0,0.0,0.0,1,subject_50
-0.4483265302665725,1.0,1.0,0.0,1.0,2.0,6,subject_50
-0.4483265302665725,1.0,1.0,0.0,1.0,1.0,5,subject_50
-0.4483265302665725,1.0,1.0,0.0,1.0,0.0,3,subject_50
-0.4483265302665725,1.0,0.0,1.0,0.0,2.0,6,subject_50
-0.4483265302665725,1.0,0.0,1.0,0.0,1.0,3,subject_50
-0.4483265302665725,1.0,0.0,1.0,0.0,0.0,1,subject_50
-0.4483265302665725,1.0,0.0,1.0,1.0,2.0,6,subject_50
-0.4483265302665725,1.0,0.0,1.0,1.0,1.0,5,subject_50
-0.4483265302665725,1.0,0.0,1.0,1.0,0.0,2,subject_50
-0.4483265302665725,1.0,0.0,2.0,0.0,2.0,4,subject_50
-0.4483265302665725,1.0,0.0,2.0,0.0,1.0,1,subject_50
-0.4483265302665725,1.0,0.0,2.0,0.0,0.0,1,subject_50
-0.4483265302665725,1.0,0.0,2.0,1.0,2.0,5,subject_50
-0.4483265302665725,1.0,0.0,2.0,1.0,1.0,3,subject_50
-0.4483265302665725,1.0,0.0,2.0,1.0,0.0,1,subject_50
-0.4483265302665725,1.0,0.0,0.0,0.0,2.0,6,subject_50
-0.4483265302665725,1.0,0.0,0.0,0.0,1.0,5,subject_50
-0.4483265302665725,1.0,0.0,0.0,0.0,0.0,3,subject_50
-0.4483265302665725,1.0,0.0,0.0,1.0,2.0,6,subject_50
-0.4483265302665725,1.0,0.0,0.0,1.0,1.0,6,subject_50
-0.4483265302665725,1.0,0.0,0.0,1.0,0.0,5,subject_50
1.3857365480966777,-1.0,2.0,1.0,0.0,2.0,1,subject_50
1.3857365480966777,-1.0,2.0,1.0,0.0,1.0,1,subject_50
1.3857365480966777,-1.0,2.0,1.0,0.0,0.0,1,subject_50
1.3857365480966777,-1.0,2.0,1.0,1.0,2.0,3,subject_50
1.3857365480966777,-1.0,2.0,1.0,1.0,1.0,1,subject_50
1.3857365480966777,-1.0,2.0,1.0,1.0,0.0,1,subject_50
1.3857365480966777,-1.0,2.0,2.0,0.0,2.0,1,subject_50
1.3857365480966777,-1.0,2.0,2.0,0.0,1.0,1,subject_50
1.3857365480966777,-1.0,2.0,2.0,0.0,0.0,1,subject_50
1.3857365480966777,-1.0,2.0,2.0,1.0,2.0,1,subject_50
1.3857365480966777,-1.0,2.0,2.0,1.0,1.0,1,subject_50
1.3857365480966777,-1.0,2.0,2.0,1.0,0.0,1,subject_50
1.3857365480966777,-1.0,2.0,0.0,0.0,2.0,3,subject_50
1.3857365480966777,-1.0,2.0,0.0,0.0,1.0,1,subject_50
1.3857365480966777,-1.0,2.0,0.0,0.0,0.0,1,subject_50
1.3857365480966777,-1.0,2.0,0.0,1.0,2.0,5,subject_50
1.3857365480966777,-1.0,2.0,0.0,1.0,1.0,2,subject_50
1.3857365480966777,-1.0,2.0,0.0,1.0,0.0,1,subject_50
1.3857365480966777,-1.0,1.0,1.0,0.0,2.0,3,subject_50
1.3857365480966777,-1.0,1.0,1.0,0.0,1.0,1,subject_50
1.3857365480966777,-1.0,1.0,1.0,0.0,0.0,1,subject_50
1.3857365480966777,-1.0,1.0,1.0,1.0,2.0,5,subject_50
1.3857365480966777,-1.0,1.0,1.0,1.0,1.0,2,subject_50
1.3857365480966777,-1.0,1.0,1.0,1.0,0.0,1,subject_50
1.3857365480966777,-1.0,1.0,2.0,0.0,2.0,1,subject_50
1.3857365480966777,-1.0,1.0,2.0,0.0,1.0,1,subject_50
1.3857365480966777,-1.0,1.0,2.0,0.0,0.0,1,subject_50
1.3857365480966777,-1.0,1.0,2.0,1.0,2.0,2,subject_50
1.3857365480966777,-1.0,1.0,2.0,1.0,1.0,1,subject_50
1.3857365480966777,-1.0,1.0,2.0,1.0,0.0,1,subject_50
1.3857365480966777,-1.0,1.0,0.0,0.0,2.0,5,subject_50
1.3857365480966777,-1.0,1.0,0.0,0.0,1.0,3,subject_50
1.3857365480966777,-1.0,1.0,0.0,0.0,0.0,1,subject_50
1.3857365480966777,-1.0,1.0,0.0,1.0,2.0,6,subject_50
1.3857365480966777,-1.0,1.0,0.0,1.0,1.0,5,subject_50
1.3857365480966777,-1.0,1.0,0.0,1.0,0.0,2,subject_50
1.3857365480966777,-1.0,0.0,1.0,0.0,2.0,5,subject_50
1.3857365480966777,-1.0,0.0,1.0,0.0,1.0,2,subject_50
1.3857365480966777,-1.0,0.0,1.0,0.0,0.0,1,subject_50
1.3857365480966777,-1.0,0.0,1.0,1.0,2.0,6,subject_50
1.3857365480966777,-1.0,0.0,1.0,1.0,1.0,4,subject_50
1.3857365480966777,-1.0,0.0,1.0,1.0,0.0,2,subject_50
1.3857365480966777,-1.0,0.0,2.0,0.0,2.0,3,subject_50
1.3857365480966777,-1.0,0.0,2.0,0.0,1.0,1,subject_50
1.3857365480966777,-1.0,0.0,2.0,0.0,0.0,1,subject_50
1.3857365480966777,-1.0,0.0,2.0,1.0,2.0,5,subject_50
1.3857365480966777,-1.0,0.0,2.0,1.0,1.0,2,subject_50
1.3857365480966777,-1.0,0.0,2.0,1.0,0.0,1,subject_50
1.3857365480966777,-1.0,0.0,0.0,0.0,2.0,6,subject_50
1.3857365480966777,-1.0,0.0,0.0,0.0,1.0,5,subject_50
1.3857365480966777,-1.0,0.0,0.0,0.0,0.0,2,subject_50
1.3857365480966777,-1.0,0.0,0.0,1.0,2.0,6,subject_50
1.3857365480966777,-1.0,0.0,0.0,1.0,1.0,6,subject_50
1.3857365480966777,-1.0,0.0,0.0,1.0,0.0,4,subject_50
1.3857365480966777,1.0,2.0,1.0,0.0,2.0,4,subject_50
1.3857365480966777,1.0,2.0,1.0,0.0,1.0,1,subject_50
1.3857365480966777,1.0,2.0,1.0,0.0,0.0,1,subject_50
1.3857365480966777,1.0,2.0,1.0,1.0,2.0,5,subject_50
1.3857365480966777,1.0,2.0,1.0,1.0,1.0,3,subject_50
1.3857365480966777,1.0,2.0,1.0,1.0,0.0,1,subject_50
1.3857365480966777,1.0,2.0,2.0,0.0,2.0,1,subject_50
1.3857365480966777,1.0,2.0,2.0,0.0,1.0,1,subject_50
1.3857365480966777,1.0,2.0,2.0,0.0,0.0,1,subject_50
1.3857365480966777,1.0,2.0,2.0,1.0,2.0,3,subject_50
1.3857365480966777,1.0,2.0,2.0,1.0,1.0,1,subject_50
1.3857365480966777,1.0,2.0,2.0,1.0,0.0,1,subject_50
1.3857365480966777,1.0,2.0,0.0,0.0,2.0,6,subject_50
1.3857365480966777,1.0,2.0,0.0,0.0,1.0,3,subject_50
1.3857365480966777,1.0,2.0,0.0,0.0,0.0,1,subject_50
1.3857365480966777,1.0,2.0,0.0,1.0,2.0,6,subject_50
1.3857365480966777,1.0,2.0,0.0,1.0,1.0,5,subject_50
1.3857365480966777,1.0,2.0,0.0,1.0,0.0,2,subject_50
1.3857365480966777,1.0,1.0,1.0,0.0,2.0,5,subject_50
1.3857365480966777,1.0,1.0,1.0,0.0,1.0,3,subject_50
1.3857365480966777,1.0,1.0,1.0,0.0,0.0,1,subject_50
1.3857365480966777,1.0,1.0,1.0,1.0,2.0,6,subject_50
1.3857365480966777,1.0,1.0,1.0,1.0,1.0,5,subject_50
1.3857365480966777,1.0,1.0,1.0,1.0,0.0,2,subject_50
1.3857365480966777,1.0,1.0,2.0,0.0,2.0,3,subject_50
1.3857365480966777,1.0,1.0,2.0,0.0,1.0,1,subject_50
1.3857365480966777,1.0,1.0,2.0,0.0,0.0,1,subject_50
1.3857365480966777,1.0,1.0,2.0,1.0,2.0,5,subject_50
1.3857365480966777,1.0,1.0,2.0,1.0,1.0,2,subject_50
1.3857365480966777,1.0,1.0,2.0,1.0,0.0,1,subject_50
1.3857365480966777,1.0,1.0,0.0,0.0,2.0,6,subject_50
1.3857365480966777,1.0,1.0,0.0,0.0,1.0,5,subject_50
1.3857365480966777,1.0,1.0,0.0,0.0,0.0,3,subject_50
1.3857365480966777,1.0,1.0,0.0,1.0,2.0,6,subject_50
1.3857365480966777,1.0,1.0,0.0,1.0,1.0,6,subject_50
1.3857365480966777,1.0,1.0,0.0,1.0,0.0,5,subject_50
1.3857365480966777,1.0,0.0,1.0,0.0,2.0,6,subject_50
1.3857365480966777,1.0,0.0,1.0,0.0,1.0,5,subject_50
1.3857365480966777,1.0,0.0,1.0,0.0,0.0,2,subject_50
1.3857365480966777,1.0,0.0,1.0,1.0,2.0,6,subject_50
1.3857365480966777,1.0,0.0,1.0,1.0,1.0,6,subject_50
1.3857365480966777,1.0,0.0,1.0,1.0,0.0,4,subject_50
1.3857365480966777,1.0,0.0,2.0,0.0,2.0,5,subject_50
1.3857365480966777,1.0,0.0,2.0,0.0,1.0,3,subject_50
1.3857365480966777,1.0,0.0,2.0,0.0,0.0,1,subject_50
1.3857365480966777,1.0,0.0,2.0,1.0,2.0,6,subject_50
1.3857365480966777,1.0,0.0,2.0,1.0,1.0,5,subject_50
1.3857365480966777,1.0,0.0,2.0,1.0,0.0,2,subject_50
1.3857365480966777,1.0,0.0,0.0,0.0,2.0,6,subject_50
1.3857365480966777,1.0,0.0,0.0,0.0,1.0,6,subject_50
1.3857365480966777,1.0,0.0,0.0,0.0,0.0,5,subject_50
1.3857365480966777,1.0,0.0,0.0,1.0,2.0,6,subject_50
1.3857365480966777,1.0,0.0,0.0,1.0,1.0,6,subject_50
1.3857365480966777,1.0,0.0,0.0,1.0,0.0,6,subject_50
