{
  "1": {
    "mean": 3.64,
    "std": 1.1959933110180843,
    "adjusted_std_used": 1.1959933110180843,
    "n": 25
  },
  "2": {
    "mean": 3.0,
    "std": 1.3564659966250536,
    "adjusted_std_used": 1.3564659966250536,
    "n": 25
  },
  "3": {
    "mean": 1.84,
    "std": 0.9666436778875658,
    "adjusted_std_used": 0.9666436778875658,
    "n": 25
  },
  "4": {
    "mean": 4.68,
    "std": 0.7858753081755401,
    "adjusted_std_used": 0.7858753081755401,
    "n": 25
  },
  "5": {
    "mean": 4.64,
    "std": 0.6248199740725323,
    "adjusted_std_used": 0.6248199740725323,
    "n": 25
  }
}