{
  "global": [
    [
      0.19868566120449307,
      -0.055305720468473867,
      0.259075415240277,
      0.6092119425632102,
      -0.09366134988933439,
      -0.09365478277967222
    ]
  ],
  "interactions": {
    "3,4": 0.12,
    "0,1": -0.02
  },
  "bias": -0.720632298825627,
  "method": "interaction_as_features_v3"
}