{
  "global": [
    [
      0.12417853825280817,
      -0.034566075292796164,
      0.16192213452517312,
      0.38075746410200634,
      -0.05853834368083399,
      -0.05853423923729514
    ]
  ],
  "interactions": {
    "3,4": 0.12,
    "0,1": -0.02
  },
  "bias": -0.2180826867660168,
  "method": "interaction_as_features_v3"
}