{
  "subject_1": {
    "mean": 1.6666666666666667,
    "std": 1.1352924243950933,
    "adjusted_std_used": 1.1352924243950933,
    "n": 30
  },
  "subject_2": {
    "mean": 3.5,
    "std": 1.6278820596099706,
    "adjusted_std_used": 1.6278820596099706,
    "n": 30
  },
  "subject_3": {
    "mean": 2.8333333333333335,
    "std": 1.5723301886761005,
    "adjusted_std_used": 1.5723301886761005,
    "n": 30
  },
  "subject_4": {
    "mean": 4.9,
    "std": 0.3958114029012639,
    "adjusted_std_used": 0.3958114029012639,
    "n": 30
  },
  "subject_5": {
    "mean": 4.4,
    "std": 0.8793937305515279,
    "adjusted_std_used": 0.8793937305515279,
    "n": 30
  }
}