{
  "subject_1": {
    "mean": 1.5,
    "std": 1.02469507659596,
    "adjusted_std_used": 1.02469507659596,
    "n": 30
  },
  "subject_2": {
    "mean": 3.7666666666666666,
    "std": 1.62651638650078,
    "adjusted_std_used": 1.62651638650078,
    "n": 30
  },
  "subject_3": {
    "mean": 2.7666666666666666,
    "std": 1.520599297060939,
    "adjusted_std_used": 1.520599297060939,
    "n": 30
  },
  "subject_4": {
    "mean": 5.0,
    "std": 0.0,
    "adjusted_std_used": 1.7229055243425415,
    "n": 30
  },
  "subject_5": {
    "mean": 4.666666666666667,
    "std": 0.7888106377466155,
    "adjusted_std_used": 0.7888106377466155,
    "n": 30
  }
}