{
  "n_subjects": 5,
  "design_space_size": 324,
  "n_features": 6,
  "population_weights": [
    -0.042707652810584446,
    0.6171665212744484,
    0.08497858233181026,
    0.39894359347696345,
    -0.04638655531422863,
    -0.020709257739025773
  ],
  "interaction_weights": {
    "3,4": 0.18879512126947964,
    "0,1": 0.20641166212815554
  },
  "population_mean": 0.0,
  "population_std": 0.3,
  "individual_std": 0.09,
  "interaction_scale": 0.25,
  "bias": -7.645599184445164,
  "noise_std": 0.0,
  "likert_levels": 5,
  "likert_sensitivity": 2.0,
  "overall_response_distribution": {
    "5": 1505,
    "4": 40,
    "3": 75
  },
  "seed": 99
}