{
  "global": [
    [
      -0.042707652810584446,
      0.6171665212744484,
      0.08497858233181026,
      0.39894359347696345,
      -0.04638655531422863,
      -0.020709257739025773
    ]
  ],
  "interactions": {
    "0,1": 0.20641166212815554,
    "3,4": 0.18879512126947964
  },
  "bias": -7.645599184445164
}