{
  "global": [
    [
      -0.042707652810584446,
      0.6171665212744484,
      0.08497858233181026,
      0.39894359347696345,
      -0.04638655531422863,
      -0.020709257739025773
    ]
  ],
  "interactions": {
    "3,4": 0.12,
    "0,1": -0.02
  },
  "bias": -3.9579350475053947,
  "method": "interaction_as_features_v3"
}