{
  "model_type": "linear",
  "weights": [
    -0.042707652810584446,
    0.6171665212744484,
    0.08497858233181026,
    0.39894359347696345,
    -0.04638655531422863,
    -0.020709257739025773
  ],
  "interaction_weights": {
    "3,4": 0.18879512126947964,
    "0,1": 0.20641166212815554
  },
  "bias": -7.645599184445164,
  "noise_std": 0.0,
  "likert_levels": 5,
  "likert_sensitivity": 2.0,
  "seed": 102
}