{
  "num_features": 6,
  "weights": [
    0.5848758398705177,
    1.2311957404405667,
    0.8219002640011869,
    -0.7992283571964519,
    0.4120532303690669,
    -0.17615661421495807
  ],
  "bias": 0.0,
  "noise_std": 0.2,
  "interaction_terms": {
    "x4*x5": -0.029268787854539742,
    "x1*x2": -0.2262665557729005,
    "x2*x4": -0.03738609711600184
  },
  "interaction_scale": 0.4,
  "likert_levels": 5,
  "likert_sensitivity": 1.0,
  "model_equation": "likert_5(0.585*x1 + 1.231*x2 + 0.822*x3 + -0.799*x4 + 0.412*x5 + -0.176*x6 + -0.029*x4*x5 + -0.226*x1*x2 + -0.037*x2*x4 + 0.000 + N(0,0.200))"
}