{
  "num_features": 6,
  "weights": [
    -0.7506147172558728,
    1.3163573247118194,
    1.2461400286434303,
    -1.6049157412585944,
    -1.468143678979905,
    -1.7150704579733684
  ],
  "bias": 0.0,
  "noise_std": 0.2,
  "interaction_terms": {
    "x4*x5": 0.7435134766050218,
    "x1*x2": 0.035035190506321395,
    "x2*x4": -0.020928878569893655
  },
  "interaction_scale": 0.4,
  "likert_levels": 5,
  "likert_sensitivity": 1.0,
  "model_equation": "likert_5(-0.751*x1 + 1.316*x2 + 1.246*x3 + -1.605*x4 + -1.468*x5 + -1.715*x6 + 0.744*x4*x5 + 0.035*x1*x2 + -0.021*x2*x4 + 0.000 + N(0,0.200))"
}