{
  "num_features": 6,
  "weights": [
    0.25739992534469336,
    -0.9084814327806611,
    -0.37850310605882326,
    -0.5349155987755707,
    0.8580733460716252,
    -0.41300998231472696
  ],
  "bias": 0.0,
  "noise_std": 0.2,
  "interaction_terms": {
    "x4*x5": 0.19927543379491316,
    "x1*x2": 0.8040796990287943,
    "x2*x4": 0.5051446178070618
  },
  "interaction_scale": 0.4,
  "likert_levels": 5,
  "likert_sensitivity": 1.0,
  "model_equation": "likert_5(0.257*x1 + -0.908*x2 + -0.379*x3 + -0.535*x4 + 0.858*x5 + -0.413*x6 + 0.199*x4*x5 + 0.804*x1*x2 + 0.505*x2*x4 + 0.000 + N(0,0.200))"
}