{
  "num_features": 6,
  "weights": [
    0.026374772849561846,
    0.26032170142265076,
    -0.395145541517793,
    -0.20430090503826184,
    -1.2716326547194026,
    -2.596878630257014
  ],
  "bias": 0.0,
  "noise_std": 0.2,
  "interaction_terms": {
    "x4*x5": 0.11587236474021859,
    "x1*x2": -0.34932185752489087,
    "x2*x4": 0.1576290626245131
  },
  "interaction_scale": 0.4,
  "likert_levels": 5,
  "likert_sensitivity": 1.0,
  "model_equation": "likert_5(0.026*x1 + 0.260*x2 + -0.395*x3 + -0.204*x4 + -1.272*x5 + -2.597*x6 + 0.116*x4*x5 + -0.349*x1*x2 + 0.158*x2*x4 + 0.000 + N(0,0.200))"
}