{
  "population_params": {
    "weights": [
      0.12417853825280817,
      -0.034566075292796164,
      0.16192213452517312,
      0.38075746410200634,
      -0.05853834368083399,
      -0.05853423923729514
    ],
    "bias": -0.2180826867660168,
    "interactions": {
      "3,4": 0.12,
      "0,1": -0.02
    }
  },
  "individual_std": 0.1,
  "base_seed": 100,
  "n_subjects": 10,
  "subjects": [
    {
      "subject_id": 1,
      "seed": 100,
      "population_weights": [
        0.12417853825280817,
        -0.034566075292796164,
        0.16192213452517312,
        0.38075746410200634,
        -0.05853834368083399,
        -0.05853423923729514
      ],
      "individual_deviation": [
        -0.17497654730546974,
        0.034268040332750216,
        0.1153035802563644,
        -0.025243603652138985,
        0.09813207869512316,
        0.05142188413943821
      ],
      "subject_weights": [
        -0.050798009052661575,
        -0.0002980349600459481,
        0.2772257147815375,
        0.3555138604498673,
        0.03959373501428917,
        -0.007112355097856925
      ],
      "bias": -0.2180826867660168,
      "interaction_weights": {
        "3,4": 0.12,
        "0,1": -0.02
      },
      "likert_levels": 5,
      "likert_sensitivity": 2.0
    },
    {
      "subject_id": 2,
      "seed": 101,
      "population_weights": [
        0.12417853825280817,
        -0.034566075292796164,
        0.16192213452517312,
        0.38075746410200634,
        -0.05853834368083399,
        -0.05853423923729514
      ],
      "individual_deviation": [
        0.2706849839399938,
        0.06281327087844596,
        0.09079694464765431,
        0.050382575382239364,
        0.06511179479432687,
        -0.031931804459303326
      ],
      "subject_weights": [
        0.39486352219280196,
        0.028247195585649795,
        0.25271907917282743,
        0.43114003948424573,
        0.006573451113492876,
        -0.09046604369659847
      ],
      "bias": -0.2180826867660168,
      "interaction_weights": {
        "3,4": 0.12,
        "0,1": -0.02
      },
      "likert_levels": 5,
      "likert_sensitivity": 2.0
    },
    {
      "subject_id": 3,
      "seed": 102,
      "population_weights": [
        0.12417853825280817,
        -0.034566075292796164,
        0.16192213452517312,
        0.38075746410200634,
        -0.05853834368083399,
        -0.05853423923729514
      ],
      "individual_deviation": [
        0.1668068295330041,
        0.09258618159721244,
        0.10579967745230211,
        -0.09203390137491349,
        0.1299748465698081,
        0.033118301243782046
      ],
      "subject_weights": [
        0.2909853677858123,
        0.05802010630441627,
        0.26772181197747524,
        0.2887235627270929,
        0.0714365028889741,
        -0.02541593799351309
      ],
      "bias": -0.2180826867660168,
      "interaction_weights": {
        "3,4": 0.12,
        "0,1": -0.02
      },
      "likert_levels": 5,
      "likert_sensitivity": 2.0
    },
    {
      "subject_id": 4,
      "seed": 103,
      "population_weights": [
        0.12417853825280817,
        -0.034566075292796164,
        0.16192213452517312,
        0.38075746410200634,
        -0.05853834368083399,
        -0.05853423923729514
      ],
      "individual_deviation": [
        -0.12492783503991578,
        -0.02603314136513827,
        0.03837933001329509,
        -0.03854614735700943,
        -0.10851367294787269,
        0.23272190172933405
      ],
      "subject_weights": [
        -0.0007492967871076117,
        -0.060599216657934434,
        0.2003014645384682,
        0.3422113167449969,
        -0.16705201662870667,
        0.1741876624920389
      ],
      "bias": -0.2180826867660168,
      "interaction_weights": {
        "3,4": 0.12,
        "0,1": -0.02
      },
      "likert_levels": 5,
      "likert_sensitivity": 2.0
    },
    {
      "subject_id": 5,
      "seed": 104,
      "population_weights": [
        0.12417853825280817,
        -0.034566075292796164,
        0.16192213452517312,
        0.38075746410200634,
        -0.05853834368083399,
        -0.05853423923729514
      ],
      "individual_deviation": [
        -0.04182132313135174,
        -0.05419336141821383,
        -0.06079098979470202,
        0.09275666276073785,
        0.05624120545860263,
        -0.06495335705919901
      ],
      "subject_weights": [
        0.08235721512145643,
        -0.08875943671101,
        0.1011311447304711,
        0.4735141268627442,
        -0.0022971382222313624,
        -0.12348759629649414
      ],
      "bias": -0.2180826867660168,
      "interaction_weights": {
        "3,4": 0.12,
        "0,1": -0.02
      },
      "likert_levels": 5,
      "likert_sensitivity": 2.0
    },
    {
      "subject_id": 6,
      "seed": 105,
      "population_weights": [
        0.12417853825280817,
        -0.034566075292796164,
        0.16192213452517312,
        0.38075746410200634,
        -0.05853834368083399,
        -0.05853423923729514
      ],
      "individual_deviation": [
        -0.024532566703839735,
        -0.0613352194218477,
        -0.07267678754052859,
        0.005936607808851746,
        0.10055802298305239,
        -0.012813963165684278
      ],
      "subject_weights": [
        0.09964597154896843,
        -0.09590129471464387,
        0.08924534698464454,
        0.3866940719108581,
        0.04201967930221839,
        -0.07134820240297941
      ],
      "bias": -0.2180826867660168,
      "interaction_weights": {
        "3,4": 0.12,
        "0,1": -0.02
      },
      "likert_levels": 5,
      "likert_sensitivity": 2.0
    },
    {
      "subject_id": 7,
      "seed": 106,
      "population_weights": [
        0.12417853825280817,
        -0.034566075292796164,
        0.16192213452517312,
        0.38075746410200634,
        -0.05853834368083399,
        -0.05853423923729514
      ],
      "individual_deviation": [
        0.2164934937442029,
        -0.09906517509163337,
        0.04512543447604808,
        0.06652501219357453,
        -0.117361519269292,
        -0.06020376522789524
      ],
      "subject_weights": [
        0.34067203199701107,
        -0.13363125038442952,
        0.2070475690012212,
        0.4472824762955809,
        -0.175899862950126,
        -0.11873800446519037
      ],
      "bias": -0.2180826867660168,
      "interaction_weights": {
        "3,4": 0.12,
        "0,1": -0.02
      },
      "likert_levels": 5,
      "likert_sensitivity": 2.0
    },
    {
      "subject_id": 8,
      "seed": 107,
      "population_weights": [
        0.12417853825280817,
        -0.034566075292796164,
        0.16192213452517312,
        0.38075746410200634,
        -0.05853834368083399,
        -0.05853423923729514
      ],
      "individual_deviation": [
        0.04939919387087027,
        -0.06539777731221168,
        -0.1474977608281158,
        0.034038658248161185,
        -0.0943639357249043,
        -0.043104416099171
      ],
      "subject_weights": [
        0.17357773212367844,
        -0.09996385260500784,
        0.014424373697057319,
        0.4147961223501675,
        -0.1529022794057383,
        -0.10163865533646613
      ],
      "bias": -0.2180826867660168,
      "interaction_weights": {
        "3,4": 0.12,
        "0,1": -0.02
      },
      "likert_levels": 5,
      "likert_sensitivity": 2.0
    },
    {
      "subject_id": 9,
      "seed": 108,
      "population_weights": [
        0.12417853825280817,
        -0.034566075292796164,
        0.16192213452517312,
        0.38075746410200634,
        -0.05853834368083399,
        -0.05853423923729514
      ],
      "individual_deviation": [
        -0.10269045117990867,
        0.022174942634825626,
        0.11303901119024483,
        0.114618521825469,
        -0.05927342881842606,
        0.011878402998609643
      ],